﻿<?xml version="1.0" encoding="utf-8"?>
<FragilityCurve FileVersion="2.0">
  <UniqueID>e93ad7fb-f5f5-4d5b-b3f1-3e1307a48c00</UniqueID>
  <ID>B1052.004</ID>
  <Description>Costing for each 225 ft^2 Wall Panel</Description>
  <BasicUnit>Each</BasicUnit>
  <Name>Special reinforced masonry walls with fully grouted cells, 8" to 12" thick, flexure dominated greater than 12' tall</Name>
  <Author>Benson Shing</Author>
  <Correlation>0</Correlation>
  <Directional>true</Directional>
  <EDPType>
    <Dimension>NumLevels</Dimension>
    <TypeName>Story Drift Ratio</TypeName>
    <DefaultUnits>Radian</DefaultUnits>
    <UserDefined>false</UserDefined>
  </EDPType>
  <Ratings>
    <DataQuality>NA</DataQuality>
    <DataRelevance>Marginal</DataRelevance>
    <Documentation>Average</Documentation>
    <Rationality>Superior</Rationality>
  </Ratings>
  <Official>true</Official>
  <DateCreated>2012-10-12T16:47:52.0155683-07:00</DateCreated>
  <Approved>true</Approved>
  <Incomplete>false</Incomplete>
  <Notes>None</Notes>
  <UseEDPValueOfFloorAbove>false</UseEDPValueOfFloorAbove>
  <DamageStates>
    <DSGroupType>Sequential</DSGroupType>
    <DamageState>
      <Name></Name>
      <Description>A few flexural and shear cracks with hardly noticeable residual crack widths.  Slight yielding of extreme vertical reinforcement.  No spalling.  No fracture or buckling of vertical reinforcement.  No structurally significant damage. </Description>
      <DamageImageName></DamageImageName>
      <ConsequenceGroup>
        <RepairMeasures>Cosmetic repair.  Patch cracks and paint each side. </RepairMeasures>
        <TagState>0</TagState>
        <UseCasualty>false</UseCasualty>
        <LongLeadFlag>false</LongLeadFlag>
        <AffectedFloorArea />
        <AffectedDeathRate>0</AffectedDeathRate>
        <AffectedInjuryRate>0</AffectedInjuryRate>
        <AffectedDeathRateBeta>0</AffectedDeathRateBeta>
        <AffectedInjuryRateBeta>0</AffectedInjuryRateBeta>
        <RedTagMedian>0</RedTagMedian>
        <RedTagBeta>0</RedTagBeta>
        <CostConsequence>
          <LowerQuantity>6</LowerQuantity>
          <MaxAmount>1620</MaxAmount>
          <UpperQuantity>20</UpperQuantity>
          <MinAmount>1080</MinAmount>
          <Uncertainty>0.3584</Uncertainty>
          <CurveType>LogNormal</CurveType>
        </CostConsequence>
        <TimeConsequence>
          <LowerQuantity>6</LowerQuantity>
          <MaxAmount>5.2306</MaxAmount>
          <UpperQuantity>20</UpperQuantity>
          <MinAmount>3.7694</MinAmount>
          <Uncertainty>0.3902</Uncertainty>
          <CurveType>Normal</CurveType>
        </TimeConsequence>
      </ConsequenceGroup>
      <Median>0.0031</Median>
      <Beta>0.47</Beta>
    </DamageState>
    <DamageState>
      <Name></Name>
      <Description>Numerous flexural and diagonal cracks with residual crack widths less than 1/64 in.  Mild toe crushing with vertical cracks or light spalling at wall toes.  No fracture or buckling of reinforcement.  Small residual deformation. </Description>
      <DamageImageName>B1051.003-DS2-1.JPG</DamageImageName>
      <ConsequenceGroup>
        <RepairMeasures>Epoxy injection to repair cracks.  Remove loose masonry.  Patch spalls with non-shrink grout.  Paint each side. </RepairMeasures>
        <TagState>0</TagState>
        <UseCasualty>false</UseCasualty>
        <LongLeadFlag>false</LongLeadFlag>
        <AffectedFloorArea />
        <AffectedDeathRate>0</AffectedDeathRate>
        <AffectedInjuryRate>0</AffectedInjuryRate>
        <AffectedDeathRateBeta>0</AffectedDeathRateBeta>
        <AffectedInjuryRateBeta>0</AffectedInjuryRateBeta>
        <RedTagMedian>0</RedTagMedian>
        <RedTagBeta>0</RedTagBeta>
        <CostConsequence>
          <LowerQuantity>6</LowerQuantity>
          <MaxAmount>9165</MaxAmount>
          <UpperQuantity>20</UpperQuantity>
          <MinAmount>6110</MinAmount>
          <Uncertainty>0.0867</Uncertainty>
          <CurveType>LogNormal</CurveType>
        </CostConsequence>
        <TimeConsequence>
          <LowerQuantity>6</LowerQuantity>
          <MaxAmount>24.3832</MaxAmount>
          <UpperQuantity>20</UpperQuantity>
          <MinAmount>16.1168</MinAmount>
          <Uncertainty>0.0867</Uncertainty>
          <CurveType>Normal</CurveType>
        </TimeConsequence>
      </ConsequenceGroup>
      <Median>0.009</Median>
      <Beta>0.4</Beta>
    </DamageState>
    <DamageState>
      <Name></Name>
      <Description>Severe flexural cracks with residual crack widths greater than 1/32 in.  Severe toe crushing and spalling.  Fracture or buckling of vertical reinforcement.  Significant residual deformation.</Description>
      <DamageImageName>B1051.003-DS3-1.JPG</DamageImageName>
      <ConsequenceGroup>
        <RepairMeasures> Shore. - Demolish existing wall. - Construct new wall.</RepairMeasures>
        <TagState>Red</TagState>
        <UseCasualty>false</UseCasualty>
        <LongLeadFlag>false</LongLeadFlag>
        <AffectedFloorArea />
        <AffectedDeathRate>0</AffectedDeathRate>
        <AffectedInjuryRate>0</AffectedInjuryRate>
        <AffectedDeathRateBeta>0</AffectedDeathRateBeta>
        <AffectedInjuryRateBeta>0</AffectedInjuryRateBeta>
        <RedTagMedian>0.25</RedTagMedian>
        <RedTagBeta>0.5</RedTagBeta>
        <CostConsequence>
          <LowerQuantity>6</LowerQuantity>
          <MaxAmount>19500</MaxAmount>
          <UpperQuantity>20</UpperQuantity>
          <MinAmount>13000</MinAmount>
          <Uncertainty>0.1222</Uncertainty>
          <CurveType>Normal</CurveType>
        </CostConsequence>
        <TimeConsequence>
          <LowerQuantity>6</LowerQuantity>
          <MaxAmount>53.7941</MaxAmount>
          <UpperQuantity>20</UpperQuantity>
          <MinAmount>36.2059</MinAmount>
          <Uncertainty>0.1254</Uncertainty>
          <CurveType>Normal</CurveType>
        </TimeConsequence>
      </ConsequenceGroup>
      <Median>0.0151</Median>
      <Beta>0.32</Beta>
    </DamageState>
  </DamageStates>
</FragilityCurve>