﻿<?xml version="1.0" encoding="utf-8"?>
<FragilityCurve FileVersion="2.0">
  <UniqueID>4713574a-5c0f-4a87-bf67-b811407841c1</UniqueID>
  <ID>B1061.011b</ID>
  <Description>Costing for each 100 ft^2 Wall Panel.   Assumed framing:  33 mil cold formed steel framing with 4.5 inch x 33 mil flat strap X-bracing on one side.  Straps attached to gussets with No. 8 screws.</Description>
  <BasicUnit>Each</BasicUnit>
  <Name>Cold formed steel walls with flat strap X-bracing, exterior - stucco one side</Name>
  <Author>Not Given</Author>
  <Correlation>0</Correlation>
  <Directional>true</Directional>
  <EDPType>
    <Dimension>NumLevels</Dimension>
    <TypeName>Story Drift Ratio</TypeName>
    <DefaultUnits>Radian</DefaultUnits>
    <UserDefined>false</UserDefined>
  </EDPType>
  <Ratings>
    <DataQuality>Average</DataQuality>
    <DataRelevance>Superior</DataRelevance>
    <Documentation>Average</Documentation>
    <Rationality>Superior</Rationality>
  </Ratings>
  <Official>true</Official>
  <DateCreated>2012-10-12T16:47:52.5245683-07:00</DateCreated>
  <Approved>true</Approved>
  <Incomplete>false</Incomplete>
  <Notes>None</Notes>
  <UseEDPValueOfFloorAbove>false</UseEDPValueOfFloorAbove>
  <DamageStates>
    <DSGroupType>Sequential</DSGroupType>
    <DamageState>
      <Name></Name>
      <Description>Local buckling of chord studs.</Description>
      <DamageImageName>B1061.011-DS1-1.JPG</DamageImageName>
      <ConsequenceGroup>
        <RepairMeasures>Remove damaged wall, ceilings, X bracing as necissary, mechanical, electrical, and office furnature / equipment.  Temporarly protect floor and provide dust curtains.  Modify mechanical and electrical as required for repair work.  Replace gypsum wall board, stucco, metal stud framing as needed, reinstall X bracing as required, tape and sand, repaint.  </RepairMeasures>
        <TagState>Red</TagState>
        <UseCasualty>false</UseCasualty>
        <LongLeadFlag>false</LongLeadFlag>
        <AffectedFloorArea />
        <AffectedDeathRate>0</AffectedDeathRate>
        <AffectedInjuryRate>0</AffectedInjuryRate>
        <AffectedDeathRateBeta>0</AffectedDeathRateBeta>
        <AffectedInjuryRateBeta>0</AffectedInjuryRateBeta>
        <RedTagMedian>0.2</RedTagMedian>
        <RedTagBeta>0.5</RedTagBeta>
        <CostConsequence>
          <LowerQuantity>2</LowerQuantity>
          <MaxAmount>3965</MaxAmount>
          <UpperQuantity>30</UpperQuantity>
          <MinAmount>2140</MinAmount>
          <Uncertainty>0.32</Uncertainty>
          <CurveType>LogNormal</CurveType>
        </CostConsequence>
        <TimeConsequence>
          <LowerQuantity>2</LowerQuantity>
          <MaxAmount>10.4</MaxAmount>
          <UpperQuantity>30</UpperQuantity>
          <MinAmount>5.6</MinAmount>
          <Uncertainty>0.281</Uncertainty>
          <CurveType>LogNormal</CurveType>
        </TimeConsequence>
      </ConsequenceGroup>
      <Median>1.39</Median>
      <Beta>0.25</Beta>
    </DamageState>
    <DamageState>
      <Name></Name>
      <Description>Failure of many framing members and collapse.</Description>
      <DamageImageName>B1061.011-DS2-1.JPG</DamageImageName>
      <ConsequenceGroup>
        <RepairMeasures>Remove damaged wall, ceilings, X bracing as necissary, mechanical, electrical, and office furnature / equipment.  Temporarly protect floor and provide dust curtains.  Modify mechanical and electrical as required for repair work.  Replace gypsum wall board, stucco, boundary elements, metal stud framing, install X bracing, tape and sand, repaint.  </RepairMeasures>
        <TagState>Red</TagState>
        <UseCasualty>false</UseCasualty>
        <LongLeadFlag>false</LongLeadFlag>
        <AffectedFloorArea />
        <AffectedDeathRate>0</AffectedDeathRate>
        <AffectedInjuryRate>0</AffectedInjuryRate>
        <AffectedDeathRateBeta>0</AffectedDeathRateBeta>
        <AffectedInjuryRateBeta>0</AffectedInjuryRateBeta>
        <RedTagMedian>0.1</RedTagMedian>
        <RedTagBeta>0.5</RedTagBeta>
        <CostConsequence>
          <LowerQuantity>2</LowerQuantity>
          <MaxAmount>4980</MaxAmount>
          <UpperQuantity>30</UpperQuantity>
          <MinAmount>3110</MinAmount>
          <Uncertainty>0.339</Uncertainty>
          <CurveType>Normal</CurveType>
        </CostConsequence>
        <TimeConsequence>
          <LowerQuantity>2</LowerQuantity>
          <MaxAmount>13.18</MaxAmount>
          <UpperQuantity>30</UpperQuantity>
          <MinAmount>8.27</MinAmount>
          <Uncertainty>0.355</Uncertainty>
          <CurveType>Normal</CurveType>
        </TimeConsequence>
      </ConsequenceGroup>
      <Median>1.79</Median>
      <Beta>0.25</Beta>
    </DamageState>
  </DamageStates>
</FragilityCurve>