﻿<?xml version="1.0" encoding="utf-8"?>
<FragilityCurve FileVersion="2.0">
  <UniqueID>24264e98-3272-4489-bf5e-473cb1a62ebe</UniqueID>
  <ID>B1071.021</ID>
  <Description>Costing for each 100 ft^2 Wall Panel.   Assumed framing:   1 SIDE: 3/8" OSB or 15/32 ply with 8d box nails at 4 to 6 inches along panel edges and 12 inches field nailing. DF #2, 2x4@16 studs. 1 SIDE: 1/2 gypsum board. Panel 8 feet tall, 8 or 16 feet long with or without door and window openings, double top plate, single bottom plate, with hold-downs. </Description>
  <BasicUnit>Each</BasicUnit>
  <Name>Light framed wood walls with structural panel sheathing, gypsum wallboard and hold-downs</Name>
  <Author>Andre Filiatrault</Author>
  <Correlation>0</Correlation>
  <Directional>true</Directional>
  <EDPType>
    <Dimension>NumLevels</Dimension>
    <TypeName>Story Drift Ratio</TypeName>
    <DefaultUnits>Radian</DefaultUnits>
    <UserDefined>false</UserDefined>
  </EDPType>
  <Ratings>
    <DataQuality>Superior</DataQuality>
    <DataRelevance>Superior</DataRelevance>
    <Documentation>Superior</Documentation>
    <Rationality>Superior</Rationality>
  </Ratings>
  <Official>true</Official>
  <DateCreated>2012-10-12T16:47:52.9375683-07:00</DateCreated>
  <Approved>true</Approved>
  <Incomplete>false</Incomplete>
  <Notes>None
Import errors:
 Warning: B1071.021: B1071.021: DS1 overlaps DS2 in the range of 0.0524 to 0.1476 - Make sure damage states are minimally overlapping
</Notes>
  <UseEDPValueOfFloorAbove>false</UseEDPValueOfFloorAbove>
  <DamageStates>
    <DSGroupType>Sequential</DSGroupType>
    <DamageState>
      <Name></Name>
      <Description>Slight separation of sheathing or nails which come loose.</Description>
      <DamageImageName>B1071.001-DS1-1.JPG</DamageImageName>
      <ConsequenceGroup>
        <RepairMeasures>Remove exterior pliable siding, replace loose nails, reinstall siding.</RepairMeasures>
        <TagState>0</TagState>
        <UseCasualty>false</UseCasualty>
        <LongLeadFlag>false</LongLeadFlag>
        <AffectedFloorArea />
        <AffectedDeathRate>0</AffectedDeathRate>
        <AffectedInjuryRate>0</AffectedInjuryRate>
        <AffectedDeathRateBeta>0</AffectedDeathRateBeta>
        <AffectedInjuryRateBeta>0</AffectedInjuryRateBeta>
        <RedTagMedian>0</RedTagMedian>
        <RedTagBeta>0</RedTagBeta>
        <CostConsequence>
          <LowerQuantity>9</LowerQuantity>
          <MaxAmount>980</MaxAmount>
          <UpperQuantity>30</UpperQuantity>
          <MinAmount>653.3333</MinAmount>
          <Uncertainty>0.1879</Uncertainty>
          <CurveType>Normal</CurveType>
        </CostConsequence>
        <TimeConsequence>
          <LowerQuantity>9</LowerQuantity>
          <MaxAmount>2.4163</MaxAmount>
          <UpperQuantity>30</UpperQuantity>
          <MinAmount>1.5837</MinAmount>
          <Uncertainty>0.2341</Uncertainty>
          <CurveType>Normal</CurveType>
        </TimeConsequence>
      </ConsequenceGroup>
      <Median>0.015</Median>
      <Beta>0.4</Beta>
    </DamageState>
    <DamageState>
      <Name></Name>
      <Description>Permanent rotation of sheathing, tear out of nails or sheathing.</Description>
      <DamageImageName>B1071.001-DS2-1.JPG</DamageImageName>
      <ConsequenceGroup>
        <RepairMeasures>Remove exterior pliable siding, remove wood sheathing, install new sheathing, reinstall siding.</RepairMeasures>
        <TagState>Red</TagState>
        <UseCasualty>false</UseCasualty>
        <LongLeadFlag>false</LongLeadFlag>
        <AffectedFloorArea />
        <AffectedDeathRate>0</AffectedDeathRate>
        <AffectedInjuryRate>0</AffectedInjuryRate>
        <AffectedDeathRateBeta>0</AffectedDeathRateBeta>
        <AffectedInjuryRateBeta>0</AffectedInjuryRateBeta>
        <RedTagMedian>0.5</RedTagMedian>
        <RedTagBeta>0.5</RedTagBeta>
        <CostConsequence>
          <LowerQuantity>9</LowerQuantity>
          <MaxAmount>1580</MaxAmount>
          <UpperQuantity>30</UpperQuantity>
          <MinAmount>1053.3333</MinAmount>
          <Uncertainty>0.2331</Uncertainty>
          <CurveType>Normal</CurveType>
        </CostConsequence>
        <TimeConsequence>
          <LowerQuantity>9</LowerQuantity>
          <MaxAmount>3.6712</MaxAmount>
          <UpperQuantity>30</UpperQuantity>
          <MinAmount>2.3288</MinAmount>
          <Uncertainty>0.2601</Uncertainty>
          <CurveType>Normal</CurveType>
        </TimeConsequence>
      </ConsequenceGroup>
      <Median>0.0262</Median>
      <Beta>0.19</Beta>
    </DamageState>
    <DamageState>
      <Name></Name>
      <Description>Fracture of studs, major sill plate cracking.</Description>
      <DamageImageName>B1071.001-DS3-1.JPG</DamageImageName>
      <ConsequenceGroup>
        <RepairMeasures>Remove and replace siding, sheathing, studs and plates. Provide shoring as required. </RepairMeasures>
        <TagState>Red</TagState>
        <UseCasualty>false</UseCasualty>
        <LongLeadFlag>false</LongLeadFlag>
        <AffectedFloorArea />
        <AffectedDeathRate>0</AffectedDeathRate>
        <AffectedInjuryRate>0</AffectedInjuryRate>
        <AffectedDeathRateBeta>0</AffectedDeathRateBeta>
        <AffectedInjuryRateBeta>0</AffectedInjuryRateBeta>
        <RedTagMedian>0.25</RedTagMedian>
        <RedTagBeta>0.5</RedTagBeta>
        <CostConsequence>
          <LowerQuantity>9</LowerQuantity>
          <MaxAmount>6180</MaxAmount>
          <UpperQuantity>30</UpperQuantity>
          <MinAmount>4120</MinAmount>
          <Uncertainty>0.0826</Uncertainty>
          <CurveType>LogNormal</CurveType>
        </CostConsequence>
        <TimeConsequence>
          <LowerQuantity>9</LowerQuantity>
          <MaxAmount>15.6255</MaxAmount>
          <UpperQuantity>30</UpperQuantity>
          <MinAmount>10.3745</MinAmount>
          <Uncertainty>0.0867</Uncertainty>
          <CurveType>LogNormal</CurveType>
        </TimeConsequence>
      </ConsequenceGroup>
      <Median>0.0369</Median>
      <Beta>0.2</Beta>
    </DamageState>
  </DamageStates>
</FragilityCurve>