﻿<?xml version="1.0" encoding="utf-8"?>
<FragilityCurve FileVersion="2.0">
  <UniqueID>53c7bc82-0a3c-43ad-9c20-abb37c055e4d</UniqueID>
  <ID>B1071.041</ID>
  <Description>Costing based upon 13'x100' Panels</Description>
  <BasicUnit>Each</BasicUnit>
  <Name>Exterior Wall - Type: Gypsum with wood studs, Full Height, Fixed Below, Fixed Above</Name>
  <Author>Not Given</Author>
  <Correlation>0</Correlation>
  <Directional>true</Directional>
  <EDPType>
    <Dimension>NumLevels</Dimension>
    <TypeName>Story Drift Ratio</TypeName>
    <DefaultUnits>Radian</DefaultUnits>
    <UserDefined>false</UserDefined>
  </EDPType>
  <Ratings>
    <DataQuality>Superior</DataQuality>
    <DataRelevance>Superior</DataRelevance>
    <Documentation>Superior</Documentation>
    <Rationality>NA</Rationality>
  </Ratings>
  <Official>true</Official>
  <DateCreated>2012-10-12T16:47:53.0655683-07:00</DateCreated>
  <Approved>true</Approved>
  <Incomplete>false</Incomplete>
  <Notes>Copy of C1011.011a for use as an exterior wall.</Notes>
  <UseEDPValueOfFloorAbove>false</UseEDPValueOfFloorAbove>
  <DamageStates>
    <DSGroupType>Sequential</DSGroupType>
    <DamageState>
      <Name></Name>
      <Description>Screws pop-out, minor cracking of wall board, warping or cracking of tape.</Description>
      <DamageImageName></DamageImageName>
      <ConsequenceGroup>
        <RepairMeasures>Retape joints, paste and repaint both sides of  full 100 foot length of wall board.</RepairMeasures>
        <TagState>0</TagState>
        <UseCasualty>false</UseCasualty>
        <LongLeadFlag>false</LongLeadFlag>
        <AffectedFloorArea />
        <AffectedDeathRate>0</AffectedDeathRate>
        <AffectedInjuryRate>0</AffectedInjuryRate>
        <AffectedDeathRateBeta>0</AffectedDeathRateBeta>
        <AffectedInjuryRateBeta>0</AffectedInjuryRateBeta>
        <RedTagMedian>0</RedTagMedian>
        <RedTagBeta>0</RedTagBeta>
        <CostConsequence>
          <LowerQuantity>1</LowerQuantity>
          <MaxAmount>6490</MaxAmount>
          <UpperQuantity>10</UpperQuantity>
          <MinAmount>5310</MinAmount>
          <Uncertainty>0.3978</Uncertainty>
          <CurveType>Normal</CurveType>
        </CostConsequence>
        <TimeConsequence>
          <LowerQuantity>1</LowerQuantity>
          <MaxAmount>14.7353</MaxAmount>
          <UpperQuantity>10</UpperQuantity>
          <MinAmount>11.2647</MinAmount>
          <Uncertainty>0.7803</Uncertainty>
          <CurveType>Normal</CurveType>
        </TimeConsequence>
      </ConsequenceGroup>
      <Median>0.0021</Median>
      <Beta>0.6</Beta>
    </DamageState>
    <DamageState>
      <Name></Name>
      <Description>Moderate cracking or crushing of gypsum wall boards (typically in corners and in corners of openings).</Description>
      <DamageImageName></DamageImageName>
      <ConsequenceGroup>
        <RepairMeasures>Remove full 100 foot length of wall board (both sides), install new wall board (both sides), tape, paste and repaint.</RepairMeasures>
        <TagState>0</TagState>
        <UseCasualty>false</UseCasualty>
        <LongLeadFlag>false</LongLeadFlag>
        <AffectedFloorArea />
        <AffectedDeathRate>0</AffectedDeathRate>
        <AffectedInjuryRate>0</AffectedInjuryRate>
        <AffectedDeathRateBeta>0</AffectedDeathRateBeta>
        <AffectedInjuryRateBeta>0</AffectedInjuryRateBeta>
        <RedTagMedian>0</RedTagMedian>
        <RedTagBeta>0</RedTagBeta>
        <CostConsequence>
          <LowerQuantity>1</LowerQuantity>
          <MaxAmount>20680</MaxAmount>
          <UpperQuantity>10</UpperQuantity>
          <MinAmount>16920</MinAmount>
          <Uncertainty>0.0969</Uncertainty>
          <CurveType>LogNormal</CurveType>
        </CostConsequence>
        <TimeConsequence>
          <LowerQuantity>1</LowerQuantity>
          <MaxAmount>57.5294</MaxAmount>
          <UpperQuantity>10</UpperQuantity>
          <MinAmount>46.4706</MinAmount>
          <Uncertainty>0.0937</Uncertainty>
          <CurveType>LogNormal</CurveType>
        </TimeConsequence>
      </ConsequenceGroup>
      <Median>0.0071</Median>
      <Beta>0.45</Beta>
    </DamageState>
    <DamageState>
      <Name></Name>
      <Description>Significant cracking and/or crushing of gypsum wall boards- buckling of studs and tearing of tracks.</Description>
      <DamageImageName></DamageImageName>
      <ConsequenceGroup>
        <RepairMeasures>Remove and replace full 100 foot length of metal stud wall, both sides of the gypsum wall board and any embedded utilities, and tape, paste and repaint.</RepairMeasures>
        <TagState>0</TagState>
        <UseCasualty>false</UseCasualty>
        <LongLeadFlag>false</LongLeadFlag>
        <AffectedFloorArea />
        <AffectedDeathRate>0</AffectedDeathRate>
        <AffectedInjuryRate>0</AffectedInjuryRate>
        <AffectedDeathRateBeta>0</AffectedDeathRateBeta>
        <AffectedInjuryRateBeta>0</AffectedInjuryRateBeta>
        <RedTagMedian>0</RedTagMedian>
        <RedTagBeta>0</RedTagBeta>
        <CostConsequence>
          <LowerQuantity>1</LowerQuantity>
          <MaxAmount>32230</MaxAmount>
          <UpperQuantity>10</UpperQuantity>
          <MinAmount>26370</MinAmount>
          <Uncertainty>0.1402</Uncertainty>
          <CurveType>LogNormal</CurveType>
        </CostConsequence>
        <TimeConsequence>
          <LowerQuantity>1</LowerQuantity>
          <MaxAmount>99.6176</MaxAmount>
          <UpperQuantity>10</UpperQuantity>
          <MinAmount>82.3824</MinAmount>
          <Uncertainty>0.1634</Uncertainty>
          <CurveType>LogNormal</CurveType>
        </TimeConsequence>
      </ConsequenceGroup>
      <Median>0.012</Median>
      <Beta>0.45</Beta>
    </DamageState>
  </DamageStates>
</FragilityCurve>