﻿<?xml version="1.0" encoding="utf-8"?>
<FragilityCurve FileVersion="2.0">
  <UniqueID>82a93b3a-4f91-484c-9501-e9bb3730bc52</UniqueID>
  <ID>B2011.131</ID>
  <Description>Costing for each 100 ft^2 Wall Panel.   Assumed framing:  Stud wall framing consists of 2 x 4’s at 16 inches on center with double top plates and single sill plate. Diagonal bracing includes 2 forms. Block-bracing consists of diagonal blocking between studs that extends from the top of one edge of the panel to the bottom of the opposite edge. Diagonal bracing may also consist of let-in bracing for which a 1x or 2x brace (with same inclination as described for block-bracing) is recessed into studs. Walls may be sheathed with horizontal or vertical lumber siding.</Description>
  <BasicUnit>Each</BasicUnit>
  <Name>Exterior Wall - Wood walls with diagonal let-in bracing</Name>
  <Author>Andre Filiatrault</Author>
  <Correlation>0</Correlation>
  <Directional>true</Directional>
  <EDPType>
    <Dimension>NumLevels</Dimension>
    <TypeName>Story Drift Ratio</TypeName>
    <DefaultUnits>Radian</DefaultUnits>
    <UserDefined>false</UserDefined>
  </EDPType>
  <Ratings>
    <DataQuality>Average</DataQuality>
    <DataRelevance>Average</DataRelevance>
    <Documentation>Superior</Documentation>
    <Rationality>Superior</Rationality>
  </Ratings>
  <Official>true</Official>
  <DateCreated>2012-10-12T16:47:53.8045683-07:00</DateCreated>
  <Approved>true</Approved>
  <Incomplete>false</Incomplete>
  <Notes>Copy of B1071.031 for use as an exterior wall.</Notes>
  <UseEDPValueOfFloorAbove>false</UseEDPValueOfFloorAbove>
  <DamageStates>
    <DSGroupType>Sequential</DSGroupType>
    <DamageState>
      <Name></Name>
      <Description>Failure of diagonal bracing.</Description>
      <DamageImageName>B1071.031-DS1-1.JPG</DamageImageName>
      <ConsequenceGroup>
        <RepairMeasures>Remove and replace sheathing studs, plates and bracing and replace with new stud wall construction of plywood, hold-downs, etc. Provide shoring as required.</RepairMeasures>
        <TagState>Red</TagState>
        <UseCasualty>false</UseCasualty>
        <LongLeadFlag>false</LongLeadFlag>
        <AffectedFloorArea />
        <AffectedDeathRate>0</AffectedDeathRate>
        <AffectedInjuryRate>0</AffectedInjuryRate>
        <AffectedDeathRateBeta>0</AffectedDeathRateBeta>
        <AffectedInjuryRateBeta>0</AffectedInjuryRateBeta>
        <RedTagMedian>0.25</RedTagMedian>
        <RedTagBeta>0.5</RedTagBeta>
        <CostConsequence>
          <LowerQuantity>8.64</LowerQuantity>
          <MaxAmount>5690</MaxAmount>
          <UpperQuantity>28.8</UpperQuantity>
          <MinAmount>3793.3333</MinAmount>
          <Uncertainty>0.1053</Uncertainty>
          <CurveType>Normal</CurveType>
        </CostConsequence>
        <TimeConsequence>
          <LowerQuantity>8.64</LowerQuantity>
          <MaxAmount>14.4173</MaxAmount>
          <UpperQuantity>28.8</UpperQuantity>
          <MinAmount>9.5827</MinAmount>
          <Uncertainty>0.1003</Uncertainty>
          <CurveType>Normal</CurveType>
        </TimeConsequence>
      </ConsequenceGroup>
      <Median>0.01</Median>
      <Beta>0.4</Beta>
    </DamageState>
  </DamageStates>
</FragilityCurve>