﻿<?xml version="1.0" encoding="utf-8"?>
<FragilityCurve FileVersion="2.0">
  <UniqueID>7177c33a-ec20-49f7-b0dd-0770dbc67b92</UniqueID>
  <ID>B2011.201a</ID>
  <Description>Costing is based upon 30'x13' panels.</Description>
  <BasicUnit>Each</BasicUnit>
  <Name>Precast Concrete Panels 4.5 inches thick - in plane deformation</Name>
  <Author>By User</Author>
  <Correlation>0</Correlation>
  <Directional>true</Directional>
  <EDPType>
    <Dimension>NumLevels</Dimension>
    <TypeName>Story Drift Ratio</TypeName>
    <DefaultUnits>Radian</DefaultUnits>
    <UserDefined>false</UserDefined>
  </EDPType>
  <Ratings>
    <DataQuality>NA</DataQuality>
    <DataRelevance>NA</DataRelevance>
    <Documentation>NA</Documentation>
    <Rationality>NA</Rationality>
  </Ratings>
  <Official>true</Official>
  <DateCreated>2012-10-12T16:47:53.8695683-07:00</DateCreated>
  <Approved>true</Approved>
  <Incomplete>true</Incomplete>
  <Notes>Determine fragility story drift median demand in accordance with Chapter 7 of Volume 2.
Import errors:
 Warning, Data missing: B2011.201a:DS1: Could not parse median - using 500
Warning, Data missing: B2011.201a:DS1: Could not parse dispersion - using 0.5
</Notes>
  <UseEDPValueOfFloorAbove>false</UseEDPValueOfFloorAbove>
  <DamageStates>
    <DSGroupType>Sequential</DSGroupType>
    <DamageState>
      <Name></Name>
      <Description>Cladding units damaged by impact at corners at at column covers.</Description>
      <DamageImageName></DamageImageName>
      <ConsequenceGroup>
        <RepairMeasures>By User</RepairMeasures>
        <TagState>0</TagState>
        <UseCasualty>false</UseCasualty>
        <LongLeadFlag>false</LongLeadFlag>
        <AffectedFloorArea />
        <AffectedDeathRate>0</AffectedDeathRate>
        <AffectedInjuryRate>0</AffectedInjuryRate>
        <AffectedDeathRateBeta>0</AffectedDeathRateBeta>
        <AffectedInjuryRateBeta>0</AffectedInjuryRateBeta>
        <RedTagMedian>0</RedTagMedian>
        <RedTagBeta>0</RedTagBeta>
        <CostConsequence>
          <LowerQuantity>4</LowerQuantity>
          <MaxAmount>69690.5</MaxAmount>
          <UpperQuantity>40</UpperQuantity>
          <MinAmount>44348.5</MinAmount>
          <Uncertainty>0.1946</Uncertainty>
          <CurveType>Normal</CurveType>
        </CostConsequence>
        <TimeConsequence>
          <LowerQuantity>4</LowerQuantity>
          <MaxAmount>218.7761</MaxAmount>
          <UpperQuantity>40</UpperQuantity>
          <MinAmount>139.2718</MinAmount>
          <Uncertainty>0.1896</Uncertainty>
          <CurveType>Normal</CurveType>
        </TimeConsequence>
      </ConsequenceGroup>
      <Median>500</Median>
      <Beta>0.5</Beta>
    </DamageState>
  </DamageStates>
</FragilityCurve>