﻿<?xml version="1.0" encoding="utf-8"?>
<FragilityCurve FileVersion="2.0">
  <UniqueID>06b02693-43ed-49fe-88b0-f6ec1dbe74c4</UniqueID>
  <ID>B2022.201</ID>
  <Description>None</Description>
  <BasicUnit>Each</BasicUnit>
  <Name>Curtain Walls - Unitized curtain wall (also generic unitized curtain wall), Config: Symmetric insulating glass units (dual-pane, equal-thickness IGU), Lamination: Not laminated, Glass Type: Full tempered, Details: 1-1/4 in. (32 mm) FT IGU [1/4 in. (6 mm) inner and outer panes], 4-sided SSG, VHBTM SGTTM; glass-frame clearance = 0.43 in. (11 mm); aspect ratio = Varies sealant = wet</Name>
  <Author>By User</Author>
  <Correlation>0</Correlation>
  <Directional>true</Directional>
  <EDPType>
    <Dimension>NumLevels</Dimension>
    <TypeName>Story Drift Ratio</TypeName>
    <DefaultUnits>Radian</DefaultUnits>
    <UserDefined>false</UserDefined>
  </EDPType>
  <Ratings>
    <DataQuality>NA</DataQuality>
    <DataRelevance>NA</DataRelevance>
    <Documentation>NA</Documentation>
    <Rationality>NA</Rationality>
  </Ratings>
  <Official>true</Official>
  <DateCreated>2012-10-12T16:47:57.1865683-07:00</DateCreated>
  <Approved>true</Approved>
  <Incomplete>true</Incomplete>
  <Notes>User to provide median demand and dispersion values.  The values listed are default PACT values and do not represent the response of this component.  User to confirm damage state, repair, lead time, and casuatly data.  This component requires user specified cost and time consequence data.  Values within PACT are defaults (equal to zero) and do not represent actual consequence.
Import errors:
 Warning, Data missing: B2022.201:DS1: Could not parse median - using 500
Warning, Data missing: B2022.201:DS1: Could not parse dispersion - using 0.5
Warning, Data missing: B2022.201:DS1:Time: Could not parse CurveType - Assuming Normal
Warning, Data missing: B2022.201:DS1:Time: Could not parse Upper Quantity cost - Assuming 0
Warning, Data missing: B2022.201:DS1:Time: Could not parse Lower Quantity cost - Assuming 0
Warning, Data missing: B2022.201:DS1:Time: Could not parse Dispersion - Assuming 0.5
Warning, Data missing: B2022.201:DS1:Cost: Could not parse CurveType - Assuming Normal
Warning, Data missing: B2022.201:DS1:Cost: Could not parse Upper Quantity cost - Assuming 0
Warning, Data missing: B2022.201:DS1:Cost: Could not parse Lower Quantity cost - Assuming 0
Warning, Data missing: B2022.201:DS1:Cost: Could not parse Dispersion - Assuming 0.5
</Notes>
  <UseEDPValueOfFloorAbove>false</UseEDPValueOfFloorAbove>
  <DamageStates>
    <DSGroupType>Sequential</DSGroupType>
    <DamageState>
      <Name></Name>
      <Description>DATA NOT PROVIDED</Description>
      <DamageImageName></DamageImageName>
      <ConsequenceGroup>
        <RepairMeasures>DATA NOT KNOWN</RepairMeasures>
        <TagState>0</TagState>
        <UseCasualty>false</UseCasualty>
        <LongLeadFlag>false</LongLeadFlag>
        <AffectedFloorArea />
        <AffectedDeathRate>0</AffectedDeathRate>
        <AffectedInjuryRate>0</AffectedInjuryRate>
        <AffectedDeathRateBeta>0</AffectedDeathRateBeta>
        <AffectedInjuryRateBeta>0</AffectedInjuryRateBeta>
        <RedTagMedian>0</RedTagMedian>
        <RedTagBeta>0</RedTagBeta>
        <CostConsequence>
          <LowerQuantity>1</LowerQuantity>
          <MaxAmount>0</MaxAmount>
          <UpperQuantity>1</UpperQuantity>
          <MinAmount>0</MinAmount>
          <Uncertainty>0.5</Uncertainty>
          <CurveType>Normal</CurveType>
        </CostConsequence>
        <TimeConsequence>
          <LowerQuantity>1</LowerQuantity>
          <MaxAmount>0</MaxAmount>
          <UpperQuantity>1</UpperQuantity>
          <MinAmount>0</MinAmount>
          <Uncertainty>0.5</Uncertainty>
          <CurveType>Normal</CurveType>
        </TimeConsequence>
      </ConsequenceGroup>
      <Median>500</Median>
      <Beta>0.5</Beta>
    </DamageState>
  </DamageStates>
</FragilityCurve>