﻿<?xml version="1.0" encoding="utf-8"?>
<FragilityCurve FileVersion="2.0">
  <UniqueID>f244e041-55e6-4994-8eea-166cfbea5cfd</UniqueID>
  <ID>B2022.022</ID>
  <Description>None</Description>
  <BasicUnit>Each</BasicUnit>
  <Name>Midrise stick-built curtain wall, Config: Monolithic, Lamination: Laminated, Glass Type: Annealed, Details: 1/4 in. (6 mm) AN laminated, 2-sided SSG, Center Panel; glass-frame clearance = 0.43 in. (11 mm); aspect ratio = 6:5 sealant = wet</Name>
  <Author>Not Given</Author>
  <Correlation>0</Correlation>
  <Directional>true</Directional>
  <EDPType>
    <Dimension>NumLevels</Dimension>
    <TypeName>Story Drift Ratio</TypeName>
    <DefaultUnits>Radian</DefaultUnits>
    <UserDefined>false</UserDefined>
  </EDPType>
  <Ratings>
    <DataQuality>NA</DataQuality>
    <DataRelevance>NA</DataRelevance>
    <Documentation>NA</Documentation>
    <Rationality>NA</Rationality>
  </Ratings>
  <Official>true</Official>
  <DateCreated>2012-10-12T16:47:54.3265683-07:00</DateCreated>
  <Approved>true</Approved>
  <Incomplete>true</Incomplete>
  <Notes>User to provide median demand and dispersion values.  The values listed are default PACT values and do not represent the response of this component.  This component requires user specified cost and time consequence data.  Values within PACT are defaults (equal to zero) and do not represent actual consequence.
Import errors:
 Warning, Data missing: B2022.022:DS1: Could not parse median - using 500
Warning, Data missing: B2022.022:DS1: Could not parse dispersion - using 0.5
Warning: B2022.022:DS1: Could not parse Unsafe Placard Flag - Assuming no
Warning, Data missing: B2022.022:DS1:Time: Could not parse CurveType - Assuming Normal
Warning, Data missing: B2022.022:DS1:Time: Could not parse Upper Quantity cost - Assuming 0
Warning, Data missing: B2022.022:DS1:Time: Could not parse Lower Quantity cost - Assuming 0
Warning, Data missing: B2022.022:DS1:Time: Could not parse Dispersion - Assuming 0.5
Warning, Data missing: B2022.022:DS1:Cost: Could not parse CurveType - Assuming Normal
Warning, Data missing: B2022.022:DS1:Cost: Could not parse Upper Quantity cost - Assuming 0
Warning, Data missing: B2022.022:DS1:Cost: Could not parse Lower Quantity cost - Assuming 0
Warning, Data missing: B2022.022:DS1:Cost: Could not parse Dispersion - Assuming 0.5
</Notes>
  <UseEDPValueOfFloorAbove>false</UseEDPValueOfFloorAbove>
  <DamageStates>
    <DSGroupType>Sequential</DSGroupType>
    <DamageState>
      <Name></Name>
      <Description>DATA NOT PROVIDED</Description>
      <DamageImageName></DamageImageName>
      <ConsequenceGroup>
        <RepairMeasures>PACT REQD</RepairMeasures>
        <TagState>0</TagState>
        <UseCasualty>false</UseCasualty>
        <LongLeadFlag>false</LongLeadFlag>
        <AffectedFloorArea />
        <AffectedDeathRate>0</AffectedDeathRate>
        <AffectedInjuryRate>0</AffectedInjuryRate>
        <AffectedDeathRateBeta>0</AffectedDeathRateBeta>
        <AffectedInjuryRateBeta>0</AffectedInjuryRateBeta>
        <RedTagMedian>0</RedTagMedian>
        <RedTagBeta>0</RedTagBeta>
        <CostConsequence>
          <LowerQuantity>1</LowerQuantity>
          <MaxAmount>0</MaxAmount>
          <UpperQuantity>1</UpperQuantity>
          <MinAmount>0</MinAmount>
          <Uncertainty>0.5</Uncertainty>
          <CurveType>Normal</CurveType>
        </CostConsequence>
        <TimeConsequence>
          <LowerQuantity>1</LowerQuantity>
          <MaxAmount>0</MaxAmount>
          <UpperQuantity>1</UpperQuantity>
          <MinAmount>0</MinAmount>
          <Uncertainty>0.5</Uncertainty>
          <CurveType>Normal</CurveType>
        </TimeConsequence>
      </ConsequenceGroup>
      <Median>500</Median>
      <Beta>0.5</Beta>
    </DamageState>
  </DamageStates>
</FragilityCurve>