﻿<?xml version="1.0" encoding="utf-8"?>
<FragilityCurve FileVersion="2.0">
  <UniqueID>68ad560d-81eb-4e0a-a0ac-285ac8b511a0</UniqueID>
  <ID>B2023.001</ID>
  <Description>None</Description>
  <BasicUnit>Each</BasicUnit>
  <Name>Generic Storefront, Config: Monolithic, Lamination: Unknown, Glass Type: Unknown, Details: Aspect ratio = 6:5,  Other details Unknown</Name>
  <Author>Not Given</Author>
  <Correlation>0</Correlation>
  <Directional>true</Directional>
  <EDPType>
    <Dimension>NumLevels</Dimension>
    <TypeName>Story Drift Ratio</TypeName>
    <DefaultUnits>Radian</DefaultUnits>
    <UserDefined>false</UserDefined>
  </EDPType>
  <Ratings>
    <DataQuality>Superior</DataQuality>
    <DataRelevance>Average</DataRelevance>
    <Documentation>Superior</Documentation>
    <Rationality>Superior</Rationality>
  </Ratings>
  <Official>true</Official>
  <DateCreated>2012-10-12T16:47:57.3295683-07:00</DateCreated>
  <Approved>true</Approved>
  <Incomplete>true</Incomplete>
  <Notes>None  This component requires user specified cost and time consequence data.  Values within PACT are defaults (equal to zero) and do not represent actual consequence.
Import errors:
 Warning, Data missing: B2023.001:DS1:Time: Could not parse CurveType - Assuming Normal
Warning, Data missing: B2023.001:DS1:Time: Could not parse Upper Quantity cost - Assuming 0
Warning, Data missing: B2023.001:DS1:Time: Could not parse Lower Quantity cost - Assuming 0
Warning, Data missing: B2023.001:DS1:Time: Could not parse Dispersion - Assuming 0.5
Warning, Data missing: B2023.001:DS1:Cost: Could not parse CurveType - Assuming Normal
Warning, Data missing: B2023.001:DS1:Cost: Could not parse Upper Quantity cost - Assuming 0
Warning, Data missing: B2023.001:DS1:Cost: Could not parse Lower Quantity cost - Assuming 0
Warning, Data missing: B2023.001:DS1:Cost: Could not parse Dispersion - Assuming 0.5
Warning, Data missing: B2023.001:DS2:Time: Could not parse CurveType - Assuming Normal
Warning, Data missing: B2023.001:DS2:Time: Could not parse Upper Quantity cost - Assuming 0
Warning, Data missing: B2023.001:DS2:Time: Could not parse Lower Quantity cost - Assuming 0
Warning, Data missing: B2023.001:DS2:Time: Could not parse Dispersion - Assuming 0.5
Warning, Data missing: B2023.001:DS2:Cost: Could not parse CurveType - Assuming Normal
Warning, Data missing: B2023.001:DS2:Cost: Could not parse Upper Quantity cost - Assuming 0
Warning, Data missing: B2023.001:DS2:Cost: Could not parse Lower Quantity cost - Assuming 0
Warning, Data missing: B2023.001:DS2:Cost: Could not parse Dispersion - Assuming 0.5
Warning, Data missing: B2023.001:DS3:Time: Could not parse CurveType - Assuming Normal
Warning, Data missing: B2023.001:DS3:Time: Could not parse Upper Quantity cost - Assuming 0
Warning, Data missing: B2023.001:DS3:Time: Could not parse Lower Quantity cost - Assuming 0
Warning, Data missing: B2023.001:DS3:Time: Could not parse Dispersion - Assuming 0.5
Warning, Data missing: B2023.001:DS3:Cost: Could not parse CurveType - Assuming Normal
Warning, Data missing: B2023.001:DS3:Cost: Could not parse Upper Quantity cost - Assuming 0
Warning, Data missing: B2023.001:DS3:Cost: Could not parse Lower Quantity cost - Assuming 0
Warning, Data missing: B2023.001:DS3:Cost: Could not parse Dispersion - Assuming 0.5
Warning: B2023.001: B2023.001: DS1 overlaps DS2 in the range of 0.0946 to 1.4 - Make sure damage states are minimally overlapping
</Notes>
  <UseEDPValueOfFloorAbove>false</UseEDPValueOfFloorAbove>
  <DamageStates>
    <DSGroupType>Sequential</DSGroupType>
    <DamageState>
      <Name></Name>
      <Description>Gasket seal failure.</Description>
      <DamageImageName>B2022.003-DS1-1.JPG</DamageImageName>
      <ConsequenceGroup>
        <RepairMeasures>Remove glass panel and replace damaged gaskets.  </RepairMeasures>
        <TagState>0</TagState>
        <UseCasualty>false</UseCasualty>
        <LongLeadFlag>false</LongLeadFlag>
        <AffectedFloorArea />
        <AffectedDeathRate>0</AffectedDeathRate>
        <AffectedInjuryRate>0</AffectedInjuryRate>
        <AffectedDeathRateBeta>0</AffectedDeathRateBeta>
        <AffectedInjuryRateBeta>0</AffectedInjuryRateBeta>
        <RedTagMedian>0</RedTagMedian>
        <RedTagBeta>0</RedTagBeta>
        <CostConsequence>
          <LowerQuantity>1</LowerQuantity>
          <MaxAmount>0</MaxAmount>
          <UpperQuantity>1</UpperQuantity>
          <MinAmount>0</MinAmount>
          <Uncertainty>0.5</Uncertainty>
          <CurveType>Normal</CurveType>
        </CostConsequence>
        <TimeConsequence>
          <LowerQuantity>1</LowerQuantity>
          <MaxAmount>0</MaxAmount>
          <UpperQuantity>1</UpperQuantity>
          <MinAmount>0</MinAmount>
          <Uncertainty>0.5</Uncertainty>
          <CurveType>Normal</CurveType>
        </TimeConsequence>
      </ConsequenceGroup>
      <Median>0.029</Median>
      <Beta>0.5</Beta>
    </DamageState>
    <DamageState>
      <Name></Name>
      <Description>Glass cracking.</Description>
      <DamageImageName>B2022.001a-DS1-1.JPG</DamageImageName>
      <ConsequenceGroup>
        <RepairMeasures>Replace cracked glass panel.</RepairMeasures>
        <TagState>0</TagState>
        <UseCasualty>false</UseCasualty>
        <LongLeadFlag>false</LongLeadFlag>
        <AffectedFloorArea />
        <AffectedDeathRate>0</AffectedDeathRate>
        <AffectedInjuryRate>0</AffectedInjuryRate>
        <AffectedDeathRateBeta>0</AffectedDeathRateBeta>
        <AffectedInjuryRateBeta>0</AffectedInjuryRateBeta>
        <RedTagMedian>0</RedTagMedian>
        <RedTagBeta>0</RedTagBeta>
        <CostConsequence>
          <LowerQuantity>1</LowerQuantity>
          <MaxAmount>0</MaxAmount>
          <UpperQuantity>1</UpperQuantity>
          <MinAmount>0</MinAmount>
          <Uncertainty>0.5</Uncertainty>
          <CurveType>Normal</CurveType>
        </CostConsequence>
        <TimeConsequence>
          <LowerQuantity>1</LowerQuantity>
          <MaxAmount>0</MaxAmount>
          <UpperQuantity>1</UpperQuantity>
          <MinAmount>0</MinAmount>
          <Uncertainty>0.5</Uncertainty>
          <CurveType>Normal</CurveType>
        </TimeConsequence>
      </ConsequenceGroup>
      <Median>0.0473</Median>
      <Beta>0.25</Beta>
    </DamageState>
    <DamageState>
      <Name></Name>
      <Description>Glass falls out.</Description>
      <DamageImageName>B2022.001a-DS2-1.JPG</DamageImageName>
      <ConsequenceGroup>
        <RepairMeasures>Replace cracked glass panel; cover exposure in meantime.</RepairMeasures>
        <TagState>Red</TagState>
        <UseCasualty>true</UseCasualty>
        <LongLeadFlag>false</LongLeadFlag>
        <AffectedFloorArea>
          <Area>
            <Unit>Square Foot</Unit>
            <Value>36</Value>
          </Area>
        </AffectedFloorArea>
        <AffectedDeathRate>0</AffectedDeathRate>
        <AffectedInjuryRate>0.25</AffectedInjuryRate>
        <AffectedDeathRateBeta>0</AffectedDeathRateBeta>
        <AffectedInjuryRateBeta>0.5</AffectedInjuryRateBeta>
        <RedTagMedian>0.5</RedTagMedian>
        <RedTagBeta>0.5</RedTagBeta>
        <CostConsequence>
          <LowerQuantity>1</LowerQuantity>
          <MaxAmount>0</MaxAmount>
          <UpperQuantity>1</UpperQuantity>
          <MinAmount>0</MinAmount>
          <Uncertainty>0.5</Uncertainty>
          <CurveType>Normal</CurveType>
        </CostConsequence>
        <TimeConsequence>
          <LowerQuantity>1</LowerQuantity>
          <MaxAmount>0</MaxAmount>
          <UpperQuantity>1</UpperQuantity>
          <MinAmount>0</MinAmount>
          <Uncertainty>0.5</Uncertainty>
          <CurveType>Normal</CurveType>
        </TimeConsequence>
      </ConsequenceGroup>
      <Median>0.7</Median>
      <Beta>0.25</Beta>
    </DamageState>
  </DamageStates>
</FragilityCurve>