﻿<?xml version="1.0" encoding="utf-8"?>
<FragilityCurve FileVersion="2.0">
  <UniqueID>da8d587a-b9ed-493b-9963-13e049958e8f</UniqueID>
  <ID>B2022.101</ID>
  <Description>None</Description>
  <BasicUnit>Each</BasicUnit>
  <Name>Midrise stick-built curtain wall, Config: Symmetric insulating glass units (dual-pane, equal-thickness IGU), Lamination: Not laminated, Glass Type: Heat strengthened, Details: 1 in. (25 mm) HS IGU [1/4 in. (6 mm) inner and outer panes]; glass-frame clearance = 0.43 in. (11 mm); aspect ratio = 6:5 sealant = dry</Name>
  <Author>By User</Author>
  <Correlation>0</Correlation>
  <Directional>true</Directional>
  <EDPType>
    <Dimension>NumLevels</Dimension>
    <TypeName>Story Drift Ratio</TypeName>
    <DefaultUnits>Radian</DefaultUnits>
    <UserDefined>false</UserDefined>
  </EDPType>
  <Ratings>
    <DataQuality>NA</DataQuality>
    <DataRelevance>NA</DataRelevance>
    <Documentation>NA</Documentation>
    <Rationality>NA</Rationality>
  </Ratings>
  <Official>true</Official>
  <DateCreated>2012-10-12T16:47:57.0745683-07:00</DateCreated>
  <Approved>true</Approved>
  <Incomplete>true</Incomplete>
  <Notes>User to provide median demand and dispersion values.  The values listed are default PACT values and do not represent the response of this component.  User to confirm damage state, repair, lead time, and casuatly data.
Import errors:
 Warning, Data missing: B2022.101:DS1: Could not parse median - using 500
Warning, Data missing: B2022.101:DS1: Could not parse dispersion - using 0.5
</Notes>
  <UseEDPValueOfFloorAbove>false</UseEDPValueOfFloorAbove>
  <DamageStates>
    <DSGroupType>Sequential</DSGroupType>
    <DamageState>
      <Name></Name>
      <Description>DATA NOT PROVIDED</Description>
      <DamageImageName></DamageImageName>
      <ConsequenceGroup>
        <RepairMeasures>DATA NOT KNOWN</RepairMeasures>
        <TagState>0</TagState>
        <UseCasualty>false</UseCasualty>
        <LongLeadFlag>false</LongLeadFlag>
        <AffectedFloorArea />
        <AffectedDeathRate>0</AffectedDeathRate>
        <AffectedInjuryRate>0</AffectedInjuryRate>
        <AffectedDeathRateBeta>0</AffectedDeathRateBeta>
        <AffectedInjuryRateBeta>0</AffectedInjuryRateBeta>
        <RedTagMedian>0</RedTagMedian>
        <RedTagBeta>0</RedTagBeta>
        <CostConsequence>
          <LowerQuantity>20</LowerQuantity>
          <MaxAmount>2055</MaxAmount>
          <UpperQuantity>100</UpperQuantity>
          <MinAmount>1096</MinAmount>
          <Uncertainty>0.1668</Uncertainty>
          <CurveType>LogNormal</CurveType>
        </CostConsequence>
        <TimeConsequence>
          <LowerQuantity>20</LowerQuantity>
          <MaxAmount>5.3729</MaxAmount>
          <UpperQuantity>100</UpperQuantity>
          <MinAmount>2.8908</MinAmount>
          <Uncertainty>0.1521</Uncertainty>
          <CurveType>LogNormal</CurveType>
        </TimeConsequence>
      </ConsequenceGroup>
      <Median>500</Median>
      <Beta>0.5</Beta>
    </DamageState>
  </DamageStates>
</FragilityCurve>