﻿<?xml version="1.0" encoding="utf-8"?>
<FragilityCurve FileVersion="2.0">
  <UniqueID>5accc315-9b4c-4bfb-b953-0139c8d210b3</UniqueID>
  <ID>B2022.001</ID>
  <Description>None</Description>
  <BasicUnit>Each</BasicUnit>
  <Name>Curtain Walls - Generic Midrise Stick-Built Curtain wall, Config: Monolithic, Lamination: Unknown, Glass Type: Unknown, Details: Aspect ratio = 6:5,  Other details Unknown</Name>
  <Author>Not Given</Author>
  <Correlation>0</Correlation>
  <Directional>true</Directional>
  <EDPType>
    <Dimension>NumLevels</Dimension>
    <TypeName>Story Drift Ratio</TypeName>
    <DefaultUnits>Radian</DefaultUnits>
    <UserDefined>false</UserDefined>
  </EDPType>
  <Ratings>
    <DataQuality>Superior</DataQuality>
    <DataRelevance>Average</DataRelevance>
    <Documentation>Superior</Documentation>
    <Rationality>Superior</Rationality>
  </Ratings>
  <Official>true</Official>
  <DateCreated>2012-10-12T16:47:54.0485683-07:00</DateCreated>
  <Approved>true</Approved>
  <Incomplete>false</Incomplete>
  <Notes>None</Notes>
  <UseEDPValueOfFloorAbove>false</UseEDPValueOfFloorAbove>
  <DamageStates>
    <DSGroupType>Sequential</DSGroupType>
    <DamageState>
      <Name></Name>
      <Description>Glass cracking.</Description>
      <DamageImageName>B2022.001a-DS1-1.JPG</DamageImageName>
      <ConsequenceGroup>
        <RepairMeasures>Replace cracked glass panel.  </RepairMeasures>
        <TagState>0</TagState>
        <UseCasualty>false</UseCasualty>
        <LongLeadFlag>false</LongLeadFlag>
        <AffectedFloorArea />
        <AffectedDeathRate>0</AffectedDeathRate>
        <AffectedInjuryRate>0</AffectedInjuryRate>
        <AffectedDeathRateBeta>0</AffectedDeathRateBeta>
        <AffectedInjuryRateBeta>0</AffectedInjuryRateBeta>
        <RedTagMedian>0</RedTagMedian>
        <RedTagBeta>0</RedTagBeta>
        <CostConsequence>
          <LowerQuantity>20</LowerQuantity>
          <MaxAmount>2055</MaxAmount>
          <UpperQuantity>100</UpperQuantity>
          <MinAmount>1096</MinAmount>
          <Uncertainty>0.1668</Uncertainty>
          <CurveType>LogNormal</CurveType>
        </CostConsequence>
        <TimeConsequence>
          <LowerQuantity>20</LowerQuantity>
          <MaxAmount>5.3729</MaxAmount>
          <UpperQuantity>100</UpperQuantity>
          <MinAmount>2.8908</MinAmount>
          <Uncertainty>0.1521</Uncertainty>
          <CurveType>LogNormal</CurveType>
        </TimeConsequence>
      </ConsequenceGroup>
      <Median>0.0338</Median>
      <Beta>0.4</Beta>
    </DamageState>
    <DamageState>
      <Name></Name>
      <Description>Glass falls from frame.</Description>
      <DamageImageName>B2022.001a-DS2-1.JPG</DamageImageName>
      <ConsequenceGroup>
        <RepairMeasures>Replace cracked glass panel; cover exposure in meantime.</RepairMeasures>
        <TagState>Red</TagState>
        <UseCasualty>true</UseCasualty>
        <LongLeadFlag>false</LongLeadFlag>
        <AffectedFloorArea>
          <Area>
            <Unit>Square Foot</Unit>
            <Value>36</Value>
          </Area>
        </AffectedFloorArea>
        <AffectedDeathRate>0</AffectedDeathRate>
        <AffectedInjuryRate>0.25</AffectedInjuryRate>
        <AffectedDeathRateBeta>0</AffectedDeathRateBeta>
        <AffectedInjuryRateBeta>0.5</AffectedInjuryRateBeta>
        <RedTagMedian>0.5</RedTagMedian>
        <RedTagBeta>0.5</RedTagBeta>
        <CostConsequence>
          <LowerQuantity>20</LowerQuantity>
          <MaxAmount>2055</MaxAmount>
          <UpperQuantity>100</UpperQuantity>
          <MinAmount>1096</MinAmount>
          <Uncertainty>0.1668</Uncertainty>
          <CurveType>LogNormal</CurveType>
        </CostConsequence>
        <TimeConsequence>
          <LowerQuantity>20</LowerQuantity>
          <MaxAmount>5.3729</MaxAmount>
          <UpperQuantity>100</UpperQuantity>
          <MinAmount>2.8908</MinAmount>
          <Uncertainty>0.1521</Uncertainty>
          <CurveType>LogNormal</CurveType>
        </TimeConsequence>
      </ConsequenceGroup>
      <Median>0.0383</Median>
      <Beta>0.4</Beta>
    </DamageState>
  </DamageStates>
</FragilityCurve>