﻿<?xml version="1.0" encoding="utf-8"?>
<FragilityCurve FileVersion="2.0">
  <UniqueID>cc337496-0e07-4124-be8a-c2b4cfbb0844</UniqueID>
  <ID>B3011.011</ID>
  <Description>Costing per roofing square (100 SF)</Description>
  <BasicUnit>Each</BasicUnit>
  <Name>Concrete tile roof, tiles secured and compliant with UBC94</Name>
  <Author>Not Given</Author>
  <Correlation>0</Correlation>
  <Directional>false</Directional>
  <EDPType>
    <Dimension>NumLevelsPlusOne</Dimension>
    <TypeName>Acceleration</TypeName>
    <DefaultUnits>g</DefaultUnits>
    <UserDefined>false</UserDefined>
  </EDPType>
  <Ratings>
    <DataQuality>NA</DataQuality>
    <DataRelevance>NA</DataRelevance>
    <Documentation>NA</Documentation>
    <Rationality>NA</Rationality>
  </Ratings>
  <Official>true</Official>
  <DateCreated>2012-10-12T16:47:59.8295683-07:00</DateCreated>
  <Approved>true</Approved>
  <Incomplete>false</Incomplete>
  <Notes>None</Notes>
  <UseEDPValueOfFloorAbove>false</UseEDPValueOfFloorAbove>
  <DamageStates>
    <DSGroupType>Sequential</DSGroupType>
    <DamageState>
      <Name></Name>
      <Description>Minor damage; tiles dislodged.</Description>
      <DamageImageName>B3011.011-DS1-1.JPG</DamageImageName>
      <ConsequenceGroup>
        <RepairMeasures>Reinstall dislodged tiles.</RepairMeasures>
        <TagState>0</TagState>
        <UseCasualty>false</UseCasualty>
        <LongLeadFlag>false</LongLeadFlag>
        <AffectedFloorArea />
        <AffectedDeathRate>0</AffectedDeathRate>
        <AffectedInjuryRate>0</AffectedInjuryRate>
        <AffectedDeathRateBeta>0</AffectedDeathRateBeta>
        <AffectedInjuryRateBeta>0</AffectedInjuryRateBeta>
        <RedTagMedian>0</RedTagMedian>
        <RedTagBeta>0</RedTagBeta>
        <CostConsequence>
          <LowerQuantity>5</LowerQuantity>
          <MaxAmount>1050</MaxAmount>
          <UpperQuantity>20</UpperQuantity>
          <MinAmount>560</MinAmount>
          <Uncertainty>0.5762</Uncertainty>
          <CurveType>LogNormal</CurveType>
        </CostConsequence>
        <TimeConsequence>
          <LowerQuantity>5</LowerQuantity>
          <MaxAmount>3.0294</MaxAmount>
          <UpperQuantity>20</UpperQuantity>
          <MinAmount>1.5882</MinAmount>
          <Uncertainty>0.6745</Uncertainty>
          <CurveType>LogNormal</CurveType>
        </TimeConsequence>
      </ConsequenceGroup>
      <Median>1.1</Median>
      <Beta>0.4</Beta>
    </DamageState>
    <DamageState>
      <Name></Name>
      <Description>Major portion of tile dislodged.</Description>
      <DamageImageName>B3011.011-DS2-1.JPG</DamageImageName>
      <ConsequenceGroup>
        <RepairMeasures>Reinstall dislodged tiles. </RepairMeasures>
        <TagState>Red</TagState>
        <UseCasualty>false</UseCasualty>
        <LongLeadFlag>false</LongLeadFlag>
        <AffectedFloorArea />
        <AffectedDeathRate>0</AffectedDeathRate>
        <AffectedInjuryRate>0</AffectedInjuryRate>
        <AffectedDeathRateBeta>0</AffectedDeathRateBeta>
        <AffectedInjuryRateBeta>0</AffectedInjuryRateBeta>
        <RedTagMedian>0.5</RedTagMedian>
        <RedTagBeta>0.5</RedTagBeta>
        <CostConsequence>
          <LowerQuantity>5</LowerQuantity>
          <MaxAmount>2220</MaxAmount>
          <UpperQuantity>20</UpperQuantity>
          <MinAmount>1184</MinAmount>
          <Uncertainty>0.3074</Uncertainty>
          <CurveType>LogNormal</CurveType>
        </CostConsequence>
        <TimeConsequence>
          <LowerQuantity>5</LowerQuantity>
          <MaxAmount>6.1765</MaxAmount>
          <UpperQuantity>20</UpperQuantity>
          <MinAmount>3.1294</MinAmount>
          <Uncertainty>0.3613</Uncertainty>
          <CurveType>LogNormal</CurveType>
        </TimeConsequence>
      </ConsequenceGroup>
      <Median>1.4</Median>
      <Beta>0.4</Beta>
    </DamageState>
  </DamageStates>
</FragilityCurve>