﻿<?xml version="1.0" encoding="utf-8"?>
<FragilityCurve FileVersion="2.0">
  <UniqueID>c52e93f4-de85-4756-af86-a5bdc4ee1ef3</UniqueID>
  <ID>B3011.013</ID>
  <Description>Costing per roofing square (100 SF)</Description>
  <BasicUnit>Each</BasicUnit>
  <Name>Concrete tile roof, unsecured tiles</Name>
  <Author>Not Given</Author>
  <Correlation>0</Correlation>
  <Directional>false</Directional>
  <EDPType>
    <Dimension>NumLevelsPlusOne</Dimension>
    <TypeName>Acceleration</TypeName>
    <DefaultUnits>g</DefaultUnits>
    <UserDefined>false</UserDefined>
  </EDPType>
  <Ratings>
    <DataQuality>NA</DataQuality>
    <DataRelevance>NA</DataRelevance>
    <Documentation>NA</Documentation>
    <Rationality>NA</Rationality>
  </Ratings>
  <Official>true</Official>
  <DateCreated>2012-10-12T16:48:00.0895683-07:00</DateCreated>
  <Approved>true</Approved>
  <Incomplete>false</Incomplete>
  <Notes>None</Notes>
  <UseEDPValueOfFloorAbove>false</UseEDPValueOfFloorAbove>
  <DamageStates>
    <DSGroupType>Sequential</DSGroupType>
    <DamageState>
      <Name></Name>
      <Description>Minor damage; tiles dislodged.</Description>
      <DamageImageName>B3011.011-DS1-1.JPG</DamageImageName>
      <ConsequenceGroup>
        <RepairMeasures>Reinstall dislodged tiles. </RepairMeasures>
        <TagState>0</TagState>
        <UseCasualty>false</UseCasualty>
        <LongLeadFlag>false</LongLeadFlag>
        <AffectedFloorArea />
        <AffectedDeathRate>0</AffectedDeathRate>
        <AffectedInjuryRate>0</AffectedInjuryRate>
        <AffectedDeathRateBeta>0</AffectedDeathRateBeta>
        <AffectedInjuryRateBeta>0</AffectedInjuryRateBeta>
        <RedTagMedian>0</RedTagMedian>
        <RedTagBeta>0</RedTagBeta>
        <CostConsequence>
          <LowerQuantity>5</LowerQuantity>
          <MaxAmount>937.5</MaxAmount>
          <UpperQuantity>20</UpperQuantity>
          <MinAmount>500</MinAmount>
          <Uncertainty>0.6367</Uncertainty>
          <CurveType>LogNormal</CurveType>
        </CostConsequence>
        <TimeConsequence>
          <LowerQuantity>5</LowerQuantity>
          <MaxAmount>2.9191</MaxAmount>
          <UpperQuantity>20</UpperQuantity>
          <MinAmount>1.6324</MinAmount>
          <Uncertainty>0.5409</Uncertainty>
          <CurveType>LogNormal</CurveType>
        </TimeConsequence>
      </ConsequenceGroup>
      <Median>0.5</Median>
      <Beta>0.4</Beta>
    </DamageState>
    <DamageState>
      <Name></Name>
      <Description>Major portion of tile dislodged.</Description>
      <DamageImageName>B3011.011-DS2-1.JPG</DamageImageName>
      <ConsequenceGroup>
        <RepairMeasures>Reinstall dislodged tiles. </RepairMeasures>
        <TagState>Red</TagState>
        <UseCasualty>false</UseCasualty>
        <LongLeadFlag>false</LongLeadFlag>
        <AffectedFloorArea />
        <AffectedDeathRate>0</AffectedDeathRate>
        <AffectedInjuryRate>0</AffectedInjuryRate>
        <AffectedDeathRateBeta>0</AffectedDeathRateBeta>
        <AffectedInjuryRateBeta>0</AffectedInjuryRateBeta>
        <RedTagMedian>0.5</RedTagMedian>
        <RedTagBeta>0.5</RedTagBeta>
        <CostConsequence>
          <LowerQuantity>5</LowerQuantity>
          <MaxAmount>1545</MaxAmount>
          <UpperQuantity>20</UpperQuantity>
          <MinAmount>824</MinAmount>
          <Uncertainty>0.4311</Uncertainty>
          <CurveType>LogNormal</CurveType>
        </CostConsequence>
        <TimeConsequence>
          <LowerQuantity>5</LowerQuantity>
          <MaxAmount>4.5147</MaxAmount>
          <UpperQuantity>20</UpperQuantity>
          <MinAmount>2.3941</MinAmount>
          <Uncertainty>0.4707</Uncertainty>
          <CurveType>LogNormal</CurveType>
        </TimeConsequence>
      </ConsequenceGroup>
      <Median>0.7</Median>
      <Beta>0.4</Beta>
    </DamageState>
  </DamageStates>
</FragilityCurve>