﻿<?xml version="1.0" encoding="utf-8"?>
<FragilityCurve FileVersion="2.0">
  <UniqueID>c4840de6-e7aa-4aef-b59e-6da132ba089d</UniqueID>
  <ID>C1011.011a</ID>
  <Description>Quantity is based upon 13'x100' Panels.  Quantity of wall damaged varies by damage state.</Description>
  <BasicUnit>Each</BasicUnit>
  <Name>Wall Partition, Type: Gypsum with wood studs, Full Height, Fixed Below, Fixed Above</Name>
  <Author>Not Given</Author>
  <Correlation>0</Correlation>
  <Directional>true</Directional>
  <EDPType>
    <Dimension>NumLevels</Dimension>
    <TypeName>Story Drift Ratio</TypeName>
    <DefaultUnits>Radian</DefaultUnits>
    <UserDefined>false</UserDefined>
  </EDPType>
  <Ratings>
    <DataQuality>Superior</DataQuality>
    <DataRelevance>Superior</DataRelevance>
    <Documentation>Superior</Documentation>
    <Rationality>NA</Rationality>
  </Ratings>
  <Official>false</Official>
  <DateCreated>2012-09-27T16:36:29.8590302-07:00</DateCreated>
  <Approved>false</Approved>
  <Incomplete>false</Incomplete>
  <Notes>None</Notes>
  <UseEDPValueOfFloorAbove>false</UseEDPValueOfFloorAbove>
  <DamageStates>
    <DSGroupType>Sequential</DSGroupType>
    <DamageState>
      <Name></Name>
      <Description>Cracking of paint over fasteners or joints</Description>
      <DamageImageName></DamageImageName>
      <ConsequenceGroup>
        <RepairMeasures>Gypsum wallboard repaired by replacing the tape along the seam of two adjacent panels, applying new joint compound, sanding, and repainting.</RepairMeasures>
        <TagState>0</TagState>
        <UseCasualty>false</UseCasualty>
        <LongLeadFlag>false</LongLeadFlag>
        <AffectedFloorArea />
        <AffectedDeathRate>0</AffectedDeathRate>
        <AffectedInjuryRate>0</AffectedInjuryRate>
        <AffectedDeathRateBeta>0</AffectedDeathRateBeta>
        <AffectedInjuryRateBeta>0</AffectedInjuryRateBeta>
        <RedTagMedian>0</RedTagMedian>
        <RedTagBeta>0</RedTagBeta>
        <CostConsequence>
          <LowerQuantity>1</LowerQuantity>
          <MaxAmount>5100</MaxAmount>
          <UpperQuantity>10</UpperQuantity>
          <MinAmount>5310</MinAmount>
          <Uncertainty>0.398</Uncertainty>
          <CurveType>Normal</CurveType>
        </CostConsequence>
        <TimeConsequence>
          <LowerQuantity>1</LowerQuantity>
          <MaxAmount>13</MaxAmount>
          <UpperQuantity>10</UpperQuantity>
          <MinAmount>11.3</MinAmount>
          <Uncertainty>0.78</Uncertainty>
          <CurveType>Normal</CurveType>
        </TimeConsequence>
      </ConsequenceGroup>
      <Median>0.0021</Median>
      <Beta>0.6</Beta>
    </DamageState>
    <DamageState>
      <Name></Name>
      <Description>Local and global buckling out-of-plane and crushing of gypsum wallboards.  Studs are typically not damaged by failure of the gypsum wallboard.</Description>
      <DamageImageName></DamageImageName>
      <DamageStates>
        <DSGroupType>MutuallyExclusive</DSGroupType>
        <DamageState>
          <Name></Name>
          <Description>Local and global buckling out-of-plane and crushing of gypsum wallboards.  Studs are typically not damaged by failure of the gypsum wallboard.</Description>
          <DamageImageName></DamageImageName>
          <ConsequenceGroup>
            <RepairMeasures>Replace 25 feet of the affected panel along with the application of new tape, joint compound, followed by sanding and repainting.  Studs are not damaged.</RepairMeasures>
            <TagState>0</TagState>
            <UseCasualty>false</UseCasualty>
            <LongLeadFlag>false</LongLeadFlag>
            <AffectedFloorArea />
            <AffectedDeathRate>0</AffectedDeathRate>
            <AffectedInjuryRate>0</AffectedInjuryRate>
            <AffectedDeathRateBeta>0</AffectedDeathRateBeta>
            <AffectedInjuryRateBeta>0</AffectedInjuryRateBeta>
            <RedTagMedian>0</RedTagMedian>
            <RedTagBeta>0</RedTagBeta>
            <CostConsequence>
              <LowerQuantity>1</LowerQuantity>
              <MaxAmount>19800</MaxAmount>
              <UpperQuantity>10</UpperQuantity>
              <MinAmount>16900</MinAmount>
              <Uncertainty>0.0969</Uncertainty>
              <CurveType>LogNormal</CurveType>
            </CostConsequence>
            <TimeConsequence>
              <LowerQuantity>1</LowerQuantity>
              <MaxAmount>56.1</MaxAmount>
              <UpperQuantity>10</UpperQuantity>
              <MinAmount>46.5</MinAmount>
              <Uncertainty>0.0937</Uncertainty>
              <CurveType>LogNormal</CurveType>
            </TimeConsequence>
          </ConsequenceGroup>
          <Percent>0.8</Percent>
        </DamageState>
        <DamageState>
          <Name></Name>
          <Description>Local and global buckling out-of-plane and crushing of gypsum wallboards.  Studs are typically not damaged by failure of the gypsum wallboard.</Description>
          <DamageImageName></DamageImageName>
          <ConsequenceGroup>
            <RepairMeasures>Replace 100 feet of the affected panel along with the application of new tape, joint compound, followed by sanding and repainting.  Studs are not damaged.</RepairMeasures>
            <TagState>0</TagState>
            <UseCasualty>false</UseCasualty>
            <LongLeadFlag>false</LongLeadFlag>
            <AffectedFloorArea />
            <AffectedDeathRate>0</AffectedDeathRate>
            <AffectedInjuryRate>0</AffectedInjuryRate>
            <AffectedDeathRateBeta>0</AffectedDeathRateBeta>
            <AffectedInjuryRateBeta>0</AffectedInjuryRateBeta>
            <RedTagMedian>0</RedTagMedian>
            <RedTagBeta>0</RedTagBeta>
            <CostConsequence>
              <LowerQuantity>1</LowerQuantity>
              <MaxAmount>30300</MaxAmount>
              <UpperQuantity>10</UpperQuantity>
              <MinAmount>25200</MinAmount>
              <Uncertainty>0.146</Uncertainty>
              <CurveType>LogNormal</CurveType>
            </CostConsequence>
            <TimeConsequence>
              <LowerQuantity>1</LowerQuantity>
              <MaxAmount>85.9</MaxAmount>
              <UpperQuantity>10</UpperQuantity>
              <MinAmount>69.8</MinAmount>
              <Uncertainty>0.123</Uncertainty>
              <CurveType>LogNormal</CurveType>
            </TimeConsequence>
          </ConsequenceGroup>
          <Percent>0.2</Percent>
        </DamageState>
      </DamageStates>
      <Median>0.0071</Median>
      <Beta>0.45</Beta>
    </DamageState>
  </DamageStates>
</FragilityCurve>