﻿<?xml version="1.0" encoding="utf-8"?>
<FragilityCurve FileVersion="2.0">
  <UniqueID>799fc4c8-aec5-4613-b791-85b6b87a3761</UniqueID>
  <ID>C2011.011b</ID>
  <Description>Rigid stair without seismic interstory drift joint.  Precast concrete stair.</Description>
  <BasicUnit>Each</BasicUnit>
  <Name>Non-monolithic precast concrete stair assembly with concrete stringers and treads with no seismic joint.</Name>
  <Author>Not Given</Author>
  <Correlation>0</Correlation>
  <Directional>true</Directional>
  <EDPType>
    <Dimension>NumLevels</Dimension>
    <TypeName>Story Drift Ratio</TypeName>
    <DefaultUnits>Radian</DefaultUnits>
    <UserDefined>false</UserDefined>
  </EDPType>
  <Ratings>
    <DataQuality>Marginal</DataQuality>
    <DataRelevance>Marginal</DataRelevance>
    <Documentation>Average</Documentation>
    <Rationality>NA</Rationality>
  </Ratings>
  <Official>true</Official>
  <DateCreated>2012-10-12T16:48:02.3315683-07:00</DateCreated>
  <Approved>true</Approved>
  <Incomplete>false</Incomplete>
  <Notes>Confirm median demand and dispersion values.  Base document noted that there was insufficient data to establish median demand or dispersion values.  The median demand and dispersion values listed are from a best fit approximation of the data performed by MKA.</Notes>
  <UseEDPValueOfFloorAbove>false</UseEDPValueOfFloorAbove>
  <DamageStates>
    <DSGroupType>Sequential</DSGroupType>
    <DamageState>
      <Name></Name>
      <Description>Non structural damage, local concrete cracking, localized concrete spalling, localized rebar yielding.</Description>
      <DamageImageName>C2011.011a-DS1-1.jpg</DamageImageName>
      <ConsequenceGroup>
        <RepairMeasures>Patch, paint, epoxy injection.</RepairMeasures>
        <TagState>0</TagState>
        <UseCasualty>false</UseCasualty>
        <LongLeadFlag>false</LongLeadFlag>
        <AffectedFloorArea />
        <AffectedDeathRate>0</AffectedDeathRate>
        <AffectedInjuryRate>0</AffectedInjuryRate>
        <AffectedDeathRateBeta>0</AffectedDeathRateBeta>
        <AffectedInjuryRateBeta>0</AffectedInjuryRateBeta>
        <RedTagMedian>0</RedTagMedian>
        <RedTagBeta>0</RedTagBeta>
        <CostConsequence>
          <LowerQuantity>1</LowerQuantity>
          <MaxAmount>910</MaxAmount>
          <UpperQuantity>5</UpperQuantity>
          <MinAmount>560</MinAmount>
          <Uncertainty>0.8015</Uncertainty>
          <CurveType>LogNormal</CurveType>
        </CostConsequence>
        <TimeConsequence>
          <LowerQuantity>1</LowerQuantity>
          <MaxAmount>2.4965</MaxAmount>
          <UpperQuantity>5</UpperQuantity>
          <MinAmount>1.5357</MinAmount>
          <Uncertainty>0.8033</Uncertainty>
          <CurveType>LogNormal</CurveType>
        </TimeConsequence>
      </ConsequenceGroup>
      <Median>0.005</Median>
      <Beta>0.6</Beta>
    </DamageState>
    <DamageState>
      <Name></Name>
      <Description>Structural damage but live load capacity remains intact.  Extensive concrete cracking, concrete crushing, buckling of rebar.</Description>
      <DamageImageName>C2011.011a-DS2-1.jpg</DamageImageName>
      <ConsequenceGroup>
        <RepairMeasures>Remove damage components, install replacement components.</RepairMeasures>
        <TagState>Red</TagState>
        <UseCasualty>false</UseCasualty>
        <LongLeadFlag>false</LongLeadFlag>
        <AffectedFloorArea />
        <AffectedDeathRate>0</AffectedDeathRate>
        <AffectedInjuryRate>0</AffectedInjuryRate>
        <AffectedDeathRateBeta>0</AffectedDeathRateBeta>
        <AffectedInjuryRateBeta>0</AffectedInjuryRateBeta>
        <RedTagMedian>0.25</RedTagMedian>
        <RedTagBeta>0.5</RedTagBeta>
        <CostConsequence>
          <LowerQuantity>1</LowerQuantity>
          <MaxAmount>4810</MaxAmount>
          <UpperQuantity>5</UpperQuantity>
          <MinAmount>2960</MinAmount>
          <Uncertainty>0.5694</Uncertainty>
          <CurveType>LogNormal</CurveType>
        </CostConsequence>
        <TimeConsequence>
          <LowerQuantity>1</LowerQuantity>
          <MaxAmount>13.2071</MaxAmount>
          <UpperQuantity>5</UpperQuantity>
          <MinAmount>8.1286</MinAmount>
          <Uncertainty>0.5694</Uncertainty>
          <CurveType>LogNormal</CurveType>
        </TimeConsequence>
      </ConsequenceGroup>
      <Median>0.017</Median>
      <Beta>0.6</Beta>
    </DamageState>
    <DamageState>
      <Name></Name>
      <Description>Loss of live load capacity.  Extensive concrete crushing, connection failure.</Description>
      <DamageImageName>C2011.011a-DS2-1.jpg</DamageImageName>
      <ConsequenceGroup>
        <RepairMeasures>Replace stair.</RepairMeasures>
        <TagState>Red</TagState>
        <UseCasualty>false</UseCasualty>
        <LongLeadFlag>false</LongLeadFlag>
        <AffectedFloorArea />
        <AffectedDeathRate>0</AffectedDeathRate>
        <AffectedInjuryRate>0</AffectedInjuryRate>
        <AffectedDeathRateBeta>0</AffectedDeathRateBeta>
        <AffectedInjuryRateBeta>0</AffectedInjuryRateBeta>
        <RedTagMedian>0.1</RedTagMedian>
        <RedTagBeta>0.5</RedTagBeta>
        <CostConsequence>
          <LowerQuantity>1</LowerQuantity>
          <MaxAmount>29835</MaxAmount>
          <UpperQuantity>5</UpperQuantity>
          <MinAmount>16065</MinAmount>
          <Uncertainty>0.3613</Uncertainty>
          <CurveType>Normal</CurveType>
        </CostConsequence>
        <TimeConsequence>
          <LowerQuantity>1</LowerQuantity>
          <MaxAmount>81.9</MaxAmount>
          <UpperQuantity>5</UpperQuantity>
          <MinAmount>44.1</MinAmount>
          <Uncertainty>0.3613</Uncertainty>
          <CurveType>Normal</CurveType>
        </TimeConsequence>
      </ConsequenceGroup>
      <Median>0.028</Median>
      <Beta>0.45</Beta>
    </DamageState>
  </DamageStates>
</FragilityCurve>