﻿<?xml version="1.0" encoding="utf-8"?>
<FragilityCurve FileVersion="2.0">
  <UniqueID>87863d74-bb23-4685-96b3-61ede76c8cd5</UniqueID>
  <ID>C2011.031b</ID>
  <Description>Stair consists of steel stringers with precast treads rigidly linked to stringer</Description>
  <BasicUnit>Each</BasicUnit>
  <Name>Hybrid stair assembly with steel stringers and concrete treads and landings with no seismic joints.</Name>
  <Author>Not Given</Author>
  <Correlation>0</Correlation>
  <Directional>true</Directional>
  <EDPType>
    <Dimension>NumLevels</Dimension>
    <TypeName>Story Drift Ratio</TypeName>
    <DefaultUnits>Radian</DefaultUnits>
    <UserDefined>false</UserDefined>
  </EDPType>
  <Ratings>
    <DataQuality>Marginal</DataQuality>
    <DataRelevance>Marginal</DataRelevance>
    <Documentation>Average</Documentation>
    <Rationality>NA</Rationality>
  </Ratings>
  <Official>true</Official>
  <DateCreated>2012-10-12T16:48:03.2115683-07:00</DateCreated>
  <Approved>true</Approved>
  <Incomplete>true</Incomplete>
  <Notes>None
Import errors:
 Warning, Data missing: C2011.031b:DS2:Time: Could not parse CurveType - Assuming Normal
Warning, Data missing: C2011.031b:DS2:Time: Could not parse Upper Quantity cost - Assuming 0
Warning, Data missing: C2011.031b:DS2:Time: Could not parse Lower Quantity cost - Assuming 0
Warning, Data missing: C2011.031b:DS2:Time: Could not parse Dispersion - Assuming 0.5
Warning, Data missing: C2011.031b:DS2:Cost: Could not parse CurveType - Assuming Normal
Warning, Data missing: C2011.031b:DS2:Cost: Could not parse Upper Quantity cost - Assuming 0
Warning, Data missing: C2011.031b:DS2:Cost: Could not parse Lower Quantity cost - Assuming 0
Warning, Data missing: C2011.031b:DS2:Cost: Could not parse Dispersion - Assuming 0.5
Warning, Data missing: C2011.031b:DS3:Time: Could not parse CurveType - Assuming Normal
Warning, Data missing: C2011.031b:DS3:Time: Could not parse Upper Quantity cost - Assuming 0
Warning, Data missing: C2011.031b:DS3:Time: Could not parse Lower Quantity cost - Assuming 0
Warning, Data missing: C2011.031b:DS3:Time: Could not parse Dispersion - Assuming 0.5
Warning, Data missing: C2011.031b:DS3:Cost: Could not parse CurveType - Assuming Normal
Warning, Data missing: C2011.031b:DS3:Cost: Could not parse Upper Quantity cost - Assuming 0
Warning, Data missing: C2011.031b:DS3:Cost: Could not parse Lower Quantity cost - Assuming 0
Warning, Data missing: C2011.031b:DS3:Cost: Could not parse Dispersion - Assuming 0.5
</Notes>
  <UseEDPValueOfFloorAbove>false</UseEDPValueOfFloorAbove>
  <DamageStates>
    <DSGroupType>Sequential</DSGroupType>
    <DamageState>
      <Name></Name>
      <Description>Localized steel yielding.</Description>
      <DamageImageName></DamageImageName>
      <ConsequenceGroup>
        <RepairMeasures>TBD</RepairMeasures>
        <TagState>0</TagState>
        <UseCasualty>false</UseCasualty>
        <LongLeadFlag>false</LongLeadFlag>
        <AffectedFloorArea />
        <AffectedDeathRate>0</AffectedDeathRate>
        <AffectedInjuryRate>0</AffectedInjuryRate>
        <AffectedDeathRateBeta>0</AffectedDeathRateBeta>
        <AffectedInjuryRateBeta>0</AffectedInjuryRateBeta>
        <RedTagMedian>0</RedTagMedian>
        <RedTagBeta>0</RedTagBeta>
        <CostConsequence>
          <LowerQuantity>1</LowerQuantity>
          <MaxAmount>520</MaxAmount>
          <UpperQuantity>5</UpperQuantity>
          <MinAmount>320</MinAmount>
          <Uncertainty>0.9899</Uncertainty>
          <CurveType>LogNormal</CurveType>
        </CostConsequence>
        <TimeConsequence>
          <LowerQuantity>1</LowerQuantity>
          <MaxAmount>1.4294</MaxAmount>
          <UpperQuantity>5</UpperQuantity>
          <MinAmount>0.8804</MinAmount>
          <Uncertainty>0.9897</Uncertainty>
          <CurveType>LogNormal</CurveType>
        </TimeConsequence>
      </ConsequenceGroup>
      <Median>0.005</Median>
      <Beta>0.6</Beta>
    </DamageState>
    <DamageState>
      <Name></Name>
      <Description>Buckling of steel, weld cracking.</Description>
      <DamageImageName></DamageImageName>
      <ConsequenceGroup>
        <RepairMeasures>TBD</RepairMeasures>
        <TagState>Red</TagState>
        <UseCasualty>false</UseCasualty>
        <LongLeadFlag>false</LongLeadFlag>
        <AffectedFloorArea />
        <AffectedDeathRate>0</AffectedDeathRate>
        <AffectedInjuryRate>0</AffectedInjuryRate>
        <AffectedDeathRateBeta>0</AffectedDeathRateBeta>
        <AffectedInjuryRateBeta>0</AffectedInjuryRateBeta>
        <RedTagMedian>0.25</RedTagMedian>
        <RedTagBeta>0.5</RedTagBeta>
        <CostConsequence>
          <LowerQuantity>1</LowerQuantity>
          <MaxAmount>0</MaxAmount>
          <UpperQuantity>1</UpperQuantity>
          <MinAmount>0</MinAmount>
          <Uncertainty>0.5</Uncertainty>
          <CurveType>Normal</CurveType>
        </CostConsequence>
        <TimeConsequence>
          <LowerQuantity>1</LowerQuantity>
          <MaxAmount>0</MaxAmount>
          <UpperQuantity>1</UpperQuantity>
          <MinAmount>0</MinAmount>
          <Uncertainty>0.5</Uncertainty>
          <CurveType>Normal</CurveType>
        </TimeConsequence>
      </ConsequenceGroup>
      <Median>0.017</Median>
      <Beta>0.6</Beta>
    </DamageState>
    <DamageState>
      <Name></Name>
      <Description>Loss of live load capacity.  </Description>
      <DamageImageName></DamageImageName>
      <ConsequenceGroup>
        <RepairMeasures>TBD</RepairMeasures>
        <TagState>Red</TagState>
        <UseCasualty>false</UseCasualty>
        <LongLeadFlag>false</LongLeadFlag>
        <AffectedFloorArea />
        <AffectedDeathRate>0</AffectedDeathRate>
        <AffectedInjuryRate>0</AffectedInjuryRate>
        <AffectedDeathRateBeta>0</AffectedDeathRateBeta>
        <AffectedInjuryRateBeta>0</AffectedInjuryRateBeta>
        <RedTagMedian>0.1</RedTagMedian>
        <RedTagBeta>0.5</RedTagBeta>
        <CostConsequence>
          <LowerQuantity>1</LowerQuantity>
          <MaxAmount>0</MaxAmount>
          <UpperQuantity>1</UpperQuantity>
          <MinAmount>0</MinAmount>
          <Uncertainty>0.5</Uncertainty>
          <CurveType>Normal</CurveType>
        </CostConsequence>
        <TimeConsequence>
          <LowerQuantity>1</LowerQuantity>
          <MaxAmount>0</MaxAmount>
          <UpperQuantity>1</UpperQuantity>
          <MinAmount>0</MinAmount>
          <Uncertainty>0.5</Uncertainty>
          <CurveType>Normal</CurveType>
        </TimeConsequence>
      </ConsequenceGroup>
      <Median>0.028</Median>
      <Beta>0.45</Beta>
    </DamageState>
  </DamageStates>
</FragilityCurve>