﻿<?xml version="1.0" encoding="utf-8"?>
<FragilityCurve FileVersion="2.0">
  <UniqueID>4c457a8f-1f01-439b-9bb7-d22ed3c506df</UniqueID>
  <ID>C2011.001b</ID>
  <Description>Flexible stair without seismic interstory slip joint.  Steel prefab stringers, steel or concrete filled pan treads.</Description>
  <BasicUnit>Each</BasicUnit>
  <Name>Prefabricated steel stair with steel treads and landings with no seismic joint.</Name>
  <Author>Not Given</Author>
  <Correlation>0</Correlation>
  <Directional>true</Directional>
  <EDPType>
    <Dimension>NumLevels</Dimension>
    <TypeName>Story Drift Ratio</TypeName>
    <DefaultUnits>Radian</DefaultUnits>
    <UserDefined>false</UserDefined>
  </EDPType>
  <Ratings>
    <DataQuality>Marginal</DataQuality>
    <DataRelevance>Marginal</DataRelevance>
    <Documentation>Average</Documentation>
    <Rationality>NA</Rationality>
  </Ratings>
  <Official>true</Official>
  <DateCreated>2012-10-12T16:48:02.0855683-07:00</DateCreated>
  <Approved>true</Approved>
  <Incomplete>false</Incomplete>
  <Notes>Confirm median demand and dispersion values</Notes>
  <UseEDPValueOfFloorAbove>false</UseEDPValueOfFloorAbove>
  <DamageStates>
    <DSGroupType>Sequential</DSGroupType>
    <DamageState>
      <Name></Name>
      <Description>Non structural damage, local steel yielding.</Description>
      <DamageImageName>C2011.001a-DS1-1.jpg</DamageImageName>
      <ConsequenceGroup>
        <RepairMeasures>Patch, paint.</RepairMeasures>
        <TagState>0</TagState>
        <UseCasualty>false</UseCasualty>
        <LongLeadFlag>false</LongLeadFlag>
        <AffectedFloorArea />
        <AffectedDeathRate>0</AffectedDeathRate>
        <AffectedInjuryRate>0</AffectedInjuryRate>
        <AffectedDeathRateBeta>0</AffectedDeathRateBeta>
        <AffectedInjuryRateBeta>0</AffectedInjuryRateBeta>
        <RedTagMedian>0</RedTagMedian>
        <RedTagBeta>0</RedTagBeta>
        <CostConsequence>
          <LowerQuantity>1</LowerQuantity>
          <MaxAmount>520</MaxAmount>
          <UpperQuantity>5</UpperQuantity>
          <MinAmount>320</MinAmount>
          <Uncertainty>0.9899</Uncertainty>
          <CurveType>LogNormal</CurveType>
        </CostConsequence>
        <TimeConsequence>
          <LowerQuantity>1</LowerQuantity>
          <MaxAmount>1.4294</MaxAmount>
          <UpperQuantity>5</UpperQuantity>
          <MinAmount>0.8804</MinAmount>
          <Uncertainty>0.9897</Uncertainty>
          <CurveType>LogNormal</CurveType>
        </TimeConsequence>
      </ConsequenceGroup>
      <Median>0.005</Median>
      <Beta>0.6</Beta>
    </DamageState>
    <DamageState>
      <Name></Name>
      <Description>Buckling of steel, weld cracking.</Description>
      <DamageImageName>C2011.001a-DS2-1.jpg</DamageImageName>
      <ConsequenceGroup>
        <RepairMeasures>Removal and replacement of damaged components.  Field repair of damage (such as welding).</RepairMeasures>
        <TagState>Red</TagState>
        <UseCasualty>false</UseCasualty>
        <LongLeadFlag>false</LongLeadFlag>
        <AffectedFloorArea />
        <AffectedDeathRate>0</AffectedDeathRate>
        <AffectedInjuryRate>0</AffectedInjuryRate>
        <AffectedDeathRateBeta>0</AffectedDeathRateBeta>
        <AffectedInjuryRateBeta>0</AffectedInjuryRateBeta>
        <RedTagMedian>0.25</RedTagMedian>
        <RedTagBeta>0.5</RedTagBeta>
        <CostConsequence>
          <LowerQuantity>1</LowerQuantity>
          <MaxAmount>1690</MaxAmount>
          <UpperQuantity>5</UpperQuantity>
          <MinAmount>1040</MinAmount>
          <Uncertainty>0.5448</Uncertainty>
          <CurveType>LogNormal</CurveType>
        </CostConsequence>
        <TimeConsequence>
          <LowerQuantity>1</LowerQuantity>
          <MaxAmount>4.6406</MaxAmount>
          <UpperQuantity>5</UpperQuantity>
          <MinAmount>2.8563</MinAmount>
          <Uncertainty>0.5451</Uncertainty>
          <CurveType>LogNormal</CurveType>
        </TimeConsequence>
      </ConsequenceGroup>
      <Median>0.017</Median>
      <Beta>0.6</Beta>
    </DamageState>
    <DamageState>
      <Name></Name>
      <Description>Loss of live load capacity.  Connection and or weld fracture.</Description>
      <DamageImageName>C2011.001a-DS2-1.jpg</DamageImageName>
      <ConsequenceGroup>
        <RepairMeasures>Replace stair.</RepairMeasures>
        <TagState>Red</TagState>
        <UseCasualty>false</UseCasualty>
        <LongLeadFlag>false</LongLeadFlag>
        <AffectedFloorArea />
        <AffectedDeathRate>0</AffectedDeathRate>
        <AffectedInjuryRate>0</AffectedInjuryRate>
        <AffectedDeathRateBeta>0</AffectedDeathRateBeta>
        <AffectedInjuryRateBeta>0</AffectedInjuryRateBeta>
        <RedTagMedian>0.1</RedTagMedian>
        <RedTagBeta>0.5</RedTagBeta>
        <CostConsequence>
          <LowerQuantity>1</LowerQuantity>
          <MaxAmount>25935</MaxAmount>
          <UpperQuantity>5</UpperQuantity>
          <MinAmount>15960</MinAmount>
          <Uncertainty>0.3957</Uncertainty>
          <CurveType>Normal</CurveType>
        </CostConsequence>
        <TimeConsequence>
          <LowerQuantity>1</LowerQuantity>
          <MaxAmount>71.1894</MaxAmount>
          <UpperQuantity>5</UpperQuantity>
          <MinAmount>43.8071</MinAmount>
          <Uncertainty>0.3956</Uncertainty>
          <CurveType>Normal</CurveType>
        </TimeConsequence>
      </ConsequenceGroup>
      <Median>0.028</Median>
      <Beta>0.45</Beta>
    </DamageState>
  </DamageStates>
</FragilityCurve>