﻿<?xml version="1.0" encoding="utf-8"?>
<FragilityCurve FileVersion="2.0">
  <UniqueID>0639522d-a8e4-44bf-bba8-29b40c04ba4a</UniqueID>
  <ID>C3011.001d</ID>
  <Description>Costing based upon 9'x100' Panels</Description>
  <BasicUnit>Each</BasicUnit>
  <Name>Wall Partition, Type: Gypsum + Wallpaper, Full Height, Fixed Below, Slip Track Above w/o returns (friction connection)</Name>
  <Author>Not Given</Author>
  <Correlation>0</Correlation>
  <Directional>true</Directional>
  <EDPType>
    <Dimension>NumLevels</Dimension>
    <TypeName>Story Drift Ratio</TypeName>
    <DefaultUnits>Radian</DefaultUnits>
    <UserDefined>false</UserDefined>
  </EDPType>
  <Ratings>
    <DataQuality>Superior</DataQuality>
    <DataRelevance>Superior</DataRelevance>
    <Documentation>Superior</Documentation>
    <Rationality>NA</Rationality>
  </Ratings>
  <Official>true</Official>
  <DateCreated>2012-10-12T16:48:03.7905683-07:00</DateCreated>
  <Approved>true</Approved>
  <Incomplete>false</Incomplete>
  <Notes>None</Notes>
  <UseEDPValueOfFloorAbove>false</UseEDPValueOfFloorAbove>
  <DamageStates>
    <DSGroupType>Sequential</DSGroupType>
    <DamageState>
      <Name></Name>
      <Description>Wall paper warped and torn.</Description>
      <DamageImageName></DamageImageName>
      <ConsequenceGroup>
        <RepairMeasures>Remove existing wall paper (or wall) and install new wall paper for full 100 foot length of wall.  Existing wall damage per wall type NISTIR file.</RepairMeasures>
        <TagState>0</TagState>
        <UseCasualty>false</UseCasualty>
        <LongLeadFlag>false</LongLeadFlag>
        <AffectedFloorArea />
        <AffectedDeathRate>0</AffectedDeathRate>
        <AffectedInjuryRate>0</AffectedInjuryRate>
        <AffectedDeathRateBeta>0</AffectedDeathRateBeta>
        <AffectedInjuryRateBeta>0</AffectedInjuryRateBeta>
        <RedTagMedian>0</RedTagMedian>
        <RedTagBeta>0</RedTagBeta>
        <CostConsequence>
          <LowerQuantity>0.5556</LowerQuantity>
          <MaxAmount>3510</MaxAmount>
          <UpperQuantity>5.5556</UpperQuantity>
          <MinAmount>2160</MinAmount>
          <Uncertainty>0.1542</Uncertainty>
          <CurveType>LogNormal</CurveType>
        </CostConsequence>
        <TimeConsequence>
          <LowerQuantity>0.5556</LowerQuantity>
          <MaxAmount>11.3824</MaxAmount>
          <UpperQuantity>5.5556</UpperQuantity>
          <MinAmount>7.4118</MinAmount>
          <Uncertainty>0.0011</Uncertainty>
          <CurveType>Normal</CurveType>
        </TimeConsequence>
      </ConsequenceGroup>
      <Median>0.0035</Median>
      <Beta>0.7</Beta>
    </DamageState>
  </DamageStates>
</FragilityCurve>