﻿<?xml version="1.0" encoding="utf-8"?>
<FragilityCurve FileVersion="2.0">
  <UniqueID>94c80e00-ca15-40f7-acc7-ffb4f9222e40</UniqueID>
  <ID>C3027.001</ID>
  <Description>Access floor unanchored or anchored with adhesive.  Costing is based upon a xxx SF floor area.</Description>
  <BasicUnit>Each</BasicUnit>
  <Name>Raised Access Floor, non seismically rated.</Name>
  <Author>Not Given</Author>
  <Correlation>0</Correlation>
  <Directional>false</Directional>
  <EDPType>
    <Dimension>NumLevelsPlusOne</Dimension>
    <TypeName>Acceleration</TypeName>
    <DefaultUnits>g</DefaultUnits>
    <UserDefined>false</UserDefined>
  </EDPType>
  <Ratings>
    <DataQuality>NA</DataQuality>
    <DataRelevance>NA</DataRelevance>
    <Documentation>NA</Documentation>
    <Rationality>NA</Rationality>
  </Ratings>
  <Official>true</Official>
  <DateCreated>2012-10-12T16:48:07.8135683-07:00</DateCreated>
  <Approved>true</Approved>
  <Incomplete>false</Incomplete>
  <Notes>Consequence Note:  Some downtime for repair of floor and equipment.</Notes>
  <UseEDPValueOfFloorAbove>false</UseEDPValueOfFloorAbove>
  <DamageStates>
    <DSGroupType>Sequential</DSGroupType>
    <DamageState>
      <Name></Name>
      <Description>Minor damage to the flooring system.  Damage to the equipment of the flooring system.</Description>
      <DamageImageName></DamageImageName>
      <ConsequenceGroup>
        <RepairMeasures>Repair the flooring system, assume cost equal to 5% of the replacement cost.  Repair the flooring equipment, assume a cost equal to 10% of the replacement cost.</RepairMeasures>
        <TagState>0</TagState>
        <UseCasualty>false</UseCasualty>
        <LongLeadFlag>false</LongLeadFlag>
        <AffectedFloorArea />
        <AffectedDeathRate>0</AffectedDeathRate>
        <AffectedInjuryRate>0</AffectedInjuryRate>
        <AffectedDeathRateBeta>0</AffectedDeathRateBeta>
        <AffectedInjuryRateBeta>0</AffectedInjuryRateBeta>
        <RedTagMedian>0</RedTagMedian>
        <RedTagBeta>0</RedTagBeta>
        <CostConsequence>
          <LowerQuantity>10</LowerQuantity>
          <MaxAmount>126.5</MaxAmount>
          <UpperQuantity>100</UpperQuantity>
          <MinAmount>103.5</MinAmount>
          <Uncertainty>1.2841</Uncertainty>
          <CurveType>LogNormal</CurveType>
        </CostConsequence>
        <TimeConsequence>
          <LowerQuantity>10</LowerQuantity>
          <MaxAmount>0.4466</MaxAmount>
          <UpperQuantity>100</UpperQuantity>
          <MinAmount>0.3654</MinAmount>
          <Uncertainty>1.2036</Uncertainty>
          <CurveType>LogNormal</CurveType>
        </TimeConsequence>
      </ConsequenceGroup>
      <Median>0.5</Median>
      <Beta>0.5</Beta>
    </DamageState>
  </DamageStates>
</FragilityCurve>