﻿<?xml version="1.0" encoding="utf-8"?>
<FragilityCurve FileVersion="2.0">
  <UniqueID>be038431-bb07-4690-8d11-dbd31aa9540a</UniqueID>
  <ID>C3021.001e</ID>
  <Description>Flooring type to be specified by the user.  Fragility is based upon fire sprinkler drops in a light weight suspended ceiling, SDC A.  User to revise fragility data as deemed appropriate.</Description>
  <BasicUnit>Each</BasicUnit>
  <Name>Generic Floor Covering - Flooding of floor caused by failure of pipe - Hospital - Dry</Name>
  <Author>Not Given</Author>
  <Correlation>0</Correlation>
  <Directional>false</Directional>
  <EDPType>
    <Dimension>NumLevelsPlusOne</Dimension>
    <TypeName>Acceleration</TypeName>
    <DefaultUnits>g</DefaultUnits>
    <UserDefined>false</UserDefined>
  </EDPType>
  <Ratings>
    <DataQuality>Marginal</DataQuality>
    <DataRelevance>Marginal</DataRelevance>
    <Documentation>Marginal</Documentation>
    <Rationality>Marginal</Rationality>
  </Ratings>
  <Official>true</Official>
  <DateCreated>2012-10-12T16:48:05.6625683-07:00</DateCreated>
  <Approved>true</Approved>
  <Incomplete>true</Incomplete>
  <Notes>None
Import errors:
 Warning, Data missing: C3021.001e:DS2:Time: Could not parse CurveType - Assuming Normal
Warning, Data missing: C3021.001e:DS2:Time: Could not parse Upper Quantity cost - Assuming 0
Warning, Data missing: C3021.001e:DS2:Time: Could not parse Lower Quantity cost - Assuming 0
Warning, Data missing: C3021.001e:DS2:Time: Could not parse Dispersion - Assuming 0.5
Warning, Data missing: C3021.001e:DS2:Cost: Could not parse CurveType - Assuming Normal
Warning, Data missing: C3021.001e:DS2:Cost: Could not parse Upper Quantity cost - Assuming 0
Warning, Data missing: C3021.001e:DS2:Cost: Could not parse Lower Quantity cost - Assuming 0
Warning, Data missing: C3021.001e:DS2:Cost: Could not parse Dispersion - Assuming 0.5
</Notes>
  <UseEDPValueOfFloorAbove>true</UseEDPValueOfFloorAbove>
  <DamageStates>
    <DSGroupType>Sequential</DSGroupType>
    <DamageState>
      <Name></Name>
      <Description>Spraying &amp; Dripping Leakage at drop joints -  0.01 leaks per drop,  Flooring Damage Descrption by User.  User to include mutually exclusive damage states with different probabilities for varying percentages of the total floor area.  </Description>
      <DamageImageName></DamageImageName>
      <ConsequenceGroup>
        <RepairMeasures>Replace or dry out of the affected flooring materials, equipment and contents.  Remove areas that could be affected by mold.  Potentially considerable downtime.</RepairMeasures>
        <TagState>0</TagState>
        <UseCasualty>false</UseCasualty>
        <LongLeadFlag>false</LongLeadFlag>
        <AffectedFloorArea />
        <AffectedDeathRate>0</AffectedDeathRate>
        <AffectedInjuryRate>0</AffectedInjuryRate>
        <AffectedDeathRateBeta>0</AffectedDeathRateBeta>
        <AffectedInjuryRateBeta>0</AffectedInjuryRateBeta>
        <RedTagMedian>0</RedTagMedian>
        <RedTagBeta>0</RedTagBeta>
        <CostConsequence>
          <LowerQuantity>1000</LowerQuantity>
          <MaxAmount>46.32</MaxAmount>
          <UpperQuantity>5000</UpperQuantity>
          <MinAmount>30.88</MinAmount>
          <Uncertainty>0.2604</Uncertainty>
          <CurveType>Normal</CurveType>
        </CostConsequence>
        <TimeConsequence>
          <LowerQuantity>1000</LowerQuantity>
          <MaxAmount>0.1672</MaxAmount>
          <UpperQuantity>5000</UpperQuantity>
          <MinAmount>0.1128</MinAmount>
          <Uncertainty>0.2341</Uncertainty>
          <CurveType>Normal</CurveType>
        </TimeConsequence>
      </ConsequenceGroup>
      <Median>0.75</Median>
      <Beta>0.4</Beta>
    </DamageState>
    <DamageState>
      <Name></Name>
      <Description>Drop Joints Break - Major Leakage - 0.01 breaks  per drop, Flooring Damage Descrption by User.  User to include mutually exclusive damage states with different probabilities for varying percentages of the total floor area.  </Description>
      <DamageImageName></DamageImageName>
      <ConsequenceGroup>
        <RepairMeasures>Replace or dry out of the affected flooring materials, equipment and contents.  Remove areas that could be affected by mold.  Potentially considerable downtime.</RepairMeasures>
        <TagState>0</TagState>
        <UseCasualty>false</UseCasualty>
        <LongLeadFlag>false</LongLeadFlag>
        <AffectedFloorArea />
        <AffectedDeathRate>0</AffectedDeathRate>
        <AffectedInjuryRate>0</AffectedInjuryRate>
        <AffectedDeathRateBeta>0</AffectedDeathRateBeta>
        <AffectedInjuryRateBeta>0</AffectedInjuryRateBeta>
        <RedTagMedian>0</RedTagMedian>
        <RedTagBeta>0</RedTagBeta>
        <CostConsequence>
          <LowerQuantity>1</LowerQuantity>
          <MaxAmount>0</MaxAmount>
          <UpperQuantity>1</UpperQuantity>
          <MinAmount>0</MinAmount>
          <Uncertainty>0.5</Uncertainty>
          <CurveType>Normal</CurveType>
        </CostConsequence>
        <TimeConsequence>
          <LowerQuantity>1</LowerQuantity>
          <MaxAmount>0</MaxAmount>
          <UpperQuantity>1</UpperQuantity>
          <MinAmount>0</MinAmount>
          <Uncertainty>0.5</Uncertainty>
          <CurveType>Normal</CurveType>
        </TimeConsequence>
      </ConsequenceGroup>
      <Median>0.95</Median>
      <Beta>0.4</Beta>
    </DamageState>
  </DamageStates>
</FragilityCurve>