﻿<?xml version="1.0" encoding="utf-8"?>
<FragilityCurve FileVersion="2.0">
  <UniqueID>d7cfefa1-2a49-4f6c-a04d-5e6b3e8dfa79</UniqueID>
  <ID>C3032.004b</ID>
  <Description>Costing for each 600 SF Unit, Suspended Lay-in Acoustic Tile Ceiling, Support:  Vertical hanging wire, diagonal wires, and compression posts, 2 inch wide ledger support angles at wall and oversize holes around tile openings</Description>
  <BasicUnit>Each</BasicUnit>
  <Name>Suspended Ceiling, SDC D,E,F (Ip=1.5), Area (A): 250 &lt; A &lt; 1000, Vert &amp; Lat support</Name>
  <Author>Not Given</Author>
  <Correlation>0</Correlation>
  <Directional>false</Directional>
  <EDPType>
    <Dimension>NumLevelsPlusOne</Dimension>
    <TypeName>Acceleration</TypeName>
    <DefaultUnits>g</DefaultUnits>
    <UserDefined>false</UserDefined>
  </EDPType>
  <Ratings>
    <DataQuality>Marginal</DataQuality>
    <DataRelevance>Superior</DataRelevance>
    <Documentation>Marginal</Documentation>
    <Rationality>Average</Rationality>
  </Ratings>
  <Official>true</Official>
  <DateCreated>2012-10-12T16:48:10.0485683-07:00</DateCreated>
  <Approved>true</Approved>
  <Incomplete>false</Incomplete>
  <Notes>None</Notes>
  <UseEDPValueOfFloorAbove>true</UseEDPValueOfFloorAbove>
  <DamageStates>
    <DSGroupType>Sequential</DSGroupType>
    <DamageState>
      <Name></Name>
      <Description>5 % of tiles dislodge and fall.</Description>
      <DamageImageName></DamageImageName>
      <ConsequenceGroup>
        <RepairMeasures>Reinstall new acoustic tile for 5% or area.</RepairMeasures>
        <TagState>0</TagState>
        <UseCasualty>false</UseCasualty>
        <LongLeadFlag>false</LongLeadFlag>
        <AffectedFloorArea />
        <AffectedDeathRate>0</AffectedDeathRate>
        <AffectedInjuryRate>0</AffectedInjuryRate>
        <AffectedDeathRateBeta>0</AffectedDeathRateBeta>
        <AffectedInjuryRateBeta>0</AffectedInjuryRateBeta>
        <RedTagMedian>0</RedTagMedian>
        <RedTagBeta>0</RedTagBeta>
        <CostConsequence>
          <LowerQuantity>0.3846</LowerQuantity>
          <MaxAmount>1225.25</MaxAmount>
          <UpperQuantity>3.8462</UpperQuantity>
          <MinAmount>848.25</MinAmount>
          <Uncertainty>0.5508</Uncertainty>
          <CurveType>Normal</CurveType>
        </CostConsequence>
        <TimeConsequence>
          <LowerQuantity>0.3846</LowerQuantity>
          <MaxAmount>4.1371</MaxAmount>
          <UpperQuantity>3.8462</UpperQuantity>
          <MinAmount>2.9543</MinAmount>
          <Uncertainty>0.5852</Uncertainty>
          <CurveType>Normal</CurveType>
        </TimeConsequence>
      </ConsequenceGroup>
      <Median>0.8</Median>
      <Beta>0.4</Beta>
    </DamageState>
    <DamageState>
      <Name></Name>
      <Description>30% of tiles dislodge and fall and t-bar grid damaged.</Description>
      <DamageImageName></DamageImageName>
      <ConsequenceGroup>
        <RepairMeasures>Reinstall new acoustic tile and ceiling grids for 30% of area.</RepairMeasures>
        <TagState>0</TagState>
        <UseCasualty>false</UseCasualty>
        <LongLeadFlag>false</LongLeadFlag>
        <AffectedFloorArea />
        <AffectedDeathRate>0</AffectedDeathRate>
        <AffectedInjuryRate>0</AffectedInjuryRate>
        <AffectedDeathRateBeta>0</AffectedDeathRateBeta>
        <AffectedInjuryRateBeta>0</AffectedInjuryRateBeta>
        <RedTagMedian>0</RedTagMedian>
        <RedTagBeta>0</RedTagBeta>
        <CostConsequence>
          <LowerQuantity>0.3846</LowerQuantity>
          <MaxAmount>10224.5</MaxAmount>
          <UpperQuantity>3.8462</UpperQuantity>
          <MinAmount>7078.5</MinAmount>
          <Uncertainty>0.5043</Uncertainty>
          <CurveType>LogNormal</CurveType>
        </CostConsequence>
        <TimeConsequence>
          <LowerQuantity>0.3846</LowerQuantity>
          <MaxAmount>32.1024</MaxAmount>
          <UpperQuantity>3.8462</UpperQuantity>
          <MinAmount>22.2325</MinAmount>
          <Uncertainty>0.5065</Uncertainty>
          <CurveType>LogNormal</CurveType>
        </TimeConsequence>
      </ConsequenceGroup>
      <Median>1.3</Median>
      <Beta>0.4</Beta>
    </DamageState>
    <DamageState>
      <Name></Name>
      <Description>Total ceiling and grid collapse.</Description>
      <DamageImageName></DamageImageName>
      <ConsequenceGroup>
        <RepairMeasures>Totally replace ceiling and grid.</RepairMeasures>
        <TagState>0</TagState>
        <UseCasualty>true</UseCasualty>
        <LongLeadFlag>false</LongLeadFlag>
        <AffectedFloorArea>
          <Area>
            <Unit>Square Foot</Unit>
            <Value>650</Value>
          </Area>
        </AffectedFloorArea>
        <AffectedDeathRate>0</AffectedDeathRate>
        <AffectedInjuryRate>0.1</AffectedInjuryRate>
        <AffectedDeathRateBeta>0</AffectedDeathRateBeta>
        <AffectedInjuryRateBeta>0.5</AffectedInjuryRateBeta>
        <RedTagMedian>0</RedTagMedian>
        <RedTagBeta>0</RedTagBeta>
        <CostConsequence>
          <LowerQuantity>0.3846</LowerQuantity>
          <MaxAmount>19756.1</MaxAmount>
          <UpperQuantity>3.8462</UpperQuantity>
          <MinAmount>13677.3</MinAmount>
          <Uncertainty>0.2046</Uncertainty>
          <CurveType>LogNormal</CurveType>
        </CostConsequence>
        <TimeConsequence>
          <LowerQuantity>0.3846</LowerQuantity>
          <MaxAmount>61.7531</MaxAmount>
          <UpperQuantity>3.8462</UpperQuantity>
          <MinAmount>42.6823</MinAmount>
          <Uncertainty>0.2091</Uncertainty>
          <CurveType>LogNormal</CurveType>
        </TimeConsequence>
      </ConsequenceGroup>
      <Median>2</Median>
      <Beta>0.4</Beta>
    </DamageState>
  </DamageStates>
</FragilityCurve>