﻿<?xml version="1.0" encoding="utf-8"?>
<FragilityCurve FileVersion="2.0">
  <UniqueID>29583330-e467-488e-af6f-ba5d836caf94</UniqueID>
  <ID>D1014.022</ID>
  <Description>Costing per elevator.  Elevator demand parameter shall be defined as the peak floor acceleration at the first floor.  The elevator fragility for a multiple story building should only be entered once on the first floor.</Description>
  <BasicUnit>Each</BasicUnit>
  <Name>Hydraulic Elevator – Applies to most California Installations prior to 1976, most western states installations prior to 1982 and most U.S installations prior to 1998.</Name>
  <Author>Not Given</Author>
  <Correlation>0</Correlation>
  <Directional>false</Directional>
  <EDPType>
    <Dimension>NumLevelsPlusOne</Dimension>
    <TypeName>Acceleration</TypeName>
    <DefaultUnits>g</DefaultUnits>
    <UserDefined>false</UserDefined>
  </EDPType>
  <Ratings>
    <DataQuality>NA</DataQuality>
    <DataRelevance>NA</DataRelevance>
    <Documentation>NA</Documentation>
    <Rationality>NA</Rationality>
  </Ratings>
  <Official>true</Official>
  <DateCreated>2012-10-12T16:48:11.7755683-07:00</DateCreated>
  <Approved>true</Approved>
  <Incomplete>false</Incomplete>
  <Notes>None</Notes>
  <UseEDPValueOfFloorAbove>false</UseEDPValueOfFloorAbove>
  <DamageStates>
    <DSGroupType>Sequential</DSGroupType>
    <DamageState>
      <Name></Name>
      <Description>Damaged controls.</Description>
      <DamageImageName></DamageImageName>
      <DamageStates>
        <DSGroupType>Simultaneous</DSGroupType>
        <DamageState>
          <Name></Name>
          <Description>Damaged controls.</Description>
          <DamageImageName></DamageImageName>
          <ConsequenceGroup>
            <RepairMeasures>Multiple repairs possible (% change of each):  Repair damaged controls (100%)</RepairMeasures>
            <TagState>0</TagState>
            <UseCasualty>false</UseCasualty>
            <LongLeadFlag>false</LongLeadFlag>
            <AffectedFloorArea />
            <AffectedDeathRate>0</AffectedDeathRate>
            <AffectedInjuryRate>0</AffectedInjuryRate>
            <AffectedDeathRateBeta>0</AffectedDeathRateBeta>
            <AffectedInjuryRateBeta>0</AffectedInjuryRateBeta>
            <RedTagMedian>0</RedTagMedian>
            <RedTagBeta>0</RedTagBeta>
            <CostConsequence>
              <LowerQuantity>1</LowerQuantity>
              <MaxAmount>868</MaxAmount>
              <UpperQuantity>1</UpperQuantity>
              <MinAmount>868</MinAmount>
              <Uncertainty>0.82</Uncertainty>
              <CurveType>LogNormal</CurveType>
            </CostConsequence>
            <TimeConsequence>
              <LowerQuantity>1</LowerQuantity>
              <MaxAmount>2.55</MaxAmount>
              <UpperQuantity>1</UpperQuantity>
              <MinAmount>2.55</MinAmount>
              <Uncertainty>0.82</Uncertainty>
              <CurveType>LogNormal</CurveType>
            </TimeConsequence>
          </ConsequenceGroup>
          <Percent>0.3</Percent>
        </DamageState>
        <DamageState>
          <Name></Name>
          <Description>Damaged vane and hoist-way switches, and or bent cab stabilizers, and or damaged car guide shoes.</Description>
          <DamageImageName></DamageImageName>
          <ConsequenceGroup>
            <RepairMeasures>Multiple repairs possible (% change of each):  Repair damaged vane and hoist-way switches (41%), and or repair bent cab stabilizers (41%), and or repair damaged car guide shoes (41%). </RepairMeasures>
            <TagState>0</TagState>
            <UseCasualty>false</UseCasualty>
            <LongLeadFlag>false</LongLeadFlag>
            <AffectedFloorArea />
            <AffectedDeathRate>0</AffectedDeathRate>
            <AffectedInjuryRate>0</AffectedInjuryRate>
            <AffectedDeathRateBeta>0</AffectedDeathRateBeta>
            <AffectedInjuryRateBeta>0</AffectedInjuryRateBeta>
            <RedTagMedian>0</RedTagMedian>
            <RedTagBeta>0</RedTagBeta>
            <CostConsequence>
              <LowerQuantity>1</LowerQuantity>
              <MaxAmount>3180</MaxAmount>
              <UpperQuantity>1</UpperQuantity>
              <MinAmount>3180</MinAmount>
              <Uncertainty>0.32</Uncertainty>
              <CurveType>Normal</CurveType>
            </CostConsequence>
            <TimeConsequence>
              <LowerQuantity>1</LowerQuantity>
              <MaxAmount>9.36</MaxAmount>
              <UpperQuantity>1</UpperQuantity>
              <MinAmount>9.36</MinAmount>
              <Uncertainty>0.32</Uncertainty>
              <CurveType>LogNormal</CurveType>
            </TimeConsequence>
          </ConsequenceGroup>
          <Percent>0.49</Percent>
        </DamageState>
        <DamageState>
          <Name></Name>
          <Description>Damaged entrance and car door, and or flooring damage.</Description>
          <DamageImageName></DamageImageName>
          <ConsequenceGroup>
            <RepairMeasures>Multiple repairs possible (% change of each):  Repair damage to cab door (68%), and or repair cab flooring (46%)</RepairMeasures>
            <TagState>0</TagState>
            <UseCasualty>false</UseCasualty>
            <LongLeadFlag>true</LongLeadFlag>
            <AffectedFloorArea />
            <AffectedDeathRate>0</AffectedDeathRate>
            <AffectedInjuryRate>0</AffectedInjuryRate>
            <AffectedDeathRateBeta>0</AffectedDeathRateBeta>
            <AffectedInjuryRateBeta>0</AffectedInjuryRateBeta>
            <RedTagMedian>0</RedTagMedian>
            <RedTagBeta>0</RedTagBeta>
            <CostConsequence>
              <LowerQuantity>1</LowerQuantity>
              <MaxAmount>6060</MaxAmount>
              <UpperQuantity>1</UpperQuantity>
              <MinAmount>6060</MinAmount>
              <Uncertainty>0.44</Uncertainty>
              <CurveType>Normal</CurveType>
            </CostConsequence>
            <TimeConsequence>
              <LowerQuantity>1</LowerQuantity>
              <MaxAmount>17.8</MaxAmount>
              <UpperQuantity>1</UpperQuantity>
              <MinAmount>17.8</MinAmount>
              <Uncertainty>0.44</Uncertainty>
              <CurveType>Normal</CurveType>
            </TimeConsequence>
          </ConsequenceGroup>
          <Percent>0.44</Percent>
        </DamageState>
        <DamageState>
          <Name></Name>
          <Description>Oil leak in hydraulic line, and or hydraulic tank failure.</Description>
          <DamageImageName></DamageImageName>
          <ConsequenceGroup>
            <RepairMeasures>Multiple repairs possible (% change of each):  Repair oil leak in hydraulic line (27%), and or hydraulic tank failure (81%)</RepairMeasures>
            <TagState>0</TagState>
            <UseCasualty>false</UseCasualty>
            <LongLeadFlag>false</LongLeadFlag>
            <AffectedFloorArea />
            <AffectedDeathRate>0</AffectedDeathRate>
            <AffectedInjuryRate>0</AffectedInjuryRate>
            <AffectedDeathRateBeta>0</AffectedDeathRateBeta>
            <AffectedInjuryRateBeta>0</AffectedInjuryRateBeta>
            <RedTagMedian>0</RedTagMedian>
            <RedTagBeta>0</RedTagBeta>
            <CostConsequence>
              <LowerQuantity>1</LowerQuantity>
              <MaxAmount>1880</MaxAmount>
              <UpperQuantity>1</UpperQuantity>
              <MinAmount>1880</MinAmount>
              <Uncertainty>0.23</Uncertainty>
              <CurveType>LogNormal</CurveType>
            </CostConsequence>
            <TimeConsequence>
              <LowerQuantity>1</LowerQuantity>
              <MaxAmount>5.53</MaxAmount>
              <UpperQuantity>1</UpperQuantity>
              <MinAmount>5.53</MinAmount>
              <Uncertainty>0.23</Uncertainty>
              <CurveType>Normal</CurveType>
            </TimeConsequence>
          </ConsequenceGroup>
          <Percent>0.37</Percent>
        </DamageState>
      </DamageStates>
      <Median>0.3</Median>
      <Beta>0.3</Beta>
    </DamageState>
  </DamageStates>
</FragilityCurve>