﻿<?xml version="1.0" encoding="utf-8"?>
<FragilityCurve FileVersion="2.0">
  <UniqueID>2acc184b-a3a6-4f85-aa0f-0e6ad7903568</UniqueID>
  <ID>D2031.011b</ID>
  <Description>Costing based upon 1000 ft segments of pipe</Description>
  <BasicUnit>Each</BasicUnit>
  <Name>Sanitary Waste Piping - Cast Iron w/flexible couplings, SDC A,B, BRACING FRAGILITY</Name>
  <Author></Author>
  <Correlation>1</Correlation>
  <Directional>false</Directional>
  <EDPType>
    <Dimension>NumLevelsPlusOne</Dimension>
    <TypeName>Acceleration</TypeName>
    <DefaultUnits>g</DefaultUnits>
    <UserDefined>false</UserDefined>
  </EDPType>
  <Ratings>
    <DataQuality>NA</DataQuality>
    <DataRelevance>NA</DataRelevance>
    <Documentation>NA</Documentation>
    <Rationality>NA</Rationality>
  </Ratings>
  <Official>true</Official>
  <DateCreated>2012-10-12T16:49:08.2735683-07:00</DateCreated>
  <Approved>true</Approved>
  <Incomplete>true</Incomplete>
  <Notes>Yes
Import errors:
 Warning: D2031.011b: Could not parse Correlation - Assuming Correlated
Warning: D2031.011b: Could not parse Demand Location - Using False
Warning, Data missing: D2031.011b:DS1: Could not parse dispersion - using 0.5
Warning, Data missing: D2031.011b:DS2: Could not parse dispersion - using 0.5
</Notes>
  <UseEDPValueOfFloorAbove>false</UseEDPValueOfFloorAbove>
  <DamageStates>
    <DSGroupType>Sequential</DSGroupType>
    <DamageState>
      <Name></Name>
      <Description>Isolated support failure w/o leakage - 0.5 supports failures per 1000 feet of pipe (assuming supports every 20 feet)</Description>
      <DamageImageName></DamageImageName>
      <ConsequenceGroup>
        <RepairMeasures>NO</RepairMeasures>
        <TagState>0</TagState>
        <UseCasualty>false</UseCasualty>
        <LongLeadFlag>false</LongLeadFlag>
        <AffectedFloorArea />
        <AffectedDeathRate>0</AffectedDeathRate>
        <AffectedInjuryRate>0</AffectedInjuryRate>
        <AffectedDeathRateBeta>0</AffectedDeathRateBeta>
        <AffectedInjuryRateBeta>0</AffectedInjuryRateBeta>
        <RedTagMedian>0</RedTagMedian>
        <RedTagBeta>0</RedTagBeta>
        <CostConsequence>
          <LowerQuantity>250</LowerQuantity>
          <MaxAmount>800</MaxAmount>
          <UpperQuantity>500</UpperQuantity>
          <MinAmount>240</MinAmount>
          <Uncertainty>0.5758</Uncertainty>
          <CurveType>LogNormal</CurveType>
        </CostConsequence>
        <TimeConsequence>
          <LowerQuantity>250</LowerQuantity>
          <MaxAmount>2.3565</MaxAmount>
          <UpperQuantity>500</UpperQuantity>
          <MinAmount>0.7094</MinAmount>
          <Uncertainty>0.574</Uncertainty>
          <CurveType>LogNormal</CurveType>
        </TimeConsequence>
      </ConsequenceGroup>
      <Median>1.2</Median>
      <Beta>0.5</Beta>
    </DamageState>
    <DamageState>
      <Name></Name>
      <Description>Multiple supports failure and    60 feet of pipe fail per 1000 feet of pipe (assuming supports every 20 feet)</Description>
      <DamageImageName></DamageImageName>
      <ConsequenceGroup>
        <RepairMeasures>NO</RepairMeasures>
        <TagState>0</TagState>
        <UseCasualty>false</UseCasualty>
        <LongLeadFlag>false</LongLeadFlag>
        <AffectedFloorArea />
        <AffectedDeathRate>0</AffectedDeathRate>
        <AffectedInjuryRate>0</AffectedInjuryRate>
        <AffectedDeathRateBeta>0</AffectedDeathRateBeta>
        <AffectedInjuryRateBeta>0</AffectedInjuryRateBeta>
        <RedTagMedian>0</RedTagMedian>
        <RedTagBeta>0</RedTagBeta>
        <CostConsequence>
          <LowerQuantity>250</LowerQuantity>
          <MaxAmount>5700</MaxAmount>
          <UpperQuantity>500</UpperQuantity>
          <MinAmount>1710</MinAmount>
          <Uncertainty>0.3401</Uncertainty>
          <CurveType>LogNormal</CurveType>
        </CostConsequence>
        <TimeConsequence>
          <LowerQuantity>250</LowerQuantity>
          <MaxAmount>16.7624</MaxAmount>
          <UpperQuantity>500</UpperQuantity>
          <MinAmount>5.0271</MinAmount>
          <Uncertainty>0.3402</Uncertainty>
          <CurveType>LogNormal</CurveType>
        </TimeConsequence>
      </ConsequenceGroup>
      <Median>2.4</Median>
      <Beta>0.5</Beta>
    </DamageState>
  </DamageStates>
</FragilityCurve>