﻿<?xml version="1.0" encoding="utf-8"?>
<FragilityCurve FileVersion="2.0">
  <UniqueID>19057763-df1c-4000-b250-675cd76cbe9a</UniqueID>
  <ID>D2051.021b</ID>
  <Description>Costing based upon 1000 ft segments of pipe, pipe greater than 2.5 inches in diameter</Description>
  <BasicUnit>Each</BasicUnit>
  <Name>Chilled Water Piping - Large Diameter Welded Steel - (greater than 2.5 inches in diameter), SDC A or B, BRACING FRAGILITY</Name>
  <Author></Author>
  <Correlation>1</Correlation>
  <Directional>false</Directional>
  <EDPType>
    <Dimension>NumLevelsPlusOne</Dimension>
    <TypeName>Acceleration</TypeName>
    <DefaultUnits>g</DefaultUnits>
    <UserDefined>false</UserDefined>
  </EDPType>
  <Ratings>
    <DataQuality>NA</DataQuality>
    <DataRelevance>NA</DataRelevance>
    <Documentation>NA</Documentation>
    <Rationality>NA</Rationality>
  </Ratings>
  <Official>true</Official>
  <DateCreated>2012-10-12T16:49:13.9265683-07:00</DateCreated>
  <Approved>true</Approved>
  <Incomplete>true</Incomplete>
  <Notes>Yes
Import errors:
 Warning: D2051.021b: Could not parse Correlation - Assuming Correlated
Warning: D2051.021b: Could not parse Demand Location - Using False
Warning, Data missing: D2051.021b:DS1: Could not parse dispersion - using 0.5
</Notes>
  <UseEDPValueOfFloorAbove>false</UseEDPValueOfFloorAbove>
  <DamageStates>
    <DSGroupType>Sequential</DSGroupType>
    <DamageState>
      <Name></Name>
      <Description>Vertical Brace Failure - 1 failure per 1000 feet of pipe </Description>
      <DamageImageName></DamageImageName>
      <ConsequenceGroup>
        <RepairMeasures>NO</RepairMeasures>
        <TagState>0</TagState>
        <UseCasualty>false</UseCasualty>
        <LongLeadFlag>false</LongLeadFlag>
        <AffectedFloorArea />
        <AffectedDeathRate>0</AffectedDeathRate>
        <AffectedInjuryRate>0</AffectedInjuryRate>
        <AffectedDeathRateBeta>0</AffectedDeathRateBeta>
        <AffectedInjuryRateBeta>0</AffectedInjuryRateBeta>
        <RedTagMedian>0</RedTagMedian>
        <RedTagBeta>0</RedTagBeta>
        <CostConsequence>
          <LowerQuantity>250</LowerQuantity>
          <MaxAmount>1000</MaxAmount>
          <UpperQuantity>500</UpperQuantity>
          <MinAmount>300</MinAmount>
          <Uncertainty>0.4695</Uncertainty>
          <CurveType>LogNormal</CurveType>
        </CostConsequence>
        <TimeConsequence>
          <LowerQuantity>250</LowerQuantity>
          <MaxAmount>2.3726</MaxAmount>
          <UpperQuantity>500</UpperQuantity>
          <MinAmount>0.451</MinAmount>
          <Uncertainty>0.6028</Uncertainty>
          <CurveType>LogNormal</CurveType>
        </TimeConsequence>
      </ConsequenceGroup>
      <Median>2.25</Median>
      <Beta>0.5</Beta>
    </DamageState>
  </DamageStates>
</FragilityCurve>