﻿<?xml version="1.0" encoding="utf-8"?>
<FragilityCurve FileVersion="2.0">
  <UniqueID>06db17de-0c1a-4826-bbc6-cc14b7a856aa</UniqueID>
  <ID>D2061.022a</ID>
  <Description>Costing based upon 1000 ft segments of pipe, pipe greater than 2.5 inches in diameter</Description>
  <BasicUnit>Each</BasicUnit>
  <Name>Steam Piping - Large Diameter Welded Steel - (greater than 2.5 inches in diameter), SDC C, PIPING FRAGILITY</Name>
  <Author></Author>
  <Correlation>1</Correlation>
  <Directional>false</Directional>
  <EDPType>
    <Dimension>NumLevelsPlusOne</Dimension>
    <TypeName>Acceleration</TypeName>
    <DefaultUnits>g</DefaultUnits>
    <UserDefined>false</UserDefined>
  </EDPType>
  <Ratings>
    <DataQuality>NA</DataQuality>
    <DataRelevance>NA</DataRelevance>
    <Documentation>NA</Documentation>
    <Rationality>NA</Rationality>
  </Ratings>
  <Official>true</Official>
  <DateCreated>2012-10-12T16:49:18.0775683-07:00</DateCreated>
  <Approved>true</Approved>
  <Incomplete>true</Incomplete>
  <Notes>Yes
Import errors:
 Warning: D2061.022a: Could not parse Correlation - Assuming Correlated
Warning: D2061.022a: Could not parse Demand Location - Using False
Warning, Data missing: D2061.022a:DS1: Could not parse dispersion - using 0.5
Warning, Data missing: D2061.022a:DS2: Could not parse dispersion - using 0.5
Warning: D2061.022a:DS2: Could not parse Long Lead Time - Assuming no
</Notes>
  <UseEDPValueOfFloorAbove>false</UseEDPValueOfFloorAbove>
  <DamageStates>
    <DSGroupType>Sequential</DSGroupType>
    <DamageState>
      <Name></Name>
      <Description>Minor leakage at flange connections  -  1 leak per 1000  feet of pipe </Description>
      <DamageImageName></DamageImageName>
      <ConsequenceGroup>
        <RepairMeasures>NO</RepairMeasures>
        <TagState>0</TagState>
        <UseCasualty>false</UseCasualty>
        <LongLeadFlag>false</LongLeadFlag>
        <AffectedFloorArea />
        <AffectedDeathRate>0</AffectedDeathRate>
        <AffectedInjuryRate>0</AffectedInjuryRate>
        <AffectedDeathRateBeta>0</AffectedDeathRateBeta>
        <AffectedInjuryRateBeta>0</AffectedInjuryRateBeta>
        <RedTagMedian>0</RedTagMedian>
        <RedTagBeta>0</RedTagBeta>
        <CostConsequence>
          <LowerQuantity>250</LowerQuantity>
          <MaxAmount>700</MaxAmount>
          <UpperQuantity>500</UpperQuantity>
          <MinAmount>210</MinAmount>
          <Uncertainty>0.6488</Uncertainty>
          <CurveType>LogNormal</CurveType>
        </CostConsequence>
        <TimeConsequence>
          <LowerQuantity>250</LowerQuantity>
          <MaxAmount>1.9608</MaxAmount>
          <UpperQuantity>500</UpperQuantity>
          <MinAmount>0.6157</MinAmount>
          <Uncertainty>0.7803</Uncertainty>
          <CurveType>Normal</CurveType>
        </TimeConsequence>
      </ConsequenceGroup>
      <Median>1.5</Median>
      <Beta>0.5</Beta>
    </DamageState>
    <DamageState>
      <Name></Name>
      <Description>Pipe Break - 1 break per 1000 feet of pipe</Description>
      <DamageImageName></DamageImageName>
      <ConsequenceGroup>
        <RepairMeasures>YES</RepairMeasures>
        <TagState>0</TagState>
        <UseCasualty>false</UseCasualty>
        <LongLeadFlag>false</LongLeadFlag>
        <AffectedFloorArea />
        <AffectedDeathRate>0</AffectedDeathRate>
        <AffectedInjuryRate>0</AffectedInjuryRate>
        <AffectedDeathRateBeta>0</AffectedDeathRateBeta>
        <AffectedInjuryRateBeta>0</AffectedInjuryRateBeta>
        <RedTagMedian>0</RedTagMedian>
        <RedTagBeta>0</RedTagBeta>
        <CostConsequence>
          <LowerQuantity>250</LowerQuantity>
          <MaxAmount>6700</MaxAmount>
          <UpperQuantity>500</UpperQuantity>
          <MinAmount>2010</MinAmount>
          <Uncertainty>0.4038</Uncertainty>
          <CurveType>LogNormal</CurveType>
        </CostConsequence>
        <TimeConsequence>
          <LowerQuantity>250</LowerQuantity>
          <MaxAmount>18.1961</MaxAmount>
          <UpperQuantity>500</UpperQuantity>
          <MinAmount>5.3216</MinAmount>
          <Uncertainty>0.4178</Uncertainty>
          <CurveType>LogNormal</CurveType>
        </TimeConsequence>
      </ConsequenceGroup>
      <Median>2.6</Median>
      <Beta>0.5</Beta>
    </DamageState>
  </DamageStates>
</FragilityCurve>