﻿<?xml version="1.0" encoding="utf-8"?>
<FragilityCurve FileVersion="2.0">
  <UniqueID>d2da3569-30b5-415c-8b7e-a5d220795d21</UniqueID>
  <ID>D3031.022k</ID>
  <Description>Costing is per unit and is based upon 850 Ton.</Description>
  <BasicUnit>Each</BasicUnit>
  <Name>Cooling Tower - Capacity: 750 to &lt;1000 Ton - Vibration isolated equipment that is not snubbed or restrained - Equipment fragility only</Name>
  <Author>Not Given</Author>
  <Correlation>0</Correlation>
  <Directional>false</Directional>
  <EDPType>
    <Dimension>NumLevelsPlusOne</Dimension>
    <TypeName>Acceleration</TypeName>
    <DefaultUnits>g</DefaultUnits>
    <UserDefined>false</UserDefined>
  </EDPType>
  <Ratings>
    <DataQuality>Average</DataQuality>
    <DataRelevance>Average</DataRelevance>
    <Documentation>Superior</Documentation>
    <Rationality>Superior</Rationality>
  </Ratings>
  <Official>true</Official>
  <DateCreated>2012-10-12T16:48:19.2295683-07:00</DateCreated>
  <Approved>true</Approved>
  <Incomplete>false</Incomplete>
  <Notes>None</Notes>
  <UseEDPValueOfFloorAbove>false</UseEDPValueOfFloorAbove>
  <DamageStates>
    <DSGroupType>Sequential</DSGroupType>
    <DamageState>
      <Name></Name>
      <Description>Damaged equipment and attached piping but anchorage is OK.</Description>
      <DamageImageName></DamageImageName>
      <ConsequenceGroup>
        <RepairMeasures>Repair damaged equipment and attached piping.</RepairMeasures>
        <TagState>0</TagState>
        <UseCasualty>false</UseCasualty>
        <LongLeadFlag>true</LongLeadFlag>
        <AffectedFloorArea />
        <AffectedDeathRate>0</AffectedDeathRate>
        <AffectedInjuryRate>0</AffectedInjuryRate>
        <AffectedDeathRateBeta>0</AffectedDeathRateBeta>
        <AffectedInjuryRateBeta>0</AffectedInjuryRateBeta>
        <RedTagMedian>0</RedTagMedian>
        <RedTagBeta>0</RedTagBeta>
        <CostConsequence>
          <LowerQuantity>1</LowerQuantity>
          <MaxAmount>240350</MaxAmount>
          <UpperQuantity>4</UpperQuantity>
          <MinAmount>196650</MinAmount>
          <Uncertainty>0.173</Uncertainty>
          <CurveType>LogNormal</CurveType>
        </CostConsequence>
        <TimeConsequence>
          <LowerQuantity>1</LowerQuantity>
          <MaxAmount>226.2147</MaxAmount>
          <UpperQuantity>4</UpperQuantity>
          <MinAmount>185.0853</MinAmount>
          <Uncertainty>0.173</Uncertainty>
          <CurveType>LogNormal</CurveType>
        </TimeConsequence>
      </ConsequenceGroup>
      <Median>0.97</Median>
      <Beta>0.6</Beta>
    </DamageState>
  </DamageStates>
</FragilityCurve>