﻿<?xml version="1.0" encoding="utf-8"?>
<FragilityCurve FileVersion="2.0">
  <UniqueID>990ce7a1-2d11-4f12-8d0e-5329c7491e48</UniqueID>
  <ID>D3031.013f</ID>
  <Description>Costing is per unit and is based upon 250 Ton.</Description>
  <BasicUnit>Each</BasicUnit>
  <Name>Chiller - Capacity: 100 to &lt;350 Ton - Equipment that is either hard anchored or is vibration isolated with seismic snubbers/restraints - Combined anchorage/isolator &amp; equipment fragility</Name>
  <Author>Not Given</Author>
  <Correlation>0</Correlation>
  <Directional>false</Directional>
  <EDPType>
    <Dimension>NumLevelsPlusOne</Dimension>
    <TypeName>Acceleration</TypeName>
    <DefaultUnits>g</DefaultUnits>
    <UserDefined>false</UserDefined>
  </EDPType>
  <Ratings>
    <DataQuality>Average</DataQuality>
    <DataRelevance>Average</DataRelevance>
    <Documentation>Superior</Documentation>
    <Rationality>Superior</Rationality>
  </Ratings>
  <Official>true</Official>
  <DateCreated>2012-10-12T16:48:15.9915683-07:00</DateCreated>
  <Approved>true</Approved>
  <Incomplete>true</Incomplete>
  <Notes>User to provide median demand and dispersion values.  The values listed are default PACT values and do not represent the response of this component.
Import errors:
 Warning, Data missing: D3031.013f:DS1: Could not parse median - using 500
Warning, Data missing: D3031.013f:DS1: Could not parse dispersion - using 0.5
</Notes>
  <UseEDPValueOfFloorAbove>false</UseEDPValueOfFloorAbove>
  <DamageStates>
    <DSGroupType>Sequential</DSGroupType>
    <DamageState>
      <Name></Name>
      <Description>Anchorage failure.</Description>
      <DamageImageName>D3031.013a-DS1-1.JPG</DamageImageName>
      <DamageStates>
        <DSGroupType>MutuallyExclusive</DSGroupType>
        <DamageState>
          <Name></Name>
          <Description>Anchorage failure.</Description>
          <DamageImageName>D3031.013a-DS1-1.JPG</DamageImageName>
          <ConsequenceGroup>
            <RepairMeasures>Repair anchorage and concrete pad and remount equipment.</RepairMeasures>
            <TagState>0</TagState>
            <UseCasualty>false</UseCasualty>
            <LongLeadFlag>true</LongLeadFlag>
            <AffectedFloorArea />
            <AffectedDeathRate>0</AffectedDeathRate>
            <AffectedInjuryRate>0</AffectedInjuryRate>
            <AffectedDeathRateBeta>0</AffectedDeathRateBeta>
            <AffectedInjuryRateBeta>0</AffectedInjuryRateBeta>
            <RedTagMedian>0</RedTagMedian>
            <RedTagBeta>0</RedTagBeta>
            <CostConsequence>
              <LowerQuantity>1</LowerQuantity>
              <MaxAmount>1650</MaxAmount>
              <UpperQuantity>4</UpperQuantity>
              <MinAmount>1350</MinAmount>
              <Uncertainty>0.3984</Uncertainty>
              <CurveType>Normal</CurveType>
            </CostConsequence>
            <TimeConsequence>
              <LowerQuantity>1</LowerQuantity>
              <MaxAmount>5.4706</MaxAmount>
              <UpperQuantity>4</UpperQuantity>
              <MinAmount>4.5294</MinAmount>
              <Uncertainty>0.3775</Uncertainty>
              <CurveType>LogNormal</CurveType>
            </TimeConsequence>
          </ConsequenceGroup>
          <Percent>0.35</Percent>
        </DamageState>
        <DamageState>
          <Name></Name>
          <Description>Anchorage failure &amp; Equipment damaged beyond repair.</Description>
          <DamageImageName></DamageImageName>
          <ConsequenceGroup>
            <RepairMeasures>Replace equipment including attached utilities in addition to repairing anchorage and concrete pad.</RepairMeasures>
            <TagState>0</TagState>
            <UseCasualty>false</UseCasualty>
            <LongLeadFlag>true</LongLeadFlag>
            <AffectedFloorArea />
            <AffectedDeathRate>0</AffectedDeathRate>
            <AffectedInjuryRate>0</AffectedInjuryRate>
            <AffectedDeathRateBeta>0</AffectedDeathRateBeta>
            <AffectedInjuryRateBeta>0</AffectedInjuryRateBeta>
            <RedTagMedian>0</RedTagMedian>
            <RedTagBeta>0</RedTagBeta>
            <CostConsequence>
              <LowerQuantity>1</LowerQuantity>
              <MaxAmount>169950</MaxAmount>
              <UpperQuantity>4</UpperQuantity>
              <MinAmount>139050</MinAmount>
              <Uncertainty>0.1733</Uncertainty>
              <CurveType>LogNormal</CurveType>
            </CostConsequence>
            <TimeConsequence>
              <LowerQuantity>1</LowerQuantity>
              <MaxAmount>193.4706</MaxAmount>
              <UpperQuantity>4</UpperQuantity>
              <MinAmount>96.5294</MinAmount>
              <Uncertainty>0.1729</Uncertainty>
              <CurveType>LogNormal</CurveType>
            </TimeConsequence>
          </ConsequenceGroup>
          <Percent>0.15</Percent>
        </DamageState>
        <DamageState>
          <Name></Name>
          <Description>Damaged, Inoperative but anchorage is OK</Description>
          <DamageImageName></DamageImageName>
          <ConsequenceGroup>
            <RepairMeasures>Repair chiller and attached piping.</RepairMeasures>
            <TagState>0</TagState>
            <UseCasualty>false</UseCasualty>
            <LongLeadFlag>true</LongLeadFlag>
            <AffectedFloorArea />
            <AffectedDeathRate>0</AffectedDeathRate>
            <AffectedInjuryRate>0</AffectedInjuryRate>
            <AffectedDeathRateBeta>0</AffectedDeathRateBeta>
            <AffectedInjuryRateBeta>0</AffectedInjuryRateBeta>
            <RedTagMedian>0</RedTagMedian>
            <RedTagBeta>0</RedTagBeta>
            <CostConsequence>
              <LowerQuantity>1</LowerQuantity>
              <MaxAmount>168300</MaxAmount>
              <UpperQuantity>4</UpperQuantity>
              <MinAmount>137700</MinAmount>
              <Uncertainty>0.1711</Uncertainty>
              <CurveType>LogNormal</CurveType>
            </CostConsequence>
            <TimeConsequence>
              <LowerQuantity>1</LowerQuantity>
              <MaxAmount>192</MaxAmount>
              <UpperQuantity>4</UpperQuantity>
              <MinAmount>96</MinAmount>
              <Uncertainty>0.1716</Uncertainty>
              <CurveType>LogNormal</CurveType>
            </TimeConsequence>
          </ConsequenceGroup>
          <Percent>0.5</Percent>
        </DamageState>
      </DamageStates>
      <Median>500</Median>
      <Beta>0.5</Beta>
    </DamageState>
  </DamageStates>
</FragilityCurve>