﻿<?xml version="1.0" encoding="utf-8"?>
<FragilityCurve FileVersion="2.0">
  <UniqueID>40eccdeb-c820-45b4-ba9d-7815cd455378</UniqueID>
  <ID>D3041.001d</ID>
  <Description>Costing per 10 units</Description>
  <BasicUnit>Each</BasicUnit>
  <Name>HVAC Fan In Line Fan, Fan independently supported and vibration isolators, SDC D, E, F (OSHPD or sim)</Name>
  <Author>Not Given</Author>
  <Correlation>0</Correlation>
  <Directional>false</Directional>
  <EDPType>
    <Dimension>NumLevelsPlusOne</Dimension>
    <TypeName>Acceleration</TypeName>
    <DefaultUnits>g</DefaultUnits>
    <UserDefined>false</UserDefined>
  </EDPType>
  <Ratings>
    <DataQuality>Marginal</DataQuality>
    <DataRelevance>Superior</DataRelevance>
    <Documentation>Marginal</Documentation>
    <Rationality>Marginal</Rationality>
  </Ratings>
  <Official>true</Official>
  <DateCreated>2012-10-12T16:48:26.6965683-07:00</DateCreated>
  <Approved>true</Approved>
  <Incomplete>false</Incomplete>
  <Notes>One failure is expected per 10 units.</Notes>
  <UseEDPValueOfFloorAbove>true</UseEDPValueOfFloorAbove>
  <DamageStates>
    <DSGroupType>Sequential</DSGroupType>
    <DamageState>
      <Name></Name>
      <Description>Bellows fails at fans</Description>
      <DamageImageName></DamageImageName>
      <ConsequenceGroup>
        <RepairMeasures>Replace failed bellows.</RepairMeasures>
        <TagState>0</TagState>
        <UseCasualty>false</UseCasualty>
        <LongLeadFlag>false</LongLeadFlag>
        <AffectedFloorArea />
        <AffectedDeathRate>0</AffectedDeathRate>
        <AffectedInjuryRate>0</AffectedInjuryRate>
        <AffectedDeathRateBeta>0</AffectedDeathRateBeta>
        <AffectedInjuryRateBeta>0</AffectedInjuryRateBeta>
        <RedTagMedian>0</RedTagMedian>
        <RedTagBeta>0</RedTagBeta>
        <CostConsequence>
          <LowerQuantity>3</LowerQuantity>
          <MaxAmount>8400</MaxAmount>
          <UpperQuantity>10</UpperQuantity>
          <MinAmount>5600</MinAmount>
          <Uncertainty>0.3425</Uncertainty>
          <CurveType>LogNormal</CurveType>
        </CostConsequence>
        <TimeConsequence>
          <LowerQuantity>3</LowerQuantity>
          <MaxAmount>24.7176</MaxAmount>
          <UpperQuantity>10</UpperQuantity>
          <MinAmount>16.4824</MinAmount>
          <Uncertainty>0.3421</Uncertainty>
          <CurveType>LogNormal</CurveType>
        </TimeConsequence>
      </ConsequenceGroup>
      <Median>2.25</Median>
      <Beta>0.4</Beta>
    </DamageState>
    <DamageState>
      <Name></Name>
      <Description>Fan dislodges from isolators and drops</Description>
      <DamageImageName></DamageImageName>
      <ConsequenceGroup>
        <RepairMeasures>Replace fan, isolators and section of ducting to which fan is connected.</RepairMeasures>
        <TagState>0</TagState>
        <UseCasualty>true</UseCasualty>
        <LongLeadFlag>false</LongLeadFlag>
        <AffectedFloorArea>
          <Area>
            <Unit>Square Foot</Unit>
            <Value>10</Value>
          </Area>
        </AffectedFloorArea>
        <AffectedDeathRate>0.05</AffectedDeathRate>
        <AffectedInjuryRate>0.1</AffectedInjuryRate>
        <AffectedDeathRateBeta>0.5</AffectedDeathRateBeta>
        <AffectedInjuryRateBeta>0.5</AffectedInjuryRateBeta>
        <RedTagMedian>0</RedTagMedian>
        <RedTagBeta>0</RedTagBeta>
        <CostConsequence>
          <LowerQuantity>3</LowerQuantity>
          <MaxAmount>32400</MaxAmount>
          <UpperQuantity>10</UpperQuantity>
          <MinAmount>21600</MinAmount>
          <Uncertainty>0.0925</Uncertainty>
          <CurveType>LogNormal</CurveType>
        </CostConsequence>
        <TimeConsequence>
          <LowerQuantity>3</LowerQuantity>
          <MaxAmount>95.2824</MaxAmount>
          <UpperQuantity>10</UpperQuantity>
          <MinAmount>63.5176</MinAmount>
          <Uncertainty>0.0924</Uncertainty>
          <CurveType>LogNormal</CurveType>
        </TimeConsequence>
      </ConsequenceGroup>
      <Median>2.6</Median>
      <Beta>0.4</Beta>
    </DamageState>
  </DamageStates>
</FragilityCurve>