﻿<?xml version="1.0" encoding="utf-8"?>
<FragilityCurve FileVersion="2.0">
  <UniqueID>b7919eb0-f17d-467d-a248-c4d57fce1422</UniqueID>
  <ID>D3041.012a</ID>
  <Description>Costing based upon 1000 ft segments of duct</Description>
  <BasicUnit>Each</BasicUnit>
  <Name>HVAC Galvanized Sheet Metal Ducting -  6 sq. ft cross sectional area or greater, SDC A or B</Name>
  <Author>Not Given</Author>
  <Correlation>0</Correlation>
  <Directional>false</Directional>
  <EDPType>
    <Dimension>NumLevelsPlusOne</Dimension>
    <TypeName>Acceleration</TypeName>
    <DefaultUnits>g</DefaultUnits>
    <UserDefined>false</UserDefined>
  </EDPType>
  <Ratings>
    <DataQuality>Marginal</DataQuality>
    <DataRelevance>Superior</DataRelevance>
    <Documentation>Marginal</Documentation>
    <Rationality>Marginal</Rationality>
  </Ratings>
  <Official>true</Official>
  <DateCreated>2012-10-12T16:48:28.2275683-07:00</DateCreated>
  <Approved>true</Approved>
  <Incomplete>false</Incomplete>
  <Notes>None</Notes>
  <UseEDPValueOfFloorAbove>true</UseEDPValueOfFloorAbove>
  <DamageStates>
    <DSGroupType>Sequential</DSGroupType>
    <DamageState>
      <Name></Name>
      <Description>Individual supports fail and duct sags - 1 failed support per 1000 feet of ducting</Description>
      <DamageImageName></DamageImageName>
      <ConsequenceGroup>
        <RepairMeasures>Replace failed supports and repair ducting in vicinity of failed supports.</RepairMeasures>
        <TagState>0</TagState>
        <UseCasualty>false</UseCasualty>
        <LongLeadFlag>false</LongLeadFlag>
        <AffectedFloorArea />
        <AffectedDeathRate>0</AffectedDeathRate>
        <AffectedInjuryRate>0</AffectedInjuryRate>
        <AffectedDeathRateBeta>0</AffectedDeathRateBeta>
        <AffectedInjuryRateBeta>0</AffectedInjuryRateBeta>
        <RedTagMedian>0</RedTagMedian>
        <RedTagBeta>0</RedTagBeta>
        <CostConsequence>
          <LowerQuantity>250</LowerQuantity>
          <MaxAmount>1900</MaxAmount>
          <UpperQuantity>500</UpperQuantity>
          <MinAmount>570</MinAmount>
          <Uncertainty>0.256</Uncertainty>
          <CurveType>LogNormal</CurveType>
        </CostConsequence>
        <TimeConsequence>
          <LowerQuantity>250</LowerQuantity>
          <MaxAmount>4.3471</MaxAmount>
          <UpperQuantity>500</UpperQuantity>
          <MinAmount>1.0612</MinAmount>
          <Uncertainty>0.1803</Uncertainty>
          <CurveType>LogNormal</CurveType>
        </TimeConsequence>
      </ConsequenceGroup>
      <Median>1.5</Median>
      <Beta>0.4</Beta>
    </DamageState>
    <DamageState>
      <Name></Name>
      <Description>Several adjacent supports fail and sections of ducting fall - 60 feet of ducting fail and fall per 1000 foot of ducting</Description>
      <DamageImageName></DamageImageName>
      <ConsequenceGroup>
        <RepairMeasures>Replace sections of failed ducting and supports.</RepairMeasures>
        <TagState>0</TagState>
        <UseCasualty>true</UseCasualty>
        <LongLeadFlag>false</LongLeadFlag>
        <AffectedFloorArea>
          <Area>
            <Unit>Square Foot</Unit>
            <Value>50</Value>
          </Area>
        </AffectedFloorArea>
        <AffectedDeathRate>0</AffectedDeathRate>
        <AffectedInjuryRate>0.1</AffectedInjuryRate>
        <AffectedDeathRateBeta>0</AffectedDeathRateBeta>
        <AffectedInjuryRateBeta>0.5</AffectedInjuryRateBeta>
        <RedTagMedian>0</RedTagMedian>
        <RedTagBeta>0</RedTagBeta>
        <CostConsequence>
          <LowerQuantity>250</LowerQuantity>
          <MaxAmount>15900</MaxAmount>
          <UpperQuantity>500</UpperQuantity>
          <MinAmount>4770</MinAmount>
          <Uncertainty>0.0806</Uncertainty>
          <CurveType>LogNormal</CurveType>
        </CostConsequence>
        <TimeConsequence>
          <LowerQuantity>250</LowerQuantity>
          <MaxAmount>39.6412</MaxAmount>
          <UpperQuantity>500</UpperQuantity>
          <MinAmount>12.1435</MinAmount>
          <Uncertainty>0.078</Uncertainty>
          <CurveType>Normal</CurveType>
        </TimeConsequence>
      </ConsequenceGroup>
      <Median>2.25</Median>
      <Beta>0.4</Beta>
    </DamageState>
  </DamageStates>
</FragilityCurve>