﻿<?xml version="1.0" encoding="utf-8"?>
<FragilityCurve FileVersion="2.0">
  <UniqueID>a2c099f2-4915-4141-8a9c-9ba1fb374981</UniqueID>
  <ID>D3067.013a</ID>
  <Description>Costing is per unit.</Description>
  <BasicUnit>Each</BasicUnit>
  <Name>Control Panel - Capacity: all - Equipment that is either hard anchored or is vibration isolated with seismic snubbers/restraints - Anchorage fragility only</Name>
  <Author>Not Given</Author>
  <Correlation>0</Correlation>
  <Directional>false</Directional>
  <EDPType>
    <Dimension>NumLevelsPlusOne</Dimension>
    <TypeName>Acceleration</TypeName>
    <DefaultUnits>g</DefaultUnits>
    <UserDefined>false</UserDefined>
  </EDPType>
  <Ratings>
    <DataQuality>Superior</DataQuality>
    <DataRelevance>Average</DataRelevance>
    <Documentation>Superior</Documentation>
    <Rationality>Superior</Rationality>
  </Ratings>
  <Official>true</Official>
  <DateCreated>2012-10-12T16:48:35.8145683-07:00</DateCreated>
  <Approved>true</Approved>
  <Incomplete>true</Incomplete>
  <Notes>User to provide median demand and dispersion values.  The values listed are default PACT values and do not represent the response of this component.
Import errors:
 Warning, Data missing: D3067.013a:DS1: Could not parse median - using 500
Warning, Data missing: D3067.013a:DS1: Could not parse dispersion - using 0.5
</Notes>
  <UseEDPValueOfFloorAbove>false</UseEDPValueOfFloorAbove>
  <DamageStates>
    <DSGroupType>Sequential</DSGroupType>
    <DamageState>
      <Name></Name>
      <Description>Anchorage failure.</Description>
      <DamageImageName>D3067.011a-DS1-1.JPG</DamageImageName>
      <DamageStates>
        <DSGroupType>MutuallyExclusive</DSGroupType>
        <DamageState>
          <Name></Name>
          <Description>Anchorage failure.</Description>
          <DamageImageName>D3067.011a-DS1-1.JPG</DamageImageName>
          <ConsequenceGroup>
            <RepairMeasures>Repair anchorage and concrete pad and remount equipment.</RepairMeasures>
            <TagState>0</TagState>
            <UseCasualty>false</UseCasualty>
            <LongLeadFlag>false</LongLeadFlag>
            <AffectedFloorArea />
            <AffectedDeathRate>0</AffectedDeathRate>
            <AffectedInjuryRate>0</AffectedInjuryRate>
            <AffectedDeathRateBeta>0</AffectedDeathRateBeta>
            <AffectedInjuryRateBeta>0</AffectedInjuryRateBeta>
            <RedTagMedian>0</RedTagMedian>
            <RedTagBeta>0</RedTagBeta>
            <CostConsequence>
              <LowerQuantity>3</LowerQuantity>
              <MaxAmount>550</MaxAmount>
              <UpperQuantity>10</UpperQuantity>
              <MinAmount>450</MinAmount>
              <Uncertainty>0.2825</Uncertainty>
              <CurveType>Normal</CurveType>
            </CostConsequence>
            <TimeConsequence>
              <LowerQuantity>3</LowerQuantity>
              <MaxAmount>1.3975</MaxAmount>
              <UpperQuantity>10</UpperQuantity>
              <MinAmount>1.1426</MinAmount>
              <Uncertainty>0.2855</Uncertainty>
              <CurveType>Normal</CurveType>
            </TimeConsequence>
          </ConsequenceGroup>
          <Percent>0.7</Percent>
        </DamageState>
        <DamageState>
          <Name></Name>
          <Description>Anchorage failure &amp; Equipment damaged beyond repair.</Description>
          <DamageImageName></DamageImageName>
          <ConsequenceGroup>
            <RepairMeasures>Replace equipment including attached utilities in addition to repairing anchorage and concrete pad.</RepairMeasures>
            <TagState>0</TagState>
            <UseCasualty>false</UseCasualty>
            <LongLeadFlag>false</LongLeadFlag>
            <AffectedFloorArea />
            <AffectedDeathRate>0</AffectedDeathRate>
            <AffectedInjuryRate>0</AffectedInjuryRate>
            <AffectedDeathRateBeta>0</AffectedDeathRateBeta>
            <AffectedInjuryRateBeta>0</AffectedInjuryRateBeta>
            <RedTagMedian>0</RedTagMedian>
            <RedTagBeta>0</RedTagBeta>
            <CostConsequence>
              <LowerQuantity>3</LowerQuantity>
              <MaxAmount>5115</MaxAmount>
              <UpperQuantity>10</UpperQuantity>
              <MinAmount>4185</MinAmount>
              <Uncertainty>0.193</Uncertainty>
              <CurveType>Normal</CurveType>
            </CostConsequence>
            <TimeConsequence>
              <LowerQuantity>3</LowerQuantity>
              <MaxAmount>13.0353</MaxAmount>
              <UpperQuantity>10</UpperQuantity>
              <MinAmount>10.6647</MinAmount>
              <Uncertainty>0.1929</Uncertainty>
              <CurveType>Normal</CurveType>
            </TimeConsequence>
          </ConsequenceGroup>
          <Percent>0.3</Percent>
        </DamageState>
      </DamageStates>
      <Median>500</Median>
      <Beta>0.5</Beta>
    </DamageState>
  </DamageStates>
</FragilityCurve>