﻿<?xml version="1.0" encoding="utf-8"?>
<FragilityCurve FileVersion="2.0">
  <UniqueID>143443b0-e85b-4a3d-98c7-77b49d278ec9</UniqueID>
  <ID>D4011.023a</ID>
  <Description>Costing based upon 1000 ft segments of pipe, horizontal main and branches</Description>
  <BasicUnit>Each</BasicUnit>
  <Name>Fire Sprinkler Water Piping - Horizontal Mains and Branches - Old Style Vitaulic - Thin Wall Steel - Poorly designed bracing, SDC D, E, or F , PIPING FRAGILITY</Name>
  <Author>Not Given</Author>
  <Correlation>0</Correlation>
  <Directional>false</Directional>
  <EDPType>
    <Dimension>NumLevelsPlusOne</Dimension>
    <TypeName>Acceleration</TypeName>
    <DefaultUnits>g</DefaultUnits>
    <UserDefined>false</UserDefined>
  </EDPType>
  <Ratings>
    <DataQuality>Marginal</DataQuality>
    <DataRelevance>Marginal</DataRelevance>
    <Documentation>Marginal</Documentation>
    <Rationality>Marginal</Rationality>
  </Ratings>
  <Official>true</Official>
  <DateCreated>2012-10-12T16:48:36.7005683-07:00</DateCreated>
  <Approved>true</Approved>
  <Incomplete>false</Incomplete>
  <Notes>One failure is expected per 1000 feet of pipe.</Notes>
  <UseEDPValueOfFloorAbove>true</UseEDPValueOfFloorAbove>
  <DamageStates>
    <DSGroupType>Sequential</DSGroupType>
    <DamageState>
      <Name></Name>
      <Description>Spraying &amp; Dripping Leakage at joints -  0.02 leaks per 20 ft section of pipe</Description>
      <DamageImageName></DamageImageName>
      <ConsequenceGroup>
        <RepairMeasures>Replace leaking joints and minor water cleanup.  </RepairMeasures>
        <TagState>0</TagState>
        <UseCasualty>false</UseCasualty>
        <LongLeadFlag>false</LongLeadFlag>
        <AffectedFloorArea />
        <AffectedDeathRate>0</AffectedDeathRate>
        <AffectedInjuryRate>0</AffectedInjuryRate>
        <AffectedDeathRateBeta>0</AffectedDeathRateBeta>
        <AffectedInjuryRateBeta>0</AffectedInjuryRateBeta>
        <RedTagMedian>0</RedTagMedian>
        <RedTagBeta>0</RedTagBeta>
        <CostConsequence>
          <LowerQuantity>100</LowerQuantity>
          <MaxAmount>700</MaxAmount>
          <UpperQuantity>500</UpperQuantity>
          <MinAmount>210</MinAmount>
          <Uncertainty>0.6488</Uncertainty>
          <CurveType>LogNormal</CurveType>
        </CostConsequence>
        <TimeConsequence>
          <LowerQuantity>100</LowerQuantity>
          <MaxAmount>1.9333</MaxAmount>
          <UpperQuantity>500</UpperQuantity>
          <MinAmount>0.6267</MinAmount>
          <Uncertainty>0.5409</Uncertainty>
          <CurveType>LogNormal</CurveType>
        </TimeConsequence>
      </ConsequenceGroup>
      <Median>1.5</Median>
      <Beta>0.4</Beta>
    </DamageState>
    <DamageState>
      <Name></Name>
      <Description>Joints Break - Major Leakage - 0.02 breaks  per 20 ft section of pipe</Description>
      <DamageImageName></DamageImageName>
      <ConsequenceGroup>
        <RepairMeasures>Replace 20 ft section of pipe, joints and major water cleanup at leaking joints.  </RepairMeasures>
        <TagState>Red</TagState>
        <UseCasualty>false</UseCasualty>
        <LongLeadFlag>false</LongLeadFlag>
        <AffectedFloorArea />
        <AffectedDeathRate>0</AffectedDeathRate>
        <AffectedInjuryRate>0</AffectedInjuryRate>
        <AffectedDeathRateBeta>0</AffectedDeathRateBeta>
        <AffectedInjuryRateBeta>0</AffectedInjuryRateBeta>
        <RedTagMedian>0.25</RedTagMedian>
        <RedTagBeta>0.5</RedTagBeta>
        <CostConsequence>
          <LowerQuantity>100</LowerQuantity>
          <MaxAmount>760</MaxAmount>
          <UpperQuantity>500</UpperQuantity>
          <MinAmount>228</MinAmount>
          <Uncertainty>0.603</Uncertainty>
          <CurveType>LogNormal</CurveType>
        </CostConsequence>
        <TimeConsequence>
          <LowerQuantity>100</LowerQuantity>
          <MaxAmount>2.0133</MaxAmount>
          <UpperQuantity>500</UpperQuantity>
          <MinAmount>0.5947</MinAmount>
          <Uncertainty>0.5409</Uncertainty>
          <CurveType>LogNormal</CurveType>
        </TimeConsequence>
      </ConsequenceGroup>
      <Median>2.6</Median>
      <Beta>0.4</Beta>
    </DamageState>
  </DamageStates>
</FragilityCurve>