﻿<?xml version="1.0" encoding="utf-8"?>
<FragilityCurve FileVersion="2.0">
  <UniqueID>c4d1e4a8-aa95-46c7-9f4e-cf7dabd93010</UniqueID>
  <ID>D4011.063a</ID>
  <Description>Costing per 100 units, Standard threaded steel drop, 6 ft. long drop maximum</Description>
  <BasicUnit>Each</BasicUnit>
  <Name>Fire Sprinkler Drop Standard Threaded Steel - Dropping into braced lay-in tile HARD ceiling - 6 ft. long drop maximum, SDC D, E, or F</Name>
  <Author>Not Given</Author>
  <Correlation>0</Correlation>
  <Directional>false</Directional>
  <EDPType>
    <Dimension>NumLevelsPlusOne</Dimension>
    <TypeName>Acceleration</TypeName>
    <DefaultUnits>g</DefaultUnits>
    <UserDefined>false</UserDefined>
  </EDPType>
  <Ratings>
    <DataQuality>Marginal</DataQuality>
    <DataRelevance>Marginal</DataRelevance>
    <Documentation>Marginal</Documentation>
    <Rationality>Marginal</Rationality>
  </Ratings>
  <Official>true</Official>
  <DateCreated>2012-10-12T16:48:38.4485683-07:00</DateCreated>
  <Approved>true</Approved>
  <Incomplete>false</Incomplete>
  <Notes>One failure is expected per 100 units.</Notes>
  <UseEDPValueOfFloorAbove>true</UseEDPValueOfFloorAbove>
  <DamageStates>
    <DSGroupType>Sequential</DSGroupType>
    <DamageState>
      <Name></Name>
      <Description>Spraying &amp; Dripping Leakage at drop joints -  0.01 leaks per drop</Description>
      <DamageImageName></DamageImageName>
      <ConsequenceGroup>
        <RepairMeasures>Replace sprinkler drops and minor water cleanup at broken joints.</RepairMeasures>
        <TagState>0</TagState>
        <UseCasualty>false</UseCasualty>
        <LongLeadFlag>false</LongLeadFlag>
        <AffectedFloorArea />
        <AffectedDeathRate>0</AffectedDeathRate>
        <AffectedInjuryRate>0</AffectedInjuryRate>
        <AffectedDeathRateBeta>0</AffectedDeathRateBeta>
        <AffectedInjuryRateBeta>0</AffectedInjuryRateBeta>
        <RedTagMedian>0</RedTagMedian>
        <RedTagBeta>0</RedTagBeta>
        <CostConsequence>
          <LowerQuantity>10</LowerQuantity>
          <MaxAmount>550</MaxAmount>
          <UpperQuantity>50</UpperQuantity>
          <MinAmount>450</MinAmount>
          <Uncertainty>0.3665</Uncertainty>
          <CurveType>LogNormal</CurveType>
        </CostConsequence>
        <TimeConsequence>
          <LowerQuantity>10</LowerQuantity>
          <MaxAmount>1.1412</MaxAmount>
          <UpperQuantity>50</UpperQuantity>
          <MinAmount>0.8588</MinAmount>
          <Uncertainty>0.3367</Uncertainty>
          <CurveType>LogNormal</CurveType>
        </TimeConsequence>
      </ConsequenceGroup>
      <Median>0.55</Median>
      <Beta>0.4</Beta>
    </DamageState>
    <DamageState>
      <Name></Name>
      <Description>Drop Joints Break - Major Leakage - 0.01 breaks  per drop</Description>
      <DamageImageName></DamageImageName>
      <ConsequenceGroup>
        <RepairMeasures>Replace sprinkler drops and major water cleanup at broken joints</RepairMeasures>
        <TagState>0</TagState>
        <UseCasualty>false</UseCasualty>
        <LongLeadFlag>false</LongLeadFlag>
        <AffectedFloorArea />
        <AffectedDeathRate>0</AffectedDeathRate>
        <AffectedInjuryRate>0</AffectedInjuryRate>
        <AffectedDeathRateBeta>0</AffectedDeathRateBeta>
        <AffectedInjuryRateBeta>0</AffectedInjuryRateBeta>
        <RedTagMedian>0</RedTagMedian>
        <RedTagBeta>0</RedTagBeta>
        <CostConsequence>
          <LowerQuantity>10</LowerQuantity>
          <MaxAmount>550</MaxAmount>
          <UpperQuantity>50</UpperQuantity>
          <MinAmount>450</MinAmount>
          <Uncertainty>0.3665</Uncertainty>
          <CurveType>LogNormal</CurveType>
        </CostConsequence>
        <TimeConsequence>
          <LowerQuantity>10</LowerQuantity>
          <MaxAmount>1.1412</MaxAmount>
          <UpperQuantity>50</UpperQuantity>
          <MinAmount>0.8588</MinAmount>
          <Uncertainty>0.3367</Uncertainty>
          <CurveType>LogNormal</CurveType>
        </TimeConsequence>
      </ConsequenceGroup>
      <Median>1.3</Median>
      <Beta>0.4</Beta>
    </DamageState>
  </DamageStates>
</FragilityCurve>