﻿<?xml version="1.0" encoding="utf-8"?>
<FragilityCurve FileVersion="2.0">
  <UniqueID>3578c237-a0d1-43a6-8c60-8bb8214edef6</UniqueID>
  <ID>D5011.013g</ID>
  <Description>Costing is per unit and is based upon 500 kVa.</Description>
  <BasicUnit>Each</BasicUnit>
  <Name>Transformer/primary service - Capacity: 350 to &lt;750 kVA - Equipment that is either hard anchored or is vibration isolated with seismic snubbers/restraints - Anchorage fragility only</Name>
  <Author>Not Given</Author>
  <Correlation>0</Correlation>
  <Directional>false</Directional>
  <EDPType>
    <Dimension>NumLevelsPlusOne</Dimension>
    <TypeName>Acceleration</TypeName>
    <DefaultUnits>g</DefaultUnits>
    <UserDefined>false</UserDefined>
  </EDPType>
  <Ratings>
    <DataQuality>Superior</DataQuality>
    <DataRelevance>Average</DataRelevance>
    <Documentation>Superior</Documentation>
    <Rationality>Superior</Rationality>
  </Ratings>
  <Official>true</Official>
  <DateCreated>2012-10-12T16:48:41.3065683-07:00</DateCreated>
  <Approved>true</Approved>
  <Incomplete>true</Incomplete>
  <Notes>User to provide median demand and dispersion values.  The values listed are default PACT values and do not represent the response of this component.
Import errors:
 Warning, Data missing: D5011.013g:DS1: Could not parse median - using 500
Warning, Data missing: D5011.013g:DS1: Could not parse dispersion - using 0.5
</Notes>
  <UseEDPValueOfFloorAbove>false</UseEDPValueOfFloorAbove>
  <DamageStates>
    <DSGroupType>Sequential</DSGroupType>
    <DamageState>
      <Name></Name>
      <Description>Anchorage failure.</Description>
      <DamageImageName></DamageImageName>
      <DamageStates>
        <DSGroupType>MutuallyExclusive</DSGroupType>
        <DamageState>
          <Name></Name>
          <Description>Anchorage failure.</Description>
          <DamageImageName></DamageImageName>
          <ConsequenceGroup>
            <RepairMeasures>Repair anchorage and concrete pad and remount equipment.</RepairMeasures>
            <TagState>0</TagState>
            <UseCasualty>false</UseCasualty>
            <LongLeadFlag>false</LongLeadFlag>
            <AffectedFloorArea />
            <AffectedDeathRate>0</AffectedDeathRate>
            <AffectedInjuryRate>0</AffectedInjuryRate>
            <AffectedDeathRateBeta>0</AffectedDeathRateBeta>
            <AffectedInjuryRateBeta>0</AffectedInjuryRateBeta>
            <RedTagMedian>0</RedTagMedian>
            <RedTagBeta>0</RedTagBeta>
            <CostConsequence>
              <LowerQuantity>1</LowerQuantity>
              <MaxAmount>2420</MaxAmount>
              <UpperQuantity>4</UpperQuantity>
              <MinAmount>1980</MinAmount>
              <Uncertainty>0.297</Uncertainty>
              <CurveType>Normal</CurveType>
            </CostConsequence>
            <TimeConsequence>
              <LowerQuantity>1</LowerQuantity>
              <MaxAmount>7.5902</MaxAmount>
              <UpperQuantity>4</UpperQuantity>
              <MinAmount>6.2098</MinAmount>
              <Uncertainty>0.2973</Uncertainty>
              <CurveType>Normal</CurveType>
            </TimeConsequence>
          </ConsequenceGroup>
          <Percent>0.7</Percent>
        </DamageState>
        <DamageState>
          <Name></Name>
          <Description>Anchorage failure &amp; Equipment damaged beyond repair.</Description>
          <DamageImageName>D5011.011a-DS1-1.JPG</DamageImageName>
          <ConsequenceGroup>
            <RepairMeasures>Replace equipment including attached utilities in addition to repairing anchorage and concrete pad.</RepairMeasures>
            <TagState>0</TagState>
            <UseCasualty>false</UseCasualty>
            <LongLeadFlag>true</LongLeadFlag>
            <AffectedFloorArea />
            <AffectedDeathRate>0</AffectedDeathRate>
            <AffectedInjuryRate>0</AffectedInjuryRate>
            <AffectedDeathRateBeta>0</AffectedDeathRateBeta>
            <AffectedInjuryRateBeta>0</AffectedInjuryRateBeta>
            <RedTagMedian>0</RedTagMedian>
            <RedTagBeta>0</RedTagBeta>
            <CostConsequence>
              <LowerQuantity>1</LowerQuantity>
              <MaxAmount>49390</MaxAmount>
              <UpperQuantity>4</UpperQuantity>
              <MinAmount>40410</MinAmount>
              <Uncertainty>0.1869</Uncertainty>
              <CurveType>LogNormal</CurveType>
            </CostConsequence>
            <TimeConsequence>
              <LowerQuantity>1</LowerQuantity>
              <MaxAmount>56.0863</MaxAmount>
              <UpperQuantity>4</UpperQuantity>
              <MinAmount>27.9137</MinAmount>
              <Uncertainty>0.1899</Uncertainty>
              <CurveType>LogNormal</CurveType>
            </TimeConsequence>
          </ConsequenceGroup>
          <Percent>0.3</Percent>
        </DamageState>
      </DamageStates>
      <Median>500</Median>
      <Beta>0.5</Beta>
    </DamageState>
  </DamageStates>
</FragilityCurve>