﻿<?xml version="1.0" encoding="utf-8"?>
<FragilityCurve FileVersion="2.0">
  <UniqueID>b59d4a13-e894-49d7-bcd9-36d3ce99e803</UniqueID>
  <ID>D5011.013b</ID>
  <Description>Costing is per unit and is based upon 75 kVa.</Description>
  <BasicUnit>Each</BasicUnit>
  <Name>Transformer/primary service - Capacity: &lt;100 kVA - Equipment that is either hard anchored or is vibration isolated with seismic snubbers/restraints - Equipment fragility only</Name>
  <Author>Not Given</Author>
  <Correlation>0</Correlation>
  <Directional>false</Directional>
  <EDPType>
    <Dimension>NumLevelsPlusOne</Dimension>
    <TypeName>Acceleration</TypeName>
    <DefaultUnits>g</DefaultUnits>
    <UserDefined>false</UserDefined>
  </EDPType>
  <Ratings>
    <DataQuality>Superior</DataQuality>
    <DataRelevance>Average</DataRelevance>
    <Documentation>Superior</Documentation>
    <Rationality>Superior</Rationality>
  </Ratings>
  <Official>true</Official>
  <DateCreated>2012-10-12T16:48:40.4005683-07:00</DateCreated>
  <Approved>true</Approved>
  <Incomplete>false</Incomplete>
  <Notes>None</Notes>
  <UseEDPValueOfFloorAbove>false</UseEDPValueOfFloorAbove>
  <DamageStates>
    <DSGroupType>Sequential</DSGroupType>
    <DamageState>
      <Name></Name>
      <Description>Damaged, inoperative but anchorage is OK.</Description>
      <DamageImageName></DamageImageName>
      <ConsequenceGroup>
        <RepairMeasures>Service and repair existing transformer.</RepairMeasures>
        <TagState>0</TagState>
        <UseCasualty>false</UseCasualty>
        <LongLeadFlag>false</LongLeadFlag>
        <AffectedFloorArea />
        <AffectedDeathRate>0</AffectedDeathRate>
        <AffectedInjuryRate>0</AffectedInjuryRate>
        <AffectedDeathRateBeta>0</AffectedDeathRateBeta>
        <AffectedInjuryRateBeta>0</AffectedInjuryRateBeta>
        <RedTagMedian>0</RedTagMedian>
        <RedTagBeta>0</RedTagBeta>
        <CostConsequence>
          <LowerQuantity>1</LowerQuantity>
          <MaxAmount>8332.5</MaxAmount>
          <UpperQuantity>4</UpperQuantity>
          <MinAmount>6817.5</MinAmount>
          <Uncertainty>0.1875</Uncertainty>
          <CurveType>LogNormal</CurveType>
        </CostConsequence>
        <TimeConsequence>
          <LowerQuantity>1</LowerQuantity>
          <MaxAmount>9.3765</MaxAmount>
          <UpperQuantity>4</UpperQuantity>
          <MinAmount>4.6235</MinAmount>
          <Uncertainty>0.1634</Uncertainty>
          <CurveType>LogNormal</CurveType>
        </TimeConsequence>
      </ConsequenceGroup>
      <Median>3.05</Median>
      <Beta>0.5</Beta>
    </DamageState>
  </DamageStates>
</FragilityCurve>