﻿<?xml version="1.0" encoding="utf-8"?>
<FragilityCurve FileVersion="2.0">
  <UniqueID>2cb1ff76-4845-4b68-9995-2ddaa517a01b</UniqueID>
  <ID>D5092.032b</ID>
  <Description>Costing is per unit and is based upon 250 kVa.</Description>
  <BasicUnit>Each</BasicUnit>
  <Name>Diesel generator - Capacity: 100 to &lt;350 kVA - Vibration isolated equipment that is not snubbed or restrained - Equipment fragility only</Name>
  <Author>Not Given</Author>
  <Correlation>0</Correlation>
  <Directional>false</Directional>
  <EDPType>
    <Dimension>NumLevelsPlusOne</Dimension>
    <TypeName>Acceleration</TypeName>
    <DefaultUnits>g</DefaultUnits>
    <UserDefined>false</UserDefined>
  </EDPType>
  <Ratings>
    <DataQuality>Average</DataQuality>
    <DataRelevance>Average</DataRelevance>
    <Documentation>Superior</Documentation>
    <Rationality>Superior</Rationality>
  </Ratings>
  <Official>true</Official>
  <DateCreated>2012-10-12T16:48:51.4605683-07:00</DateCreated>
  <Approved>true</Approved>
  <Incomplete>false</Incomplete>
  <Notes>None</Notes>
  <UseEDPValueOfFloorAbove>false</UseEDPValueOfFloorAbove>
  <DamageStates>
    <DSGroupType>Sequential</DSGroupType>
    <DamageState>
      <Name></Name>
      <Description>Damaged, inoperative but anchorage is OK. Pipes and nozzles damaged.</Description>
      <DamageImageName>D5092.031b-DS1-1.JPG</DamageImageName>
      <DamageStates>
        <DSGroupType>MutuallyExclusive</DSGroupType>
        <DamageState>
          <Name></Name>
          <Description>Damaged, inoperative but anchorage is OK. Pipes and nozzles damaged.</Description>
          <DamageImageName>D5092.031b-DS1-1.JPG</DamageImageName>
          <ConsequenceGroup>
            <RepairMeasures>Repair fracture pipes and damaged nozzles.</RepairMeasures>
            <TagState>0</TagState>
            <UseCasualty>false</UseCasualty>
            <LongLeadFlag>false</LongLeadFlag>
            <AffectedFloorArea />
            <AffectedDeathRate>0</AffectedDeathRate>
            <AffectedInjuryRate>0</AffectedInjuryRate>
            <AffectedDeathRateBeta>0</AffectedDeathRateBeta>
            <AffectedInjuryRateBeta>0</AffectedInjuryRateBeta>
            <RedTagMedian>0</RedTagMedian>
            <RedTagBeta>0</RedTagBeta>
            <CostConsequence>
              <LowerQuantity>1</LowerQuantity>
              <MaxAmount>220</MaxAmount>
              <UpperQuantity>4</UpperQuantity>
              <MinAmount>180</MinAmount>
              <Uncertainty>0.1713</Uncertainty>
              <CurveType>LogNormal</CurveType>
            </CostConsequence>
            <TimeConsequence>
              <LowerQuantity>1</LowerQuantity>
              <MaxAmount>0.6927</MaxAmount>
              <UpperQuantity>4</UpperQuantity>
              <MinAmount>0.5673</MinAmount>
              <Uncertainty>0.1755</Uncertainty>
              <CurveType>LogNormal</CurveType>
            </TimeConsequence>
          </ConsequenceGroup>
          <Percent>0.7</Percent>
        </DamageState>
        <DamageState>
          <Name></Name>
          <Description>Damaged, inoperative but anchorage is OK. Drive shaft misalignment.</Description>
          <DamageImageName></DamageImageName>
          <ConsequenceGroup>
            <RepairMeasures>Overhaul because of drive shaft misalignment.</RepairMeasures>
            <TagState>0</TagState>
            <UseCasualty>false</UseCasualty>
            <LongLeadFlag>false</LongLeadFlag>
            <AffectedFloorArea />
            <AffectedDeathRate>0</AffectedDeathRate>
            <AffectedInjuryRate>0</AffectedInjuryRate>
            <AffectedDeathRateBeta>0</AffectedDeathRateBeta>
            <AffectedInjuryRateBeta>0</AffectedInjuryRateBeta>
            <RedTagMedian>0</RedTagMedian>
            <RedTagBeta>0</RedTagBeta>
            <CostConsequence>
              <LowerQuantity>1</LowerQuantity>
              <MaxAmount>2750</MaxAmount>
              <UpperQuantity>4</UpperQuantity>
              <MinAmount>2250</MinAmount>
              <Uncertainty>0.1705</Uncertainty>
              <CurveType>LogNormal</CurveType>
            </CostConsequence>
            <TimeConsequence>
              <LowerQuantity>1</LowerQuantity>
              <MaxAmount>8.6243</MaxAmount>
              <UpperQuantity>4</UpperQuantity>
              <MinAmount>7.0557</MinAmount>
              <Uncertainty>0.1709</Uncertainty>
              <CurveType>LogNormal</CurveType>
            </TimeConsequence>
          </ConsequenceGroup>
          <Percent>0.1</Percent>
        </DamageState>
        <DamageState>
          <Name></Name>
          <Description>Damaged, inoperative but anchorage is OK. Minor electrical damage, e.g., failed relay.</Description>
          <DamageImageName></DamageImageName>
          <ConsequenceGroup>
            <RepairMeasures>Minor electrical repair e.g., replace relay.</RepairMeasures>
            <TagState>0</TagState>
            <UseCasualty>false</UseCasualty>
            <LongLeadFlag>false</LongLeadFlag>
            <AffectedFloorArea />
            <AffectedDeathRate>0</AffectedDeathRate>
            <AffectedInjuryRate>0</AffectedInjuryRate>
            <AffectedDeathRateBeta>0</AffectedDeathRateBeta>
            <AffectedInjuryRateBeta>0</AffectedInjuryRateBeta>
            <RedTagMedian>0</RedTagMedian>
            <RedTagBeta>0</RedTagBeta>
            <CostConsequence>
              <LowerQuantity>1</LowerQuantity>
              <MaxAmount>550</MaxAmount>
              <UpperQuantity>4</UpperQuantity>
              <MinAmount>450</MinAmount>
              <Uncertainty>0.1673</Uncertainty>
              <CurveType>LogNormal</CurveType>
            </CostConsequence>
            <TimeConsequence>
              <LowerQuantity>1</LowerQuantity>
              <MaxAmount>1.7269</MaxAmount>
              <UpperQuantity>4</UpperQuantity>
              <MinAmount>1.4131</MinAmount>
              <Uncertainty>0.1671</Uncertainty>
              <CurveType>LogNormal</CurveType>
            </TimeConsequence>
          </ConsequenceGroup>
          <Percent>0.1</Percent>
        </DamageState>
        <DamageState>
          <Name></Name>
          <Description>Damaged, inoperative but anchorage is OK. Exhaust line disconnected at expansion bellows.</Description>
          <DamageImageName></DamageImageName>
          <ConsequenceGroup>
            <RepairMeasures>Reconnect exhaust line.</RepairMeasures>
            <TagState>0</TagState>
            <UseCasualty>false</UseCasualty>
            <LongLeadFlag>false</LongLeadFlag>
            <AffectedFloorArea />
            <AffectedDeathRate>0</AffectedDeathRate>
            <AffectedInjuryRate>0</AffectedInjuryRate>
            <AffectedDeathRateBeta>0</AffectedDeathRateBeta>
            <AffectedInjuryRateBeta>0</AffectedInjuryRateBeta>
            <RedTagMedian>0</RedTagMedian>
            <RedTagBeta>0</RedTagBeta>
            <CostConsequence>
              <LowerQuantity>1</LowerQuantity>
              <MaxAmount>550</MaxAmount>
              <UpperQuantity>4</UpperQuantity>
              <MinAmount>450</MinAmount>
              <Uncertainty>0.1673</Uncertainty>
              <CurveType>LogNormal</CurveType>
            </CostConsequence>
            <TimeConsequence>
              <LowerQuantity>1</LowerQuantity>
              <MaxAmount>1.7269</MaxAmount>
              <UpperQuantity>4</UpperQuantity>
              <MinAmount>1.4131</MinAmount>
              <Uncertainty>0.1671</Uncertainty>
              <CurveType>LogNormal</CurveType>
            </TimeConsequence>
          </ConsequenceGroup>
          <Percent>0.1</Percent>
        </DamageState>
      </DamageStates>
      <Median>1.07</Median>
      <Beta>0.4</Beta>
    </DamageState>
  </DamageStates>
</FragilityCurve>