﻿<?xml version="1.0" encoding="utf-8"?>
<FragilityCurve FileVersion="2.0">
  <UniqueID>123ea5de-1cb1-4a5c-a7d9-2c1059eed93a</UniqueID>
  <ID>D5092.021a</ID>
  <Description>Costing is per unit.</Description>
  <BasicUnit>Each</BasicUnit>
  <Name>Battery Charger - Capacity: all - Unanchored equipment that is not vibration isolated - Equipment fragility only</Name>
  <Author>Not Given</Author>
  <Correlation>0</Correlation>
  <Directional>false</Directional>
  <EDPType>
    <Dimension>NumLevelsPlusOne</Dimension>
    <TypeName>Acceleration</TypeName>
    <DefaultUnits>g</DefaultUnits>
    <UserDefined>false</UserDefined>
  </EDPType>
  <Ratings>
    <DataQuality>Superior</DataQuality>
    <DataRelevance>Average</DataRelevance>
    <Documentation>Superior</Documentation>
    <Rationality>Superior</Rationality>
  </Ratings>
  <Official>true</Official>
  <DateCreated>2012-10-12T16:48:49.8225683-07:00</DateCreated>
  <Approved>true</Approved>
  <Incomplete>false</Incomplete>
  <Notes>None</Notes>
  <UseEDPValueOfFloorAbove>false</UseEDPValueOfFloorAbove>
  <DamageStates>
    <DSGroupType>Sequential</DSGroupType>
    <DamageState>
      <Name></Name>
      <Description>Damaged, inoperative but anchorage is OK.</Description>
      <DamageImageName></DamageImageName>
      <DamageStates>
        <DSGroupType>MutuallyExclusive</DSGroupType>
        <DamageState>
          <Name></Name>
          <Description>Damaged, inoperative but anchorage is OK.</Description>
          <DamageImageName></DamageImageName>
          <ConsequenceGroup>
            <RepairMeasures>Service for intermittent voltage output or for blown surge suppressor.</RepairMeasures>
            <TagState>0</TagState>
            <UseCasualty>false</UseCasualty>
            <LongLeadFlag>false</LongLeadFlag>
            <AffectedFloorArea />
            <AffectedDeathRate>0</AffectedDeathRate>
            <AffectedInjuryRate>0</AffectedInjuryRate>
            <AffectedDeathRateBeta>0</AffectedDeathRateBeta>
            <AffectedInjuryRateBeta>0</AffectedInjuryRateBeta>
            <RedTagMedian>0</RedTagMedian>
            <RedTagBeta>0</RedTagBeta>
            <CostConsequence>
              <LowerQuantity>10</LowerQuantity>
              <MaxAmount>880</MaxAmount>
              <UpperQuantity>50</UpperQuantity>
              <MinAmount>720</MinAmount>
              <Uncertainty>0.1527</Uncertainty>
              <CurveType>Normal</CurveType>
            </CostConsequence>
            <TimeConsequence>
              <LowerQuantity>10</LowerQuantity>
              <MaxAmount>2.2439</MaxAmount>
              <UpperQuantity>50</UpperQuantity>
              <MinAmount>1.8361</MinAmount>
              <Uncertainty>0.1518</Uncertainty>
              <CurveType>Normal</CurveType>
            </TimeConsequence>
          </ConsequenceGroup>
          <Percent>0.5</Percent>
        </DamageState>
        <DamageState>
          <Name></Name>
          <Description>Damaged, inoperative but anchorage is OK. Equipment damaged beyond repair.</Description>
          <DamageImageName></DamageImageName>
          <ConsequenceGroup>
            <RepairMeasures>Replace equipment.</RepairMeasures>
            <TagState>0</TagState>
            <UseCasualty>false</UseCasualty>
            <LongLeadFlag>false</LongLeadFlag>
            <AffectedFloorArea />
            <AffectedDeathRate>0</AffectedDeathRate>
            <AffectedInjuryRate>0</AffectedInjuryRate>
            <AffectedDeathRateBeta>0</AffectedDeathRateBeta>
            <AffectedInjuryRateBeta>0</AffectedInjuryRateBeta>
            <RedTagMedian>0</RedTagMedian>
            <RedTagBeta>0</RedTagBeta>
            <CostConsequence>
              <LowerQuantity>10</LowerQuantity>
              <MaxAmount>13365</MaxAmount>
              <UpperQuantity>50</UpperQuantity>
              <MinAmount>10935</MinAmount>
              <Uncertainty>0.1267</Uncertainty>
              <CurveType>Normal</CurveType>
            </CostConsequence>
            <TimeConsequence>
              <LowerQuantity>10</LowerQuantity>
              <MaxAmount>34.0671</MaxAmount>
              <UpperQuantity>50</UpperQuantity>
              <MinAmount>27.8729</MinAmount>
              <Uncertainty>0.1267</Uncertainty>
              <CurveType>Normal</CurveType>
            </TimeConsequence>
          </ConsequenceGroup>
          <Percent>0.5</Percent>
        </DamageState>
      </DamageStates>
      <Median>1.07</Median>
      <Beta>0.4</Beta>
    </DamageState>
  </DamageStates>
</FragilityCurve>