﻿<?xml version="1.0" encoding="utf-8"?>
<FragilityCurve FileVersion="2.0">
  <UniqueID>3a44a2b0-5e56-4af3-b736-efdad5bed2ad</UniqueID>
  <ID>D5092.033j</ID>
  <Description>Costing is per unit and is based upon 1500 kVa.</Description>
  <BasicUnit>Each</BasicUnit>
  <Name>Diesel generator - Capacity: 1200 to 2000 kVa - Equipment that is either hard anchored or is vibration isolated with seismic snubbers/restraints - Anchorage fragility only</Name>
  <Author>Not Given</Author>
  <Correlation>0</Correlation>
  <Directional>false</Directional>
  <EDPType>
    <Dimension>NumLevelsPlusOne</Dimension>
    <TypeName>Acceleration</TypeName>
    <DefaultUnits>g</DefaultUnits>
    <UserDefined>false</UserDefined>
  </EDPType>
  <Ratings>
    <DataQuality>Average</DataQuality>
    <DataRelevance>Average</DataRelevance>
    <Documentation>Superior</Documentation>
    <Rationality>Superior</Rationality>
  </Ratings>
  <Official>true</Official>
  <DateCreated>2012-10-12T16:48:55.3425683-07:00</DateCreated>
  <Approved>true</Approved>
  <Incomplete>true</Incomplete>
  <Notes>User to provide median demand and dispersion values.  The values listed are default PACT values and do not represent the response of this component.
Import errors:
 Warning, Data missing: D5092.033j:DS1: Could not parse median - using 500
Warning, Data missing: D5092.033j:DS1: Could not parse dispersion - using 0.5
</Notes>
  <UseEDPValueOfFloorAbove>false</UseEDPValueOfFloorAbove>
  <DamageStates>
    <DSGroupType>Sequential</DSGroupType>
    <DamageState>
      <Name></Name>
      <Description>Anchorage failure.</Description>
      <DamageImageName>D5092.031a-DS1-1.JPG</DamageImageName>
      <DamageStates>
        <DSGroupType>MutuallyExclusive</DSGroupType>
        <DamageState>
          <Name></Name>
          <Description>Anchorage failure.</Description>
          <DamageImageName>D5092.031a-DS1-1.JPG</DamageImageName>
          <ConsequenceGroup>
            <RepairMeasures>Repair anchorage and concrete pad and remount equipment.</RepairMeasures>
            <TagState>0</TagState>
            <UseCasualty>false</UseCasualty>
            <LongLeadFlag>true</LongLeadFlag>
            <AffectedFloorArea />
            <AffectedDeathRate>0</AffectedDeathRate>
            <AffectedInjuryRate>0</AffectedInjuryRate>
            <AffectedDeathRateBeta>0</AffectedDeathRateBeta>
            <AffectedInjuryRateBeta>0</AffectedInjuryRateBeta>
            <RedTagMedian>0</RedTagMedian>
            <RedTagBeta>0</RedTagBeta>
            <CostConsequence>
              <LowerQuantity>1</LowerQuantity>
              <MaxAmount>2640</MaxAmount>
              <UpperQuantity>4</UpperQuantity>
              <MinAmount>2160</MinAmount>
              <Uncertainty>0.2885</Uncertainty>
              <CurveType>LogNormal</CurveType>
            </CostConsequence>
            <TimeConsequence>
              <LowerQuantity>1</LowerQuantity>
              <MaxAmount>8.2829</MaxAmount>
              <UpperQuantity>4</UpperQuantity>
              <MinAmount>6.7771</MinAmount>
              <Uncertainty>0.2886</Uncertainty>
              <CurveType>LogNormal</CurveType>
            </TimeConsequence>
          </ConsequenceGroup>
          <Percent>0.7</Percent>
        </DamageState>
        <DamageState>
          <Name></Name>
          <Description>Anchorage failure &amp; Equipment damaged beyond repair.</Description>
          <DamageImageName></DamageImageName>
          <ConsequenceGroup>
            <RepairMeasures>Replace equipment including attached utilities in addition to repairing anchorage and concrete pad.</RepairMeasures>
            <TagState>0</TagState>
            <UseCasualty>false</UseCasualty>
            <LongLeadFlag>true</LongLeadFlag>
            <AffectedFloorArea />
            <AffectedDeathRate>0</AffectedDeathRate>
            <AffectedInjuryRate>0</AffectedInjuryRate>
            <AffectedDeathRateBeta>0</AffectedDeathRateBeta>
            <AffectedInjuryRateBeta>0</AffectedInjuryRateBeta>
            <RedTagMedian>0</RedTagMedian>
            <RedTagBeta>0</RedTagBeta>
            <CostConsequence>
              <LowerQuantity>1</LowerQuantity>
              <MaxAmount>627990</MaxAmount>
              <UpperQuantity>4</UpperQuantity>
              <MinAmount>513810</MinAmount>
              <Uncertainty>0.1728</Uncertainty>
              <CurveType>LogNormal</CurveType>
            </CostConsequence>
            <TimeConsequence>
              <LowerQuantity>1</LowerQuantity>
              <MaxAmount>716.1059</MaxAmount>
              <UpperQuantity>4</UpperQuantity>
              <MinAmount>357.8941</MinAmount>
              <Uncertainty>0.1723</Uncertainty>
              <CurveType>LogNormal</CurveType>
            </TimeConsequence>
          </ConsequenceGroup>
          <Percent>0.3</Percent>
        </DamageState>
      </DamageStates>
      <Median>500</Median>
      <Beta>0.5</Beta>
    </DamageState>
  </DamageStates>
</FragilityCurve>