﻿<?xml version="1.0" encoding="utf-8"?>
<FragilityCurve FileVersion="2.0">
  <UniqueID>13b7b996-d33b-495c-83d6-b35d3e564a92</UniqueID>
  <ID>E2022.001</ID>
  <Description>Unanchored and installed per manufacturer's recommendations on a carpeted floor.</Description>
  <BasicUnit>Each</BasicUnit>
  <Name>Modular office work stations.  </Name>
  <Author>Not Given</Author>
  <Correlation>0</Correlation>
  <Directional>false</Directional>
  <EDPType>
    <Dimension>NumLevelsPlusOne</Dimension>
    <TypeName>Acceleration</TypeName>
    <DefaultUnits>g</DefaultUnits>
    <UserDefined>false</UserDefined>
  </EDPType>
  <Ratings>
    <DataQuality>NA</DataQuality>
    <DataRelevance>NA</DataRelevance>
    <Documentation>NA</Documentation>
    <Rationality>NA</Rationality>
  </Ratings>
  <Official>true</Official>
  <DateCreated>2012-10-12T16:48:55.9565683-07:00</DateCreated>
  <Approved>true</Approved>
  <Incomplete>true</Incomplete>
  <Notes>This component requires user specified cost and time consequence data.  Values within PACT are defaults (equal to zero) and do not represent actual consequence.
Import errors:
 Warning, Data missing: E2022.001:DS1:Time: Could not parse CurveType - Assuming Normal
Warning, Data missing: E2022.001:DS1:Time: Could not parse Upper Quantity cost - Assuming 0
Warning, Data missing: E2022.001:DS1:Time: Could not parse Lower Quantity cost - Assuming 0
Warning, Data missing: E2022.001:DS1:Time: Could not parse Dispersion - Assuming 0.5
Warning, Data missing: E2022.001:DS1:Cost: Could not parse CurveType - Assuming Normal
Warning, Data missing: E2022.001:DS1:Cost: Could not parse Upper Quantity cost - Assuming 0
Warning, Data missing: E2022.001:DS1:Cost: Could not parse Lower Quantity cost - Assuming 0
Warning, Data missing: E2022.001:DS1:Cost: Could not parse Dispersion - Assuming 0.5
</Notes>
  <UseEDPValueOfFloorAbove>false</UseEDPValueOfFloorAbove>
  <DamageStates>
    <DSGroupType>Sequential</DSGroupType>
    <DamageState>
      <Name></Name>
      <Description>Wall units need to be adjusted and straightened.  Some elements are bent / damaged and need to be replaced.  </Description>
      <DamageImageName></DamageImageName>
      <ConsequenceGroup>
        <RepairMeasures>Adjust and or straightened wall units.  Replace damaged units.  Assume a repair cost of 5% of the replacement value.</RepairMeasures>
        <TagState>0</TagState>
        <UseCasualty>false</UseCasualty>
        <LongLeadFlag>false</LongLeadFlag>
        <AffectedFloorArea />
        <AffectedDeathRate>0</AffectedDeathRate>
        <AffectedInjuryRate>0</AffectedInjuryRate>
        <AffectedDeathRateBeta>0</AffectedDeathRateBeta>
        <AffectedInjuryRateBeta>0</AffectedInjuryRateBeta>
        <RedTagMedian>0</RedTagMedian>
        <RedTagBeta>0</RedTagBeta>
        <CostConsequence>
          <LowerQuantity>1</LowerQuantity>
          <MaxAmount>0</MaxAmount>
          <UpperQuantity>1</UpperQuantity>
          <MinAmount>0</MinAmount>
          <Uncertainty>0.5</Uncertainty>
          <CurveType>Normal</CurveType>
        </CostConsequence>
        <TimeConsequence>
          <LowerQuantity>1</LowerQuantity>
          <MaxAmount>0</MaxAmount>
          <UpperQuantity>1</UpperQuantity>
          <MinAmount>0</MinAmount>
          <Uncertainty>0.5</Uncertainty>
          <CurveType>Normal</CurveType>
        </TimeConsequence>
      </ConsequenceGroup>
      <Median>1</Median>
      <Beta>0.4</Beta>
    </DamageState>
  </DamageStates>
</FragilityCurve>