﻿<?xml version="1.0" encoding="utf-8"?>
<FragilityCurve FileVersion="2.0">
  <UniqueID>48c0f7c1-483c-4d5e-87c4-eaaff236d178</UniqueID>
  <ID>E2022.103b</ID>
  <Description>Standard bookcase, anched laterally.  Bookcase is 12-5/8" deep x 41" tall.</Description>
  <BasicUnit>Each</BasicUnit>
  <Name>Bookcase, 3 shelves, anchored laterally</Name>
  <Author>Not Given</Author>
  <Correlation>0</Correlation>
  <Directional>false</Directional>
  <EDPType>
    <Dimension>NumLevelsPlusOne</Dimension>
    <TypeName>Acceleration</TypeName>
    <DefaultUnits>g</DefaultUnits>
    <UserDefined>false</UserDefined>
  </EDPType>
  <Ratings>
    <DataQuality>NA</DataQuality>
    <DataRelevance>NA</DataRelevance>
    <Documentation>NA</Documentation>
    <Rationality>NA</Rationality>
  </Ratings>
  <Official>true</Official>
  <DateCreated>2012-10-12T16:48:59.0085683-07:00</DateCreated>
  <Approved>true</Approved>
  <Incomplete>true</Incomplete>
  <Notes>User to provide median demand and dispersion values.  The values listed are default PACT values and do not represent the response of this component.  This component requires user specified cost and time consequence data.  Values within PACT are defaults (equal to zero) and do not represent actual consequence.
Import errors:
 Warning, Data missing: E2022.103b:DS1: Could not parse median - using 500
Warning, Data missing: E2022.103b:DS1: Could not parse dispersion - using 0.5
Warning, Data missing: E2022.103b:DS1:Time: Could not parse CurveType - Assuming Normal
Warning, Data missing: E2022.103b:DS1:Time: Could not parse Upper Quantity cost - Assuming 0
Warning, Data missing: E2022.103b:DS1:Time: Could not parse Lower Quantity cost - Assuming 0
Warning, Data missing: E2022.103b:DS1:Time: Could not parse Dispersion - Assuming 0.5
Warning, Data missing: E2022.103b:DS1:Cost: Could not parse CurveType - Assuming Normal
Warning, Data missing: E2022.103b:DS1:Cost: Could not parse Upper Quantity cost - Assuming 0
Warning, Data missing: E2022.103b:DS1:Cost: Could not parse Lower Quantity cost - Assuming 0
Warning, Data missing: E2022.103b:DS1:Cost: Could not parse Dispersion - Assuming 0.5
</Notes>
  <UseEDPValueOfFloorAbove>false</UseEDPValueOfFloorAbove>
  <DamageStates>
    <DSGroupType>Sequential</DSGroupType>
    <DamageState>
      <Name></Name>
      <Description>Book case falls over and contents are scattered.  Likely damage to bookcase.  </Description>
      <DamageImageName></DamageImageName>
      <ConsequenceGroup>
        <RepairMeasures>Replace bookcase and restack / replace contents.  </RepairMeasures>
        <TagState>0</TagState>
        <UseCasualty>false</UseCasualty>
        <LongLeadFlag>false</LongLeadFlag>
        <AffectedFloorArea />
        <AffectedDeathRate>0</AffectedDeathRate>
        <AffectedInjuryRate>0</AffectedInjuryRate>
        <AffectedDeathRateBeta>0</AffectedDeathRateBeta>
        <AffectedInjuryRateBeta>0</AffectedInjuryRateBeta>
        <RedTagMedian>0</RedTagMedian>
        <RedTagBeta>0</RedTagBeta>
        <CostConsequence>
          <LowerQuantity>1</LowerQuantity>
          <MaxAmount>0</MaxAmount>
          <UpperQuantity>1</UpperQuantity>
          <MinAmount>0</MinAmount>
          <Uncertainty>0.5</Uncertainty>
          <CurveType>Normal</CurveType>
        </CostConsequence>
        <TimeConsequence>
          <LowerQuantity>1</LowerQuantity>
          <MaxAmount>0</MaxAmount>
          <UpperQuantity>1</UpperQuantity>
          <MinAmount>0</MinAmount>
          <Uncertainty>0.5</Uncertainty>
          <CurveType>Normal</CurveType>
        </TimeConsequence>
      </ConsequenceGroup>
      <Median>500</Median>
      <Beta>0.5</Beta>
    </DamageState>
  </DamageStates>
</FragilityCurve>