﻿<?xml version="1.0" encoding="utf-8"?>
<FragilityCurve FileVersion="2.0">
  <UniqueID>e5efbfe5-cc8e-4687-a5aa-9bd0845bed79</UniqueID>
  <ID>E2022.020</ID>
  <Description>Costing to be furnished by user.  Consequence data assumes 16 SF of damage area.</Description>
  <BasicUnit>Each</BasicUnit>
  <Name>Home entertainment equipment, unknown installation</Name>
  <Author>Not Given</Author>
  <Correlation>0</Correlation>
  <Directional>false</Directional>
  <EDPType>
    <Dimension>NumLevelsPlusOne</Dimension>
    <TypeName>Acceleration</TypeName>
    <DefaultUnits>g</DefaultUnits>
    <UserDefined>false</UserDefined>
  </EDPType>
  <Ratings>
    <DataQuality>NA</DataQuality>
    <DataRelevance>NA</DataRelevance>
    <Documentation>NA</Documentation>
    <Rationality>NA</Rationality>
  </Ratings>
  <Official>true</Official>
  <DateCreated>2012-10-12T16:48:57.2405683-07:00</DateCreated>
  <Approved>true</Approved>
  <Incomplete>true</Incomplete>
  <Notes>This component requires user specified cost and time consequence data.  Values within PACT are defaults (equal to zero) and do not represent actual consequence.
Import errors:
 Warning, Data missing: E2022.020:DS1:Time: Could not parse CurveType - Assuming Normal
Warning, Data missing: E2022.020:DS1:Time: Could not parse Upper Quantity cost - Assuming 0
Warning, Data missing: E2022.020:DS1:Time: Could not parse Lower Quantity cost - Assuming 0
Warning, Data missing: E2022.020:DS1:Time: Could not parse Dispersion - Assuming 0.5
Warning, Data missing: E2022.020:DS1:Cost: Could not parse CurveType - Assuming Normal
Warning, Data missing: E2022.020:DS1:Cost: Could not parse Upper Quantity cost - Assuming 0
Warning, Data missing: E2022.020:DS1:Cost: Could not parse Lower Quantity cost - Assuming 0
Warning, Data missing: E2022.020:DS1:Cost: Could not parse Dispersion - Assuming 0.5
</Notes>
  <UseEDPValueOfFloorAbove>false</UseEDPValueOfFloorAbove>
  <DamageStates>
    <DSGroupType>Sequential</DSGroupType>
    <DamageState>
      <Name></Name>
      <Description>Falls, does not function.</Description>
      <DamageImageName>E2022.020-DS1-1.JPG</DamageImageName>
      <ConsequenceGroup>
        <RepairMeasures>Replace equipment.  User must supply replacement cost.</RepairMeasures>
        <TagState>0</TagState>
        <UseCasualty>true</UseCasualty>
        <LongLeadFlag>false</LongLeadFlag>
        <AffectedFloorArea>
          <Area>
            <Unit>Square Foot</Unit>
            <Value>16</Value>
          </Area>
        </AffectedFloorArea>
        <AffectedDeathRate>0.05</AffectedDeathRate>
        <AffectedInjuryRate>0.1</AffectedInjuryRate>
        <AffectedDeathRateBeta>0.5</AffectedDeathRateBeta>
        <AffectedInjuryRateBeta>0.5</AffectedInjuryRateBeta>
        <RedTagMedian>0</RedTagMedian>
        <RedTagBeta>0</RedTagBeta>
        <CostConsequence>
          <LowerQuantity>1</LowerQuantity>
          <MaxAmount>0</MaxAmount>
          <UpperQuantity>1</UpperQuantity>
          <MinAmount>0</MinAmount>
          <Uncertainty>0.5</Uncertainty>
          <CurveType>Normal</CurveType>
        </CostConsequence>
        <TimeConsequence>
          <LowerQuantity>1</LowerQuantity>
          <MaxAmount>0</MaxAmount>
          <UpperQuantity>1</UpperQuantity>
          <MinAmount>0</MinAmount>
          <Uncertainty>0.5</Uncertainty>
          <CurveType>Normal</CurveType>
        </TimeConsequence>
      </ConsequenceGroup>
      <Median>0.8</Median>
      <Beta>0.45</Beta>
    </DamageState>
  </DamageStates>
</FragilityCurve>