﻿<?xml version="1.0" encoding="utf-8"?>
<FragilityCurve FileVersion="2.0">
  <UniqueID>ae9870c6-45e5-4f12-8f74-88b31e287ab4</UniqueID>
  <ID>B1052.013</ID>
  <Description>Costing for each 100 ft^2 Wall Panel</Description>
  <BasicUnit>Each</BasicUnit>
  <Name>Special reinforced masonry walls with fully grouted cells, 16" thick, flexure dominated up to 12' tall</Name>
  <Author>Benson Shing</Author>
  <Correlation>0</Correlation>
  <Directional>true</Directional>
  <EDPType>
    <Dimension>NumLevels</Dimension>
    <TypeName>Story Drift Ratio</TypeName>
    <DefaultUnits>Radian</DefaultUnits>
    <UserDefined>false</UserDefined>
  </EDPType>
  <Ratings>
    <DataQuality>NA</DataQuality>
    <DataRelevance>Marginal</DataRelevance>
    <Documentation>Average</Documentation>
    <Rationality>Superior</Rationality>
  </Ratings>
  <Official>true</Official>
  <DateCreated>2019-02-19T17:49:43.9525491-08:00</DateCreated>
  <Approved>true</Approved>
  <Incomplete>false</Incomplete>
  <Notes>None</Notes>
  <UseEDPValueOfFloorAbove>false</UseEDPValueOfFloorAbove>
  <DamageStates>
    <DSGroupType>Sequential</DSGroupType>
    <DamageState>
      <Name></Name>
      <Description>A few flexural and shear cracks with hardly noticeable residual crack widths.  Slight yielding of extreme vertical reinforcement.  No spalling.  No fracture or buckling of vertical reinforcement.  No structurally significant damage. </Description>
      <DamageImageName></DamageImageName>
      <ConsequenceGroup>
        <RepairMeasures>Cosmetic repair.  Patch cracks and paint each side. </RepairMeasures>
        <TagState>0</TagState>
        <UseCasualty>false</UseCasualty>
        <LongLeadFlag>false</LongLeadFlag>
        <AffectedFloorArea />
        <AffectedDeathRate>0</AffectedDeathRate>
        <AffectedInjuryRate>0</AffectedInjuryRate>
        <AffectedDeathRateBeta>0</AffectedDeathRateBeta>
        <AffectedInjuryRateBeta>0</AffectedInjuryRateBeta>
        <RedTagMedian>0</RedTagMedian>
        <RedTagBeta>0</RedTagBeta>
        <EnergyMedian>2794</EnergyMedian>
        <EnergyCurveType>LogNormal</EnergyCurveType>
        <EnergyDispersion>0.437</EnergyDispersion>
        <CarbonMedian>118</CarbonMedian>
        <CarbonCurveType>LogNormal</CarbonCurveType>
        <CarbonDispersion>0.437</CarbonDispersion>
        <CostConsequence>
          <LowerQuantity>2</LowerQuantity>
          <MaxAmount>900</MaxAmount>
          <UpperQuantity>30</UpperQuantity>
          <MinAmount>480</MinAmount>
          <Uncertainty>0.3584</Uncertainty>
          <CurveType>LogNormal</CurveType>
        </CostConsequence>
        <TimeConsequence>
          <LowerQuantity>2</LowerQuantity>
          <MaxAmount>0.7038</MaxAmount>
          <UpperQuantity>30</UpperQuantity>
          <MinAmount>0.3765</MinAmount>
          <Uncertainty>0.437</Uncertainty>
          <CurveType>LogNormal</CurveType>
        </TimeConsequence>
      </ConsequenceGroup>
      <Median>0.0031</Median>
      <Beta>0.47</Beta>
    </DamageState>
    <DamageState>
      <Name></Name>
      <Description>Numerous flexural and diagonal cracks with residual crack widths less than 1/64 in.  Mild toe crushing with vertical cracks or light spalling at wall toes.  No fracture or buckling of reinforcement.  Small residual deformation. </Description>
      <DamageImageName>B1051.003-DS2-1.JPG</DamageImageName>
      <ConsequenceGroup>
        <RepairMeasures>Epoxy injection to repair cracks.  Remove loose masonry.  Patch spalls with non-shrink grout.  Paint each side. </RepairMeasures>
        <TagState>0</TagState>
        <UseCasualty>false</UseCasualty>
        <LongLeadFlag>false</LongLeadFlag>
        <AffectedFloorArea />
        <AffectedDeathRate>0</AffectedDeathRate>
        <AffectedInjuryRate>0</AffectedInjuryRate>
        <AffectedDeathRateBeta>0</AffectedDeathRateBeta>
        <AffectedInjuryRateBeta>0</AffectedInjuryRateBeta>
        <RedTagMedian>0</RedTagMedian>
        <RedTagBeta>0</RedTagBeta>
        <EnergyMedian>12234</EnergyMedian>
        <EnergyCurveType>Normal</EnergyCurveType>
        <EnergyDispersion>0.2722</EnergyDispersion>
        <CarbonMedian>521</CarbonMedian>
        <CarbonCurveType>Normal</CarbonCurveType>
        <CarbonDispersion>0.2722</CarbonDispersion>
        <CostConsequence>
          <LowerQuantity>2</LowerQuantity>
          <MaxAmount>6150</MaxAmount>
          <UpperQuantity>30</UpperQuantity>
          <MinAmount>3485</MinAmount>
          <Uncertainty>0.1076</Uncertainty>
          <CurveType>Normal</CurveType>
        </CostConsequence>
        <TimeConsequence>
          <LowerQuantity>2</LowerQuantity>
          <MaxAmount>4.7978</MaxAmount>
          <UpperQuantity>30</UpperQuantity>
          <MinAmount>2.7207</MinAmount>
          <Uncertainty>0.2722</Uncertainty>
          <CurveType>Normal</CurveType>
        </TimeConsequence>
      </ConsequenceGroup>
      <Median>0.009</Median>
      <Beta>0.4</Beta>
    </DamageState>
    <DamageState>
      <Name></Name>
      <Description>Severe flexural cracks with residual crack widths greater than 1/32 in.  Severe toe crushing and spalling.  Fracture or buckling of vertical reinforcement.  Significant residual deformation.</Description>
      <DamageImageName>B1051.003-DS3-1.JPG</DamageImageName>
      <ConsequenceGroup>
        <RepairMeasures> Shore. - Demolish existing wall. - Construct new wall. </RepairMeasures>
        <TagState>Red</TagState>
        <UseCasualty>false</UseCasualty>
        <LongLeadFlag>false</LongLeadFlag>
        <AffectedFloorArea />
        <AffectedDeathRate>0</AffectedDeathRate>
        <AffectedInjuryRate>0</AffectedInjuryRate>
        <AffectedDeathRateBeta>0</AffectedDeathRateBeta>
        <AffectedInjuryRateBeta>0</AffectedInjuryRateBeta>
        <RedTagMedian>0.25</RedTagMedian>
        <RedTagBeta>0.5</RedTagBeta>
        <EnergyMedian>62518</EnergyMedian>
        <EnergyCurveType>Normal</EnergyCurveType>
        <EnergyDispersion>0.2747</EnergyDispersion>
        <CarbonMedian>4289</CarbonMedian>
        <CarbonCurveType>Normal</CarbonCurveType>
        <CarbonDispersion>0.2747</CarbonDispersion>
        <CostConsequence>
          <LowerQuantity>2</LowerQuantity>
          <MaxAmount>13150</MaxAmount>
          <UpperQuantity>30</UpperQuantity>
          <MinAmount>7451.6667</MinAmount>
          <Uncertainty>0.1138</Uncertainty>
          <CurveType>Normal</CurveType>
        </CostConsequence>
        <TimeConsequence>
          <LowerQuantity>2</LowerQuantity>
          <MaxAmount>10.2464</MaxAmount>
          <UpperQuantity>30</UpperQuantity>
          <MinAmount>5.8051</MinAmount>
          <Uncertainty>0.2747</Uncertainty>
          <CurveType>Normal</CurveType>
        </TimeConsequence>
      </ConsequenceGroup>
      <Median>0.0151</Median>
      <Beta>0.32</Beta>
    </DamageState>
  </DamageStates>
</FragilityCurve>