﻿<?xml version="1.0" encoding="utf-8"?>
<FragilityCurve FileVersion="2.0">
  <UniqueID>1a35d203-c89a-4d1a-a639-3507fa4f864b</UniqueID>
  <ID>B2011.111</ID>
  <Description>Costing for each 100 ft^2 Wall Panel.   Assumed framing:  1 SIDE: 3/8" OSB or 15/32 ply with 8d box nails at 4 to 6 inches along panel edges and 12 inches field nailing. DF #2, 2x4@16 studs. 1 SIDE: 1/2 gypsum board. Panel 8 feet tall, 8 or 16 feet long with or without door and window openings, double top plate, single bottom plate, with no hold-downs. Three layer 7/8" stucco with 1/2-inch chop strand fibers applied over wire mesh fastened with 1.25 -inch long staples.</Description>
  <BasicUnit>Each</BasicUnit>
  <Name>Exterior Wall - Light framed wood walls with structural panel sheathing, stucco no hold-downs</Name>
  <Author>Andre Filiatrault</Author>
  <Correlation>0</Correlation>
  <Directional>true</Directional>
  <EDPType>
    <Dimension>NumLevels</Dimension>
    <TypeName>Story Drift Ratio</TypeName>
    <DefaultUnits>Radian</DefaultUnits>
    <UserDefined>false</UserDefined>
  </EDPType>
  <Ratings>
    <DataQuality>NA</DataQuality>
    <DataRelevance>Marginal</DataRelevance>
    <Documentation>Average</Documentation>
    <Rationality>Superior</Rationality>
  </Ratings>
  <Official>true</Official>
  <DateCreated>2019-02-19T17:49:51.0104311-08:00</DateCreated>
  <Approved>true</Approved>
  <Incomplete>false</Incomplete>
  <Notes>Copy of B1071.011 for use as an exterior wall.
Import errors:
 Warning: B2011.111: B2011.111: DS1 overlaps DS2 at 0.068 - Make sure damage states are minimally overlapping
</Notes>
  <UseEDPValueOfFloorAbove>false</UseEDPValueOfFloorAbove>
  <DamageStates>
    <DSGroupType>Sequential</DSGroupType>
    <DamageState>
      <Name></Name>
      <Description>Cracking of stucco.</Description>
      <DamageImageName>B1071.002-DS1-1.JPG</DamageImageName>
      <ConsequenceGroup>
        <RepairMeasures>Clean stucco cracks. Fill cracks with cement compound. Repaint wall to hide cracks.</RepairMeasures>
        <TagState>0</TagState>
        <UseCasualty>false</UseCasualty>
        <LongLeadFlag>false</LongLeadFlag>
        <AffectedFloorArea />
        <AffectedDeathRate>0</AffectedDeathRate>
        <AffectedInjuryRate>0</AffectedInjuryRate>
        <AffectedDeathRateBeta>0</AffectedDeathRateBeta>
        <AffectedInjuryRateBeta>0</AffectedInjuryRateBeta>
        <RedTagMedian>0</RedTagMedian>
        <RedTagBeta>0</RedTagBeta>
        <EnergyMedian>18910</EnergyMedian>
        <EnergyCurveType>LogNormal</EnergyCurveType>
        <EnergyDispersion>0.3583</EnergyDispersion>
        <CarbonMedian>1764</CarbonMedian>
        <CarbonCurveType>LogNormal</CarbonCurveType>
        <CarbonDispersion>0.3583</CarbonDispersion>
        <CostConsequence>
          <LowerQuantity>2</LowerQuantity>
          <MaxAmount>2990</MaxAmount>
          <UpperQuantity>6</UpperQuantity>
          <MinAmount>1840</MinAmount>
          <Uncertainty>0.2566</Uncertainty>
          <CurveType>LogNormal</CurveType>
        </CostConsequence>
        <TimeConsequence>
          <LowerQuantity>2</LowerQuantity>
          <MaxAmount>2.3278</MaxAmount>
          <UpperQuantity>6</UpperQuantity>
          <MinAmount>1.4315</MinAmount>
          <Uncertainty>0.3583</Uncertainty>
          <CurveType>LogNormal</CurveType>
        </TimeConsequence>
      </ConsequenceGroup>
      <Median>0.0017</Median>
      <Beta>0.5</Beta>
    </DamageState>
    <DamageState>
      <Name></Name>
      <Description>Spalling of stucco, separation of stucco and sheathing from studs. </Description>
      <DamageImageName>B1071.002-DS2-1.JPG</DamageImageName>
      <ConsequenceGroup>
        <RepairMeasures>Remove loose stucco and patch spalled areas with stucco. Repaint to hide repairs.</RepairMeasures>
        <TagState>Red</TagState>
        <UseCasualty>false</UseCasualty>
        <LongLeadFlag>false</LongLeadFlag>
        <AffectedFloorArea />
        <AffectedDeathRate>0</AffectedDeathRate>
        <AffectedInjuryRate>0</AffectedInjuryRate>
        <AffectedDeathRateBeta>0</AffectedDeathRateBeta>
        <AffectedInjuryRateBeta>0</AffectedInjuryRateBeta>
        <RedTagMedian>0.35</RedTagMedian>
        <RedTagBeta>0.5</RedTagBeta>
        <EnergyMedian>21750</EnergyMedian>
        <EnergyCurveType>LogNormal</EnergyCurveType>
        <EnergyDispersion>0.4458</EnergyDispersion>
        <CarbonMedian>1904</CarbonMedian>
        <CarbonCurveType>LogNormal</CarbonCurveType>
        <CarbonDispersion>0.4458</CarbonDispersion>
        <CostConsequence>
          <LowerQuantity>2</LowerQuantity>
          <MaxAmount>3300</MaxAmount>
          <UpperQuantity>6</UpperQuantity>
          <MinAmount>2337.5</MinAmount>
          <Uncertainty>0.3691</Uncertainty>
          <CurveType>LogNormal</CurveType>
        </CostConsequence>
        <TimeConsequence>
          <LowerQuantity>2</LowerQuantity>
          <MaxAmount>2.5687</MaxAmount>
          <UpperQuantity>6</UpperQuantity>
          <MinAmount>1.8185</MinAmount>
          <Uncertainty>0.4458</Uncertainty>
          <CurveType>LogNormal</CurveType>
        </TimeConsequence>
      </ConsequenceGroup>
      <Median>0.0035</Median>
      <Beta>0.4</Beta>
    </DamageState>
    <DamageState>
      <Name></Name>
      <Description>Fracture of studs, major sill plate cracking.</Description>
      <DamageImageName>B1071.002-DS3-1.JPG</DamageImageName>
      <ConsequenceGroup>
        <RepairMeasures>Remove and replace studs, plates, sheathing, and stucco. Shore as required.</RepairMeasures>
        <TagState>Red</TagState>
        <UseCasualty>false</UseCasualty>
        <LongLeadFlag>false</LongLeadFlag>
        <AffectedFloorArea />
        <AffectedDeathRate>0</AffectedDeathRate>
        <AffectedInjuryRate>0</AffectedInjuryRate>
        <AffectedDeathRateBeta>0</AffectedDeathRateBeta>
        <AffectedInjuryRateBeta>0</AffectedInjuryRateBeta>
        <RedTagMedian>0.25</RedTagMedian>
        <RedTagBeta>0.5</RedTagBeta>
        <EnergyMedian>30904</EnergyMedian>
        <EnergyCurveType>Normal</EnergyCurveType>
        <EnergyDispersion>0.273</EnergyDispersion>
        <CarbonMedian>2210</CarbonMedian>
        <CarbonCurveType>Normal</CarbonCurveType>
        <CarbonDispersion>0.273</CarbonDispersion>
        <CostConsequence>
          <LowerQuantity>2</LowerQuantity>
          <MaxAmount>5400</MaxAmount>
          <UpperQuantity>6</UpperQuantity>
          <MinAmount>3825</MinAmount>
          <Uncertainty>0.1098</Uncertainty>
          <CurveType>Normal</CurveType>
        </CostConsequence>
        <TimeConsequence>
          <LowerQuantity>2</LowerQuantity>
          <MaxAmount>4.2115</MaxAmount>
          <UpperQuantity>6</UpperQuantity>
          <MinAmount>2.9839</MinAmount>
          <Uncertainty>0.273</Uncertainty>
          <CurveType>Normal</CurveType>
        </TimeConsequence>
      </ConsequenceGroup>
      <Median>0.017</Median>
      <Beta>0.4</Beta>
    </DamageState>
  </DamageStates>
</FragilityCurve>