﻿<?xml version="1.0" encoding="utf-8"?>
<FragilityCurve FileVersion="2.0">
  <UniqueID>c3c45e01-f6c5-4ead-b48d-d0fb905dac04</UniqueID>
  <ID>B2011.121</ID>
  <Description>Costing for each 100 ft^2 Wall Panel.   Assumed framing:   1 SIDE: 3/8" OSB or 15/32 ply with 8d box nails at 4 to 6 inches along panel edges and 12 inches field nailing. DF #2, 2x4@16 studs. 1 SIDE: 1/2 gypsum board. Panel 8 feet tall, 8 or 16 feet long with or without door and window openings, double top plate, single bottom plate, with hold-downs. </Description>
  <BasicUnit>Each</BasicUnit>
  <Name>Exterior Wall - Light framed wood walls with structural panel sheathing, gypsum wallboard and hold-downs</Name>
  <Author>Andre Filiatrault</Author>
  <Correlation>0</Correlation>
  <Directional>true</Directional>
  <EDPType>
    <Dimension>NumLevels</Dimension>
    <TypeName>Story Drift Ratio</TypeName>
    <DefaultUnits>Radian</DefaultUnits>
    <UserDefined>false</UserDefined>
  </EDPType>
  <Ratings>
    <DataQuality>Superior</DataQuality>
    <DataRelevance>Superior</DataRelevance>
    <Documentation>Superior</Documentation>
    <Rationality>Superior</Rationality>
  </Ratings>
  <Official>true</Official>
  <DateCreated>2019-02-19T17:49:51.337333-08:00</DateCreated>
  <Approved>true</Approved>
  <Incomplete>false</Incomplete>
  <Notes>Copy of B1071.021 for use as an exterior wall.
Import errors:
 Warning: B2011.121: B2011.121: DS1 overlaps DS2 in the range of 0.0524 to 0.1476 - Make sure damage states are minimally overlapping
</Notes>
  <UseEDPValueOfFloorAbove>false</UseEDPValueOfFloorAbove>
  <DamageStates>
    <DSGroupType>Sequential</DSGroupType>
    <DamageState>
      <Name></Name>
      <Description>Slight separation of sheathing or nails which come loose.</Description>
      <DamageImageName>B1071.001-DS1-1.JPG</DamageImageName>
      <ConsequenceGroup>
        <RepairMeasures>Remove exterior pliable siding, replace loose nails, reinstall siding.</RepairMeasures>
        <TagState>0</TagState>
        <UseCasualty>false</UseCasualty>
        <LongLeadFlag>false</LongLeadFlag>
        <AffectedFloorArea />
        <AffectedDeathRate>0</AffectedDeathRate>
        <AffectedInjuryRate>0</AffectedInjuryRate>
        <AffectedDeathRateBeta>0</AffectedDeathRateBeta>
        <AffectedInjuryRateBeta>0</AffectedInjuryRateBeta>
        <RedTagMedian>0</RedTagMedian>
        <RedTagBeta>0</RedTagBeta>
        <EnergyMedian>24085</EnergyMedian>
        <EnergyCurveType>LogNormal</EnergyCurveType>
        <EnergyDispersion>0.3132</EnergyDispersion>
        <CarbonMedian>2377</CarbonMedian>
        <CarbonCurveType>LogNormal</CarbonCurveType>
        <CarbonDispersion>0.3132</CarbonDispersion>
        <CostConsequence>
          <LowerQuantity>3</LowerQuantity>
          <MaxAmount>2134.1667</MaxAmount>
          <UpperQuantity>8</UpperQuantity>
          <MinAmount>1313.3333</MinAmount>
          <Uncertainty>0.1887</Uncertainty>
          <CurveType>LogNormal</CurveType>
        </CostConsequence>
        <TimeConsequence>
          <LowerQuantity>3</LowerQuantity>
          <MaxAmount>1.6639</MaxAmount>
          <UpperQuantity>8</UpperQuantity>
          <MinAmount>1.0241</MinAmount>
          <Uncertainty>0.3132</Uncertainty>
          <CurveType>LogNormal</CurveType>
        </TimeConsequence>
      </ConsequenceGroup>
      <Median>0.015</Median>
      <Beta>0.4</Beta>
    </DamageState>
    <DamageState>
      <Name></Name>
      <Description>Permanent rotation of sheathing, tear out of nails or sheathing.</Description>
      <DamageImageName>B1071.001-DS2-1.JPG</DamageImageName>
      <ConsequenceGroup>
        <RepairMeasures>Remove exterior pliable siding, remove wood sheathing, install new sheathing, reinstall siding.</RepairMeasures>
        <TagState>Red</TagState>
        <UseCasualty>false</UseCasualty>
        <LongLeadFlag>false</LongLeadFlag>
        <AffectedFloorArea />
        <AffectedDeathRate>0</AffectedDeathRate>
        <AffectedInjuryRate>0</AffectedInjuryRate>
        <AffectedDeathRateBeta>0</AffectedDeathRateBeta>
        <AffectedInjuryRateBeta>0</AffectedInjuryRateBeta>
        <RedTagMedian>0.5</RedTagMedian>
        <RedTagBeta>0.5</RedTagBeta>
        <EnergyMedian>20870</EnergyMedian>
        <EnergyCurveType>LogNormal</EnergyCurveType>
        <EnergyDispersion>0.3303</EnergyDispersion>
        <CarbonMedian>1995</CarbonMedian>
        <CarbonCurveType>LogNormal</CarbonCurveType>
        <CarbonDispersion>0.3303</CarbonDispersion>
        <CostConsequence>
          <LowerQuantity>3</LowerQuantity>
          <MaxAmount>2570</MaxAmount>
          <UpperQuantity>8</UpperQuantity>
          <MinAmount>1820.4167</MinAmount>
          <Uncertainty>0.2158</Uncertainty>
          <CurveType>LogNormal</CurveType>
        </CostConsequence>
        <TimeConsequence>
          <LowerQuantity>3</LowerQuantity>
          <MaxAmount>2.0038</MaxAmount>
          <UpperQuantity>8</UpperQuantity>
          <MinAmount>1.4196</MinAmount>
          <Uncertainty>0.3303</Uncertainty>
          <CurveType>LogNormal</CurveType>
        </TimeConsequence>
      </ConsequenceGroup>
      <Median>0.0262</Median>
      <Beta>0.19</Beta>
    </DamageState>
    <DamageState>
      <Name></Name>
      <Description>Fracture of studs, major sill plate cracking.</Description>
      <DamageImageName>B1071.001-DS3-1.JPG</DamageImageName>
      <ConsequenceGroup>
        <RepairMeasures>Remove and replace siding, sheathing, studs and plates. Provide shoring as required. </RepairMeasures>
        <TagState>Red</TagState>
        <UseCasualty>false</UseCasualty>
        <LongLeadFlag>false</LongLeadFlag>
        <AffectedFloorArea />
        <AffectedDeathRate>0</AffectedDeathRate>
        <AffectedInjuryRate>0</AffectedInjuryRate>
        <AffectedDeathRateBeta>0</AffectedDeathRateBeta>
        <AffectedInjuryRateBeta>0</AffectedInjuryRateBeta>
        <RedTagMedian>0.25</RedTagMedian>
        <RedTagBeta>0.5</RedTagBeta>
        <EnergyMedian>39073</EnergyMedian>
        <EnergyCurveType>LogNormal</EnergyCurveType>
        <EnergyDispersion>0.2623</EnergyDispersion>
        <CarbonMedian>3001</CarbonMedian>
        <CarbonCurveType>LogNormal</CarbonCurveType>
        <CarbonDispersion>0.2623</CarbonDispersion>
        <CostConsequence>
          <LowerQuantity>3</LowerQuantity>
          <MaxAmount>6450</MaxAmount>
          <UpperQuantity>8</UpperQuantity>
          <MinAmount>4568.75</MinAmount>
          <Uncertainty>0.0792</Uncertainty>
          <CurveType>LogNormal</CurveType>
        </CostConsequence>
        <TimeConsequence>
          <LowerQuantity>3</LowerQuantity>
          <MaxAmount>5.0279</MaxAmount>
          <UpperQuantity>8</UpperQuantity>
          <MinAmount>3.5616</MinAmount>
          <Uncertainty>0.2623</Uncertainty>
          <CurveType>LogNormal</CurveType>
        </TimeConsequence>
      </ConsequenceGroup>
      <Median>0.0369</Median>
      <Beta>0.2</Beta>
    </DamageState>
  </DamageStates>
</FragilityCurve>