﻿<?xml version="1.0" encoding="utf-8"?>
<FragilityCurve FileVersion="2.0">
  <UniqueID>041e7e55-6754-4ccb-b74e-7fa9c3d4f114</UniqueID>
  <ID>B2011.201b</ID>
  <Description>Costing is based upon 30'x13' panels.</Description>
  <BasicUnit>Each</BasicUnit>
  <Name>Precast Concrete Panels 4.5 inches thick - out of plane deformation</Name>
  <Author>By User</Author>
  <Correlation>0</Correlation>
  <Directional>false</Directional>
  <EDPType>
    <Dimension>NumLevelsPlusOne</Dimension>
    <TypeName>Acceleration</TypeName>
    <DefaultUnits>g</DefaultUnits>
    <UserDefined>false</UserDefined>
  </EDPType>
  <Ratings>
    <DataQuality>NA</DataQuality>
    <DataRelevance>NA</DataRelevance>
    <Documentation>NA</Documentation>
    <Rationality>NA</Rationality>
  </Ratings>
  <Official>true</Official>
  <DateCreated>2019-02-19T17:49:52.3860183-08:00</DateCreated>
  <Approved>true</Approved>
  <Incomplete>true</Incomplete>
  <Notes>Determine fragility peak floor acceleration anchorage capacity in accordance with Chapter 7 of Volume 2.
Import errors:
 Warning, Data missing: B2011.201b:DS1: Could not parse median - using 500
Warning, Data missing: B2011.201b:DS1: Could not parse dispersion - using 0.5
</Notes>
  <UseEDPValueOfFloorAbove>false</UseEDPValueOfFloorAbove>
  <DamageStates>
    <DSGroupType>Sequential</DSGroupType>
    <DamageState>
      <Name></Name>
      <Description>Cladding units damaged by out of plane anchorage failure.  Unit requires replacement.</Description>
      <DamageImageName></DamageImageName>
      <ConsequenceGroup>
        <RepairMeasures>By User - Replace cladding panel.</RepairMeasures>
        <TagState>Red</TagState>
        <UseCasualty>false</UseCasualty>
        <LongLeadFlag>false</LongLeadFlag>
        <AffectedFloorArea />
        <AffectedDeathRate>0</AffectedDeathRate>
        <AffectedInjuryRate>0</AffectedInjuryRate>
        <AffectedDeathRateBeta>0</AffectedDeathRateBeta>
        <AffectedInjuryRateBeta>0</AffectedInjuryRateBeta>
        <RedTagMedian>0.25</RedTagMedian>
        <RedTagBeta>0.5</RedTagBeta>
        <EnergyMedian>819951.6</EnergyMedian>
        <EnergyCurveType>Normal</EnergyCurveType>
        <EnergyDispersion>0.3168</EnergyDispersion>
        <CarbonMedian>57712.2</CarbonMedian>
        <CarbonCurveType>Normal</CarbonCurveType>
        <CarbonDispersion>0.3168</CarbonDispersion>
        <CostConsequence>
          <LowerQuantity>2</LowerQuantity>
          <MaxAmount>82361.5</MaxAmount>
          <UpperQuantity>8</UpperQuantity>
          <MinAmount>50684</MinAmount>
          <Uncertainty>0.1946</Uncertainty>
          <CurveType>Normal</CurveType>
        </CostConsequence>
        <TimeConsequence>
          <LowerQuantity>2</LowerQuantity>
          <MaxAmount>12.1161</MaxAmount>
          <UpperQuantity>8</UpperQuantity>
          <MinAmount>7.4576</MinAmount>
          <Uncertainty>0.3168</Uncertainty>
          <CurveType>Normal</CurveType>
        </TimeConsequence>
      </ConsequenceGroup>
      <Median>500</Median>
      <Beta>0.5</Beta>
    </DamageState>
  </DamageStates>
</FragilityCurve>