﻿<?xml version="1.0" encoding="utf-8"?>
<FragilityCurve FileVersion="2.0">
  <UniqueID>7f80af52-1e11-4ca2-bfe2-22321220cd40</UniqueID>
  <ID>B2011.101</ID>
  <Description>Costing for each 100 ft^2 Wall Panel.   Assumed framing:  1 SIDE: 3/8" OSB or 15/32 ply with 8d box nails at 4 to 6 inches along panel edges and 12 inches field nailing. DF #2, 2x4@16 studs. 1 SIDE: 1/2 gypsum board. Panel 8 feet tall, 8 or 16 feet long with or without door and window openings, double top plate, single bottom plate, no hold-downs. </Description>
  <BasicUnit>Each</BasicUnit>
  <Name>Exterior Wall - Light framed wood walls with structural panel sheathing, gypsum wallboard no hold-downs</Name>
  <Author>Andre Filiatrault</Author>
  <Correlation>0</Correlation>
  <Directional>true</Directional>
  <EDPType>
    <Dimension>NumLevels</Dimension>
    <TypeName>Story Drift Ratio</TypeName>
    <DefaultUnits>Radian</DefaultUnits>
    <UserDefined>false</UserDefined>
  </EDPType>
  <Ratings>
    <DataQuality>NA</DataQuality>
    <DataRelevance>Marginal</DataRelevance>
    <Documentation>Average</Documentation>
    <Rationality>Superior</Rationality>
  </Ratings>
  <Official>true</Official>
  <DateCreated>2019-02-19T17:49:50.3216378-08:00</DateCreated>
  <Approved>true</Approved>
  <Incomplete>false</Incomplete>
  <Notes>Copy of B1071.001 for use as an exterior wall.</Notes>
  <UseEDPValueOfFloorAbove>false</UseEDPValueOfFloorAbove>
  <DamageStates>
    <DSGroupType>Sequential</DSGroupType>
    <DamageState>
      <Name></Name>
      <Description>Slight separation of sheathing or nails which come loose.</Description>
      <DamageImageName>B1071.001-DS1-1.JPG</DamageImageName>
      <ConsequenceGroup>
        <RepairMeasures>Remove exterior pliable siding, replace loose nails, reinstall siding.</RepairMeasures>
        <TagState>0</TagState>
        <UseCasualty>false</UseCasualty>
        <LongLeadFlag>false</LongLeadFlag>
        <AffectedFloorArea />
        <AffectedDeathRate>0</AffectedDeathRate>
        <AffectedInjuryRate>0</AffectedInjuryRate>
        <AffectedDeathRateBeta>0</AffectedDeathRateBeta>
        <AffectedInjuryRateBeta>0</AffectedInjuryRateBeta>
        <RedTagMedian>0</RedTagMedian>
        <RedTagBeta>0</RedTagBeta>
        <EnergyMedian>18910</EnergyMedian>
        <EnergyCurveType>LogNormal</EnergyCurveType>
        <EnergyDispersion>0.3583</EnergyDispersion>
        <CarbonMedian>1764</CarbonMedian>
        <CarbonCurveType>LogNormal</CarbonCurveType>
        <CarbonDispersion>0.3583</CarbonDispersion>
        <CostConsequence>
          <LowerQuantity>3</LowerQuantity>
          <MaxAmount>2990</MaxAmount>
          <UpperQuantity>8</UpperQuantity>
          <MinAmount>1840</MinAmount>
          <Uncertainty>0.2566</Uncertainty>
          <CurveType>LogNormal</CurveType>
        </CostConsequence>
        <TimeConsequence>
          <LowerQuantity>3</LowerQuantity>
          <MaxAmount>2.3278</MaxAmount>
          <UpperQuantity>8</UpperQuantity>
          <MinAmount>1.4315</MinAmount>
          <Uncertainty>0.3583</Uncertainty>
          <CurveType>LogNormal</CurveType>
        </TimeConsequence>
      </ConsequenceGroup>
      <Median>0.01</Median>
      <Beta>0.4</Beta>
    </DamageState>
    <DamageState>
      <Name></Name>
      <Description>Permanent rotation of sheathing, tear out of nails or sheathing.</Description>
      <DamageImageName>B1071.001-DS2-1.JPG</DamageImageName>
      <ConsequenceGroup>
        <RepairMeasures>Remove exterior pliable siding, remove wood sheathing, install new sheathing, reinstall siding.</RepairMeasures>
        <TagState>Red</TagState>
        <UseCasualty>false</UseCasualty>
        <LongLeadFlag>false</LongLeadFlag>
        <AffectedFloorArea />
        <AffectedDeathRate>0</AffectedDeathRate>
        <AffectedInjuryRate>0</AffectedInjuryRate>
        <AffectedDeathRateBeta>0</AffectedDeathRateBeta>
        <AffectedInjuryRateBeta>0</AffectedInjuryRateBeta>
        <RedTagMedian>0.5</RedTagMedian>
        <RedTagBeta>0.5</RedTagBeta>
        <EnergyMedian>21750</EnergyMedian>
        <EnergyCurveType>LogNormal</EnergyCurveType>
        <EnergyDispersion>0.4458</EnergyDispersion>
        <CarbonMedian>1904</CarbonMedian>
        <CarbonCurveType>LogNormal</CarbonCurveType>
        <CarbonDispersion>0.4458</CarbonDispersion>
        <CostConsequence>
          <LowerQuantity>3</LowerQuantity>
          <MaxAmount>3300</MaxAmount>
          <UpperQuantity>8</UpperQuantity>
          <MinAmount>2337.5</MinAmount>
          <Uncertainty>0.3691</Uncertainty>
          <CurveType>LogNormal</CurveType>
        </CostConsequence>
        <TimeConsequence>
          <LowerQuantity>3</LowerQuantity>
          <MaxAmount>2.5687</MaxAmount>
          <UpperQuantity>8</UpperQuantity>
          <MinAmount>1.8185</MinAmount>
          <Uncertainty>0.4458</Uncertainty>
          <CurveType>LogNormal</CurveType>
        </TimeConsequence>
      </ConsequenceGroup>
      <Median>0.0175</Median>
      <Beta>0.4</Beta>
    </DamageState>
    <DamageState>
      <Name></Name>
      <Description>Fracture of studs, major sill plate cracking.</Description>
      <DamageImageName>B1071.001-DS3-1.JPG</DamageImageName>
      <ConsequenceGroup>
        <RepairMeasures>Remove and replace siding, sheathing, studs and plates. Provide shoring as required. </RepairMeasures>
        <TagState>Red</TagState>
        <UseCasualty>false</UseCasualty>
        <LongLeadFlag>false</LongLeadFlag>
        <AffectedFloorArea />
        <AffectedDeathRate>0</AffectedDeathRate>
        <AffectedInjuryRate>0</AffectedInjuryRate>
        <AffectedDeathRateBeta>0</AffectedDeathRateBeta>
        <AffectedInjuryRateBeta>0</AffectedInjuryRateBeta>
        <RedTagMedian>0.25</RedTagMedian>
        <RedTagBeta>0.5</RedTagBeta>
        <EnergyMedian>30904</EnergyMedian>
        <EnergyCurveType>Normal</EnergyCurveType>
        <EnergyDispersion>0.273</EnergyDispersion>
        <CarbonMedian>2210</CarbonMedian>
        <CarbonCurveType>Normal</CarbonCurveType>
        <CarbonDispersion>0.273</CarbonDispersion>
        <CostConsequence>
          <LowerQuantity>3</LowerQuantity>
          <MaxAmount>5400</MaxAmount>
          <UpperQuantity>8</UpperQuantity>
          <MinAmount>3825</MinAmount>
          <Uncertainty>0.1098</Uncertainty>
          <CurveType>Normal</CurveType>
        </CostConsequence>
        <TimeConsequence>
          <LowerQuantity>3</LowerQuantity>
          <MaxAmount>4.2115</MaxAmount>
          <UpperQuantity>8</UpperQuantity>
          <MinAmount>2.9839</MinAmount>
          <Uncertainty>0.273</Uncertainty>
          <CurveType>Normal</CurveType>
        </TimeConsequence>
      </ConsequenceGroup>
      <Median>0.025</Median>
      <Beta>0.4</Beta>
    </DamageState>
  </DamageStates>
</FragilityCurve>