﻿<?xml version="1.0" encoding="utf-8"?>
<FragilityCurve FileVersion="2.0">
  <UniqueID>bb61c11c-83d0-4275-b78a-e21a833c35f8</UniqueID>
  <ID>B2011.001b</ID>
  <Description>Costing for each 100 ft^2 Wall Panel.   Assumed framing:  38 mil cold formed steel framing with 7/16 OSB and 3/8 plywood panel sheathing with overturning restraint at each end of the wall per AISI design standard.  No. 8 screws 2" to 6" OC at perimeter and 12" OC EW in field.  </Description>
  <BasicUnit>Each</BasicUnit>
  <Name>Exterior Wall - Cold formed steel walls with wood structural panel sheathing, exterior - stucco one side</Name>
  <Author>Not Given</Author>
  <Correlation>0</Correlation>
  <Directional>true</Directional>
  <EDPType>
    <Dimension>NumLevels</Dimension>
    <TypeName>Story Drift Ratio</TypeName>
    <DefaultUnits>Radian</DefaultUnits>
    <UserDefined>false</UserDefined>
  </EDPType>
  <Ratings>
    <DataQuality>Superior</DataQuality>
    <DataRelevance>Superior</DataRelevance>
    <Documentation>Superior</Documentation>
    <Rationality>Superior</Rationality>
  </Ratings>
  <Official>true</Official>
  <DateCreated>2019-02-19T17:49:48.7291157-08:00</DateCreated>
  <Approved>true</Approved>
  <Incomplete>false</Incomplete>
  <Notes>Copy of B1061.001b for use as an exterior wall.
Import errors:
 Warning: B2011.001b: B2011.001b: DS2 overlaps DS3 in the range of 0.0904 to 0.1068 - Make sure damage states are minimally overlapping
</Notes>
  <UseEDPValueOfFloorAbove>false</UseEDPValueOfFloorAbove>
  <DamageStates>
    <DSGroupType>Sequential</DSGroupType>
    <DamageState>
      <Name></Name>
      <Description>Sheathing faster pull through or tear out.  (20% of fasteners.)</Description>
      <DamageImageName>B1061.001-DS1-1.JPG</DamageImageName>
      <ConsequenceGroup>
        <RepairMeasures>Remove damaged wall, ceilings, mechanical, electrical, and office furniture / equipment.  Temporarily protect floor and provide dust curtains.  Modify mechanical and electrical as required for repair work.  Replace 20% of fasteners, replace gypsum wall board, stucco, tape and sand, repaint.  </RepairMeasures>
        <TagState>0</TagState>
        <UseCasualty>false</UseCasualty>
        <LongLeadFlag>false</LongLeadFlag>
        <AffectedFloorArea />
        <AffectedDeathRate>0</AffectedDeathRate>
        <AffectedInjuryRate>0</AffectedInjuryRate>
        <AffectedDeathRateBeta>0</AffectedDeathRateBeta>
        <AffectedInjuryRateBeta>0</AffectedInjuryRateBeta>
        <RedTagMedian>0</RedTagMedian>
        <RedTagBeta>0</RedTagBeta>
        <EnergyMedian>21166</EnergyMedian>
        <EnergyCurveType>LogNormal</EnergyCurveType>
        <EnergyDispersion>0.3272</EnergyDispersion>
        <CarbonMedian>2004</CarbonMedian>
        <CarbonCurveType>LogNormal</CarbonCurveType>
        <CarbonDispersion>0.3272</CarbonDispersion>
        <CostConsequence>
          <LowerQuantity>6</LowerQuantity>
          <MaxAmount>2849.1667</MaxAmount>
          <UpperQuantity>30</UpperQuantity>
          <MinAmount>1753.3333</MinAmount>
          <Uncertainty>0.211</Uncertainty>
          <CurveType>LogNormal</CurveType>
        </CostConsequence>
        <TimeConsequence>
          <LowerQuantity>6</LowerQuantity>
          <MaxAmount>2.2225</MaxAmount>
          <UpperQuantity>30</UpperQuantity>
          <MinAmount>1.3684</MinAmount>
          <Uncertainty>0.3272</Uncertainty>
          <CurveType>LogNormal</CurveType>
        </TimeConsequence>
      </ConsequenceGroup>
      <Median>0.004</Median>
      <Beta>0.4</Beta>
    </DamageState>
    <DamageState>
      <Name></Name>
      <Description>Failure of structural panels.  </Description>
      <DamageImageName>B1061.001-DS2-1.JPG</DamageImageName>
      <ConsequenceGroup>
        <RepairMeasures>Remove damaged wall, ceilings, mechanical, electrical, and office furniture / equipment.  Temporarily protect floor and provide dust curtains.  Modify mechanical and electrical as required for repair work.  Replace sheathing, replace gypsum wall board, stucco, tape and sand, repaint.  </RepairMeasures>
        <TagState>Red</TagState>
        <UseCasualty>false</UseCasualty>
        <LongLeadFlag>false</LongLeadFlag>
        <AffectedFloorArea />
        <AffectedDeathRate>0</AffectedDeathRate>
        <AffectedInjuryRate>0</AffectedInjuryRate>
        <AffectedDeathRateBeta>0</AffectedDeathRateBeta>
        <AffectedInjuryRateBeta>0</AffectedInjuryRateBeta>
        <RedTagMedian>0.25</RedTagMedian>
        <RedTagBeta>0.5</RedTagBeta>
        <EnergyMedian>30520</EnergyMedian>
        <EnergyCurveType>LogNormal</EnergyCurveType>
        <EnergyDispersion>0.3542</EnergyDispersion>
        <CarbonMedian>2818</CarbonMedian>
        <CarbonCurveType>LogNormal</CarbonCurveType>
        <CarbonDispersion>0.3542</CarbonDispersion>
        <CostConsequence>
          <LowerQuantity>6</LowerQuantity>
          <MaxAmount>4590</MaxAmount>
          <UpperQuantity>30</UpperQuantity>
          <MinAmount>3251.25</MinAmount>
          <Uncertainty>0.251</Uncertainty>
          <CurveType>LogNormal</CurveType>
        </CostConsequence>
        <TimeConsequence>
          <LowerQuantity>6</LowerQuantity>
          <MaxAmount>3.5762</MaxAmount>
          <UpperQuantity>30</UpperQuantity>
          <MinAmount>2.5328</MinAmount>
          <Uncertainty>0.3542</Uncertainty>
          <CurveType>LogNormal</CurveType>
        </TimeConsequence>
      </ConsequenceGroup>
      <Median>0.0226</Median>
      <Beta>0.3</Beta>
    </DamageState>
    <DamageState>
      <Name></Name>
      <Description>Failure of wall.</Description>
      <DamageImageName>B1061.001-DS3-1.JPG</DamageImageName>
      <ConsequenceGroup>
        <RepairMeasures>Remove damaged wall, ceilings, mechanical, electrical, and office furniture / equipment.  Temporarily protect floor and provide dust curtains.  Provide shoring.  Modify mechanical and electrical as required for repair work.  Replace metal stud framing, boundary elements, sheathing, replace gypsum wall board, stucco, tape and sand, repaint.  </RepairMeasures>
        <TagState>Red</TagState>
        <UseCasualty>false</UseCasualty>
        <LongLeadFlag>false</LongLeadFlag>
        <AffectedFloorArea />
        <AffectedDeathRate>0</AffectedDeathRate>
        <AffectedInjuryRate>0</AffectedInjuryRate>
        <AffectedDeathRateBeta>0</AffectedDeathRateBeta>
        <AffectedInjuryRateBeta>0</AffectedInjuryRateBeta>
        <RedTagMedian>0.1</RedTagMedian>
        <RedTagBeta>0.5</RedTagBeta>
        <EnergyMedian>48121</EnergyMedian>
        <EnergyCurveType>Normal</EnergyCurveType>
        <EnergyDispersion>0.2694</EnergyDispersion>
        <CarbonMedian>3400</CarbonMedian>
        <CarbonCurveType>Normal</CarbonCurveType>
        <CarbonDispersion>0.2694</CarbonDispersion>
        <CostConsequence>
          <LowerQuantity>6</LowerQuantity>
          <MaxAmount>6450</MaxAmount>
          <UpperQuantity>30</UpperQuantity>
          <MinAmount>4568.75</MinAmount>
          <Uncertainty>0.1004</Uncertainty>
          <CurveType>Normal</CurveType>
        </CostConsequence>
        <TimeConsequence>
          <LowerQuantity>6</LowerQuantity>
          <MaxAmount>5.0279</MaxAmount>
          <UpperQuantity>30</UpperQuantity>
          <MinAmount>3.5616</MinAmount>
          <Uncertainty>0.2694</Uncertainty>
          <CurveType>Normal</CurveType>
        </TimeConsequence>
      </ConsequenceGroup>
      <Median>0.0267</Median>
      <Beta>0.25</Beta>
    </DamageState>
  </DamageStates>
</FragilityCurve>