﻿<?xml version="1.0" encoding="utf-8"?>
<FragilityCurve FileVersion="2.0">
  <UniqueID>48146a62-176f-45a2-8a4f-a113999806c0</UniqueID>
  <ID>B2011.102</ID>
  <Description>Costing for each 100 ft^2 Wall Panel.   Assumed framing:  1 SIDE: 3/8" OSB or 15/32 ply with 8d box nails at 4 to 6 inches along panel edges and 12 inches field nailing. DF #2, 2x4@16 studs. 1 SIDE: 1/2 gypsum board. Panel 8 feet tall, 8 or 16 feet long with or without door and window openings, double top plate, single bottom plate, with hold-downs. Three layer 7/8" stucco with 1/2-inch chop strand fibers applied over wire mesh fastened with 1.25 -inch long staples.</Description>
  <BasicUnit>Each</BasicUnit>
  <Name>Exterior Wall - Light framed wood walls with structural panel sheathing, stucco,  hold-downs</Name>
  <Author>Andre Filiatrault</Author>
  <Correlation>0</Correlation>
  <Directional>true</Directional>
  <EDPType>
    <Dimension>NumLevels</Dimension>
    <TypeName>Story Drift Ratio</TypeName>
    <DefaultUnits>Radian</DefaultUnits>
    <UserDefined>false</UserDefined>
  </EDPType>
  <Ratings>
    <DataQuality>Superior</DataQuality>
    <DataRelevance>Superior</DataRelevance>
    <Documentation>Superior</Documentation>
    <Rationality>Superior</Rationality>
  </Ratings>
  <Official>true</Official>
  <DateCreated>2019-02-19T17:49:50.64754-08:00</DateCreated>
  <Approved>true</Approved>
  <Incomplete>false</Incomplete>
  <Notes>Copy of B1071.002 for use as an exterior wall.
Import errors:
 Warning: B2011.102: B2011.102: DS1 overlaps DS2 in the range of 0.0252 to 0.0504 - Make sure damage states are minimally overlapping
</Notes>
  <UseEDPValueOfFloorAbove>false</UseEDPValueOfFloorAbove>
  <DamageStates>
    <DSGroupType>Sequential</DSGroupType>
    <DamageState>
      <Name></Name>
      <Description>Cracking of stucco.</Description>
      <DamageImageName>B1071.002-DS1-1.JPG</DamageImageName>
      <ConsequenceGroup>
        <RepairMeasures>Clean stucco cracks. Fill cracks with cement compound. Repaint wall to hide cracks.</RepairMeasures>
        <TagState>0</TagState>
        <UseCasualty>false</UseCasualty>
        <LongLeadFlag>false</LongLeadFlag>
        <AffectedFloorArea />
        <AffectedDeathRate>0</AffectedDeathRate>
        <AffectedInjuryRate>0</AffectedInjuryRate>
        <AffectedDeathRateBeta>0</AffectedDeathRateBeta>
        <AffectedInjuryRateBeta>0</AffectedInjuryRateBeta>
        <RedTagMedian>0</RedTagMedian>
        <RedTagBeta>0</RedTagBeta>
        <EnergyMedian>24085</EnergyMedian>
        <EnergyCurveType>LogNormal</EnergyCurveType>
        <EnergyDispersion>0.3132</EnergyDispersion>
        <CarbonMedian>2377</CarbonMedian>
        <CarbonCurveType>LogNormal</CarbonCurveType>
        <CarbonDispersion>0.3132</CarbonDispersion>
        <CostConsequence>
          <LowerQuantity>4</LowerQuantity>
          <MaxAmount>2134.1667</MaxAmount>
          <UpperQuantity>11</UpperQuantity>
          <MinAmount>1313.3333</MinAmount>
          <Uncertainty>0.1887</Uncertainty>
          <CurveType>LogNormal</CurveType>
        </CostConsequence>
        <TimeConsequence>
          <LowerQuantity>4</LowerQuantity>
          <MaxAmount>1.6639</MaxAmount>
          <UpperQuantity>11</UpperQuantity>
          <MinAmount>1.0241</MinAmount>
          <Uncertainty>0.3132</Uncertainty>
          <CurveType>LogNormal</CurveType>
        </TimeConsequence>
      </ConsequenceGroup>
      <Median>0.0025</Median>
      <Beta>0.44</Beta>
    </DamageState>
    <DamageState>
      <Name></Name>
      <Description>Spalling of stucco, separation of stucco and sheathing from studs. </Description>
      <DamageImageName>B1071.002-DS2-1.JPG</DamageImageName>
      <ConsequenceGroup>
        <RepairMeasures>Remove loose stucco and patch spalled areas with stucco. Repaint to hide repairs.</RepairMeasures>
        <TagState>Red</TagState>
        <UseCasualty>false</UseCasualty>
        <LongLeadFlag>false</LongLeadFlag>
        <AffectedFloorArea />
        <AffectedDeathRate>0</AffectedDeathRate>
        <AffectedInjuryRate>0</AffectedInjuryRate>
        <AffectedDeathRateBeta>0</AffectedDeathRateBeta>
        <AffectedInjuryRateBeta>0</AffectedInjuryRateBeta>
        <RedTagMedian>0.35</RedTagMedian>
        <RedTagBeta>0.5</RedTagBeta>
        <EnergyMedian>20870</EnergyMedian>
        <EnergyCurveType>LogNormal</EnergyCurveType>
        <EnergyDispersion>0.3303</EnergyDispersion>
        <CarbonMedian>1995</CarbonMedian>
        <CarbonCurveType>LogNormal</CarbonCurveType>
        <CarbonDispersion>0.3303</CarbonDispersion>
        <CostConsequence>
          <LowerQuantity>4</LowerQuantity>
          <MaxAmount>2570</MaxAmount>
          <UpperQuantity>11</UpperQuantity>
          <MinAmount>1820.4167</MinAmount>
          <Uncertainty>0.2158</Uncertainty>
          <CurveType>LogNormal</CurveType>
        </CostConsequence>
        <TimeConsequence>
          <LowerQuantity>4</LowerQuantity>
          <MaxAmount>2.0038</MaxAmount>
          <UpperQuantity>11</UpperQuantity>
          <MinAmount>1.4196</MinAmount>
          <Uncertainty>0.3303</Uncertainty>
          <CurveType>LogNormal</CurveType>
        </TimeConsequence>
      </ConsequenceGroup>
      <Median>0.0052</Median>
      <Beta>0.3</Beta>
    </DamageState>
    <DamageState>
      <Name></Name>
      <Description>Fracture of studs, major sill plate cracking.</Description>
      <DamageImageName>B1071.002-DS3-1.JPG</DamageImageName>
      <ConsequenceGroup>
        <RepairMeasures>Remove and replace studs, plates, sheathing, and stucco. Shore as required.</RepairMeasures>
        <TagState>Red</TagState>
        <UseCasualty>false</UseCasualty>
        <LongLeadFlag>false</LongLeadFlag>
        <AffectedFloorArea />
        <AffectedDeathRate>0</AffectedDeathRate>
        <AffectedInjuryRate>0</AffectedInjuryRate>
        <AffectedDeathRateBeta>0</AffectedDeathRateBeta>
        <AffectedInjuryRateBeta>0</AffectedInjuryRateBeta>
        <RedTagMedian>0.25</RedTagMedian>
        <RedTagBeta>0.5</RedTagBeta>
        <EnergyMedian>38737</EnergyMedian>
        <EnergyCurveType>LogNormal</EnergyCurveType>
        <EnergyDispersion>0.2752</EnergyDispersion>
        <CarbonMedian>2988</CarbonMedian>
        <CarbonCurveType>LogNormal</CarbonCurveType>
        <CarbonDispersion>0.2752</CarbonDispersion>
        <CostConsequence>
          <LowerQuantity>4</LowerQuantity>
          <MaxAmount>5760</MaxAmount>
          <UpperQuantity>11</UpperQuantity>
          <MinAmount>4080</MinAmount>
          <Uncertainty>0.115</Uncertainty>
          <CurveType>LogNormal</CurveType>
        </CostConsequence>
        <TimeConsequence>
          <LowerQuantity>4</LowerQuantity>
          <MaxAmount>4.4882</MaxAmount>
          <UpperQuantity>11</UpperQuantity>
          <MinAmount>3.1788</MinAmount>
          <Uncertainty>0.2752</Uncertainty>
          <CurveType>LogNormal</CurveType>
        </TimeConsequence>
      </ConsequenceGroup>
      <Median>0.0252</Median>
      <Beta>0.16</Beta>
    </DamageState>
  </DamageStates>
</FragilityCurve>