﻿<?xml version="1.0" encoding="utf-8"?>
<FragilityCurve FileVersion="2.0">
  <UniqueID>9a3802b4-32c4-4be4-be82-57481f1e666e</UniqueID>
  <ID>B2023.056</ID>
  <Description>None</Description>
  <BasicUnit>Each</BasicUnit>
  <Name>Storefront, Config: Symmetric insulating glass units (dual-pane, equal-thickness IGU), Lamination: Not laminated, Glass Type: Full tempered, Details: 1 in. (25 mm) FT IGU [1/4 in. (6 mm) inner and outer panes], Corner Cond. Specimen, in-plane; glass-frame clearance = 0.43 in. (11 mm); aspect ratio = 1.88:1 sealant = dry</Name>
  <Author>By User</Author>
  <Correlation>0</Correlation>
  <Directional>true</Directional>
  <EDPType>
    <Dimension>NumLevels</Dimension>
    <TypeName>Story Drift Ratio</TypeName>
    <DefaultUnits>Radian</DefaultUnits>
    <UserDefined>false</UserDefined>
  </EDPType>
  <Ratings>
    <DataQuality>NA</DataQuality>
    <DataRelevance>NA</DataRelevance>
    <Documentation>NA</Documentation>
    <Rationality>NA</Rationality>
  </Ratings>
  <Official>true</Official>
  <DateCreated>2019-02-19T17:50:07.9703416-08:00</DateCreated>
  <Approved>true</Approved>
  <Incomplete>false</Incomplete>
  <Notes>Median demand of 10% is intentional.  Physical testing did not cause frame or glass cracking damage at 10% drift.</Notes>
  <UseEDPValueOfFloorAbove>false</UseEDPValueOfFloorAbove>
  <DamageStates>
    <DSGroupType>Sequential</DSGroupType>
    <DamageState>
      <Name></Name>
      <Description>Panel damage (no glass damage).</Description>
      <DamageImageName></DamageImageName>
      <ConsequenceGroup>
        <RepairMeasures>Remove panel, repair frame, replace panel.</RepairMeasures>
        <TagState>0</TagState>
        <UseCasualty>false</UseCasualty>
        <LongLeadFlag>false</LongLeadFlag>
        <AffectedFloorArea />
        <AffectedDeathRate>0</AffectedDeathRate>
        <AffectedInjuryRate>0</AffectedInjuryRate>
        <AffectedDeathRateBeta>0</AffectedDeathRateBeta>
        <AffectedInjuryRateBeta>0</AffectedInjuryRateBeta>
        <RedTagMedian>0</RedTagMedian>
        <RedTagBeta>0</RedTagBeta>
        <EnergyMedian>9437.4</EnergyMedian>
        <EnergyCurveType>LogNormal</EnergyCurveType>
        <EnergyDispersion>0.2767</EnergyDispersion>
        <CarbonMedian>406.2</CarbonMedian>
        <CarbonCurveType>LogNormal</CarbonCurveType>
        <CarbonDispersion>0.2767</CarbonDispersion>
        <CostConsequence>
          <LowerQuantity>20</LowerQuantity>
          <MaxAmount>2955</MaxAmount>
          <UpperQuantity>100</UpperQuantity>
          <MinAmount>1576</MinAmount>
          <Uncertainty>0.1185</Uncertainty>
          <CurveType>LogNormal</CurveType>
        </CostConsequence>
        <TimeConsequence>
          <LowerQuantity>20</LowerQuantity>
          <MaxAmount>1.3046</MaxAmount>
          <UpperQuantity>100</UpperQuantity>
          <MinAmount>0.6962</MinAmount>
          <Uncertainty>0.2767</Uncertainty>
          <CurveType>LogNormal</CurveType>
        </TimeConsequence>
      </ConsequenceGroup>
      <Median>0.055</Median>
      <Beta>0.32</Beta>
    </DamageState>
    <DamageState>
      <Name></Name>
      <Description>Glass cracks.</Description>
      <DamageImageName></DamageImageName>
      <ConsequenceGroup>
        <RepairMeasures>Remove panel, replace glass, replace panel.</RepairMeasures>
        <TagState>0</TagState>
        <UseCasualty>false</UseCasualty>
        <LongLeadFlag>false</LongLeadFlag>
        <AffectedFloorArea />
        <AffectedDeathRate>0</AffectedDeathRate>
        <AffectedInjuryRate>0</AffectedInjuryRate>
        <AffectedDeathRateBeta>0</AffectedDeathRateBeta>
        <AffectedInjuryRateBeta>0</AffectedInjuryRateBeta>
        <RedTagMedian>0</RedTagMedian>
        <RedTagBeta>0</RedTagBeta>
        <EnergyMedian>23784</EnergyMedian>
        <EnergyCurveType>LogNormal</EnergyCurveType>
        <EnergyDispersion>0.2767</EnergyDispersion>
        <CarbonMedian>1024.8</CarbonMedian>
        <CarbonCurveType>LogNormal</CarbonCurveType>
        <CarbonDispersion>0.2767</CarbonDispersion>
        <CostConsequence>
          <LowerQuantity>20</LowerQuantity>
          <MaxAmount>2955</MaxAmount>
          <UpperQuantity>100</UpperQuantity>
          <MinAmount>1576</MinAmount>
          <Uncertainty>0.1185</Uncertainty>
          <CurveType>LogNormal</CurveType>
        </CostConsequence>
        <TimeConsequence>
          <LowerQuantity>20</LowerQuantity>
          <MaxAmount>1.3046</MaxAmount>
          <UpperQuantity>100</UpperQuantity>
          <MinAmount>0.6962</MinAmount>
          <Uncertainty>0.2767</Uncertainty>
          <CurveType>LogNormal</CurveType>
        </TimeConsequence>
      </ConsequenceGroup>
      <Median>0.1</Median>
      <Beta>0.32</Beta>
    </DamageState>
  </DamageStates>
</FragilityCurve>