﻿<?xml version="1.0" encoding="utf-8"?>
<FragilityCurve FileVersion="2.0">
  <UniqueID>a72bcc70-3e24-4830-bdcc-9403568e6e38</UniqueID>
  <ID>B2022.053</ID>
  <Description>None</Description>
  <BasicUnit>Each</BasicUnit>
  <Name>Midrise stick-built curtain wall, Config: Monolithic, Lamination: Not laminated, Glass Type: Full tempered, Details: 1/4 in. (6 mm) FT monolithic, Seamed Edge; glass-frame clearance = 0.43 in. (11 mm); aspect ratio = 6:5 sealant = dry</Name>
  <Author>By User</Author>
  <Correlation>0</Correlation>
  <Directional>true</Directional>
  <EDPType>
    <Dimension>NumLevels</Dimension>
    <TypeName>Story Drift Ratio</TypeName>
    <DefaultUnits>Radian</DefaultUnits>
    <UserDefined>false</UserDefined>
  </EDPType>
  <Ratings>
    <DataQuality>NA</DataQuality>
    <DataRelevance>NA</DataRelevance>
    <Documentation>NA</Documentation>
    <Rationality>NA</Rationality>
  </Ratings>
  <Official>true</Official>
  <DateCreated>2019-02-19T17:49:59.0890068-08:00</DateCreated>
  <Approved>true</Approved>
  <Incomplete>false</Incomplete>
  <Notes>None</Notes>
  <UseEDPValueOfFloorAbove>false</UseEDPValueOfFloorAbove>
  <DamageStates>
    <DSGroupType>Sequential</DSGroupType>
    <DamageState>
      <Name></Name>
      <Description>Glass cracking.</Description>
      <DamageImageName></DamageImageName>
      <ConsequenceGroup>
        <RepairMeasures>Replace cracked glass panel.  </RepairMeasures>
        <TagState>0</TagState>
        <UseCasualty>false</UseCasualty>
        <LongLeadFlag>false</LongLeadFlag>
        <AffectedFloorArea />
        <AffectedDeathRate>0</AffectedDeathRate>
        <AffectedInjuryRate>0</AffectedInjuryRate>
        <AffectedDeathRateBeta>0</AffectedDeathRateBeta>
        <AffectedInjuryRateBeta>0</AffectedInjuryRateBeta>
        <RedTagMedian>0</RedTagMedian>
        <RedTagBeta>0</RedTagBeta>
        <EnergyMedian>9437.4</EnergyMedian>
        <EnergyCurveType>LogNormal</EnergyCurveType>
        <EnergyDispersion>0.2767</EnergyDispersion>
        <CarbonMedian>406.2</CarbonMedian>
        <CarbonCurveType>LogNormal</CarbonCurveType>
        <CarbonDispersion>0.2767</CarbonDispersion>
        <CostConsequence>
          <LowerQuantity>20</LowerQuantity>
          <MaxAmount>2955</MaxAmount>
          <UpperQuantity>100</UpperQuantity>
          <MinAmount>1576</MinAmount>
          <Uncertainty>0.1185</Uncertainty>
          <CurveType>LogNormal</CurveType>
        </CostConsequence>
        <TimeConsequence>
          <LowerQuantity>20</LowerQuantity>
          <MaxAmount>1.3046</MaxAmount>
          <UpperQuantity>100</UpperQuantity>
          <MinAmount>0.6962</MinAmount>
          <Uncertainty>0.2767</Uncertainty>
          <CurveType>LogNormal</CurveType>
        </TimeConsequence>
      </ConsequenceGroup>
      <Median>0.029</Median>
      <Beta>0.3</Beta>
    </DamageState>
    <DamageState>
      <Name></Name>
      <Description>Glass falls from frame.</Description>
      <DamageImageName></DamageImageName>
      <ConsequenceGroup>
        <RepairMeasures>Replace cracked glass panel; cover exposure in meantime.</RepairMeasures>
        <TagState>Red</TagState>
        <UseCasualty>true</UseCasualty>
        <LongLeadFlag>false</LongLeadFlag>
        <AffectedFloorArea>
          <Area>
            <Unit>Square Foot</Unit>
            <Value>36</Value>
          </Area>
        </AffectedFloorArea>
        <AffectedDeathRate>0</AffectedDeathRate>
        <AffectedInjuryRate>0.02</AffectedInjuryRate>
        <AffectedDeathRateBeta>0</AffectedDeathRateBeta>
        <AffectedInjuryRateBeta>0.5</AffectedInjuryRateBeta>
        <RedTagMedian>0.9</RedTagMedian>
        <RedTagBeta>0.5</RedTagBeta>
        <EnergyMedian>9437.4</EnergyMedian>
        <EnergyCurveType>LogNormal</EnergyCurveType>
        <EnergyDispersion>0.2767</EnergyDispersion>
        <CarbonMedian>406.2</CarbonMedian>
        <CarbonCurveType>LogNormal</CarbonCurveType>
        <CarbonDispersion>0.2767</CarbonDispersion>
        <CostConsequence>
          <LowerQuantity>20</LowerQuantity>
          <MaxAmount>2955</MaxAmount>
          <UpperQuantity>100</UpperQuantity>
          <MinAmount>1576</MinAmount>
          <Uncertainty>0.1185</Uncertainty>
          <CurveType>LogNormal</CurveType>
        </CostConsequence>
        <TimeConsequence>
          <LowerQuantity>20</LowerQuantity>
          <MaxAmount>1.3046</MaxAmount>
          <UpperQuantity>100</UpperQuantity>
          <MinAmount>0.6962</MinAmount>
          <Uncertainty>0.2767</Uncertainty>
          <CurveType>LogNormal</CurveType>
        </TimeConsequence>
      </ConsequenceGroup>
      <Median>0.039</Median>
      <Beta>0.3</Beta>
    </DamageState>
  </DamageStates>
</FragilityCurve>