﻿<?xml version="1.0" encoding="utf-8"?>
<FragilityCurve FileVersion="2.0">
  <UniqueID>58c7a3fd-dce6-41da-a42c-3d22049f2e89</UniqueID>
  <ID>B2022.035</ID>
  <Description>None</Description>
  <BasicUnit>Each</BasicUnit>
  <Name>Midrise stick-built curtain wall, Config: Monolithic, Lamination: Not laminated, Glass Type: Annealed, Details: 1/4 in. (6 mm) AN monolithic; glass-frame clearance = 0.43 in. (11 mm); aspect ratio = 2:1 sealant = dry</Name>
  <Author>Not Given</Author>
  <Correlation>0</Correlation>
  <Directional>true</Directional>
  <EDPType>
    <Dimension>NumLevels</Dimension>
    <TypeName>Story Drift Ratio</TypeName>
    <DefaultUnits>Radian</DefaultUnits>
    <UserDefined>false</UserDefined>
  </EDPType>
  <Ratings>
    <DataQuality>Superior</DataQuality>
    <DataRelevance>Average</DataRelevance>
    <Documentation>Superior</Documentation>
    <Rationality>Superior</Rationality>
  </Ratings>
  <Official>true</Official>
  <DateCreated>2019-02-19T17:49:56.0279254-08:00</DateCreated>
  <Approved>true</Approved>
  <Incomplete>false</Incomplete>
  <Notes>None</Notes>
  <UseEDPValueOfFloorAbove>false</UseEDPValueOfFloorAbove>
  <DamageStates>
    <DSGroupType>Sequential</DSGroupType>
    <DamageState>
      <Name></Name>
      <Description>Glass cracking.</Description>
      <DamageImageName>B2022.001a-DS1-1.JPG</DamageImageName>
      <ConsequenceGroup>
        <RepairMeasures>Replace cracked glass panel.  </RepairMeasures>
        <TagState>0</TagState>
        <UseCasualty>false</UseCasualty>
        <LongLeadFlag>false</LongLeadFlag>
        <AffectedFloorArea />
        <AffectedDeathRate>0</AffectedDeathRate>
        <AffectedInjuryRate>0</AffectedInjuryRate>
        <AffectedDeathRateBeta>0</AffectedDeathRateBeta>
        <AffectedInjuryRateBeta>0</AffectedInjuryRateBeta>
        <RedTagMedian>0</RedTagMedian>
        <RedTagBeta>0</RedTagBeta>
        <EnergyMedian>15099.84</EnergyMedian>
        <EnergyCurveType>LogNormal</EnergyCurveType>
        <EnergyDispersion>0.2767</EnergyDispersion>
        <CarbonMedian>649.92</CarbonMedian>
        <CarbonCurveType>LogNormal</CarbonCurveType>
        <CarbonDispersion>0.2767</CarbonDispersion>
        <CostConsequence>
          <LowerQuantity>13</LowerQuantity>
          <MaxAmount>4728</MaxAmount>
          <UpperQuantity>63</UpperQuantity>
          <MinAmount>2521.6</MinAmount>
          <Uncertainty>0.1185</Uncertainty>
          <CurveType>LogNormal</CurveType>
        </CostConsequence>
        <TimeConsequence>
          <LowerQuantity>13</LowerQuantity>
          <MaxAmount>2.0873</MaxAmount>
          <UpperQuantity>63</UpperQuantity>
          <MinAmount>1.1139</MinAmount>
          <Uncertainty>0.2767</Uncertainty>
          <CurveType>LogNormal</CurveType>
        </TimeConsequence>
      </ConsequenceGroup>
      <Median>0.0181</Median>
      <Beta>0.25</Beta>
    </DamageState>
    <DamageState>
      <Name></Name>
      <Description>Glass falls from frame.</Description>
      <DamageImageName>B2022.001a-DS2-1.JPG</DamageImageName>
      <ConsequenceGroup>
        <RepairMeasures>Replace cracked glass panel; cover exposure in meantime.</RepairMeasures>
        <TagState>Red</TagState>
        <UseCasualty>true</UseCasualty>
        <LongLeadFlag>false</LongLeadFlag>
        <AffectedFloorArea>
          <Area>
            <Unit>Square Foot</Unit>
            <Value>36</Value>
          </Area>
        </AffectedFloorArea>
        <AffectedDeathRate>0</AffectedDeathRate>
        <AffectedInjuryRate>0.02</AffectedInjuryRate>
        <AffectedDeathRateBeta>0</AffectedDeathRateBeta>
        <AffectedInjuryRateBeta>0.5</AffectedInjuryRateBeta>
        <RedTagMedian>0.9</RedTagMedian>
        <RedTagBeta>0.5</RedTagBeta>
        <EnergyMedian>15099.84</EnergyMedian>
        <EnergyCurveType>LogNormal</EnergyCurveType>
        <EnergyDispersion>0.2767</EnergyDispersion>
        <CarbonMedian>649.92</CarbonMedian>
        <CarbonCurveType>LogNormal</CarbonCurveType>
        <CarbonDispersion>0.2767</CarbonDispersion>
        <CostConsequence>
          <LowerQuantity>13</LowerQuantity>
          <MaxAmount>4728</MaxAmount>
          <UpperQuantity>63</UpperQuantity>
          <MinAmount>2521.6</MinAmount>
          <Uncertainty>0.1185</Uncertainty>
          <CurveType>LogNormal</CurveType>
        </CostConsequence>
        <TimeConsequence>
          <LowerQuantity>13</LowerQuantity>
          <MaxAmount>2.0873</MaxAmount>
          <UpperQuantity>63</UpperQuantity>
          <MinAmount>1.1139</MinAmount>
          <Uncertainty>0.2767</Uncertainty>
          <CurveType>LogNormal</CurveType>
        </TimeConsequence>
      </ConsequenceGroup>
      <Median>0.0212</Median>
      <Beta>0.25</Beta>
    </DamageState>
  </DamageStates>
</FragilityCurve>