﻿<?xml version="1.0" encoding="utf-8"?>
<FragilityCurve FileVersion="2.0">
  <UniqueID>6c12a8c5-074b-4b98-b283-d7c1d4499a47</UniqueID>
  <ID>B3011.014</ID>
  <Description>Costing per roofing square (100 SF)</Description>
  <BasicUnit>Each</BasicUnit>
  <Name>Clay tile roof, unsecured tiles</Name>
  <Author>Not Given</Author>
  <Correlation>0</Correlation>
  <Directional>false</Directional>
  <EDPType>
    <Dimension>NumLevelsPlusOne</Dimension>
    <TypeName>Acceleration</TypeName>
    <DefaultUnits>g</DefaultUnits>
    <UserDefined>false</UserDefined>
  </EDPType>
  <Ratings>
    <DataQuality>NA</DataQuality>
    <DataRelevance>NA</DataRelevance>
    <Documentation>NA</Documentation>
    <Rationality>NA</Rationality>
  </Ratings>
  <Official>true</Official>
  <DateCreated>2019-02-19T17:50:10.081708-08:00</DateCreated>
  <Approved>true</Approved>
  <Incomplete>false</Incomplete>
  <Notes>None</Notes>
  <UseEDPValueOfFloorAbove>false</UseEDPValueOfFloorAbove>
  <DamageStates>
    <DSGroupType>Sequential</DSGroupType>
    <DamageState>
      <Name></Name>
      <Description>Minor damage; tiles dislodged.</Description>
      <DamageImageName>B3011.011-DS1-1.JPG</DamageImageName>
      <ConsequenceGroup>
        <RepairMeasures>Replace and install dislodged tiles (assume 5% of area)</RepairMeasures>
        <TagState>0</TagState>
        <UseCasualty>false</UseCasualty>
        <LongLeadFlag>false</LongLeadFlag>
        <AffectedFloorArea />
        <AffectedDeathRate>0</AffectedDeathRate>
        <AffectedInjuryRate>0</AffectedInjuryRate>
        <AffectedDeathRateBeta>0</AffectedDeathRateBeta>
        <AffectedInjuryRateBeta>0</AffectedInjuryRateBeta>
        <RedTagMedian>0</RedTagMedian>
        <RedTagBeta>0</RedTagBeta>
        <EnergyMedian>920</EnergyMedian>
        <EnergyCurveType>LogNormal</EnergyCurveType>
        <EnergyDispersion>0.5724</EnergyDispersion>
        <CarbonMedian>40</CarbonMedian>
        <CarbonCurveType>LogNormal</CarbonCurveType>
        <CarbonDispersion>0.5724</CarbonDispersion>
        <CostConsequence>
          <LowerQuantity>1</LowerQuantity>
          <MaxAmount>1235</MaxAmount>
          <UpperQuantity>10</UpperQuantity>
          <MinAmount>760</MinAmount>
          <Uncertainty>0.5149</Uncertainty>
          <CurveType>LogNormal</CurveType>
        </CostConsequence>
        <TimeConsequence>
          <LowerQuantity>1</LowerQuantity>
          <MaxAmount>1.3643</MaxAmount>
          <UpperQuantity>10</UpperQuantity>
          <MinAmount>0.8404</MinAmount>
          <Uncertainty>0.5724</Uncertainty>
          <CurveType>LogNormal</CurveType>
        </TimeConsequence>
      </ConsequenceGroup>
      <Median>0.4</Median>
      <Beta>0.3</Beta>
    </DamageState>
    <DamageState>
      <Name></Name>
      <Description>Major portion of tile dislodged.</Description>
      <DamageImageName>B3011.011-DS2-1.JPG</DamageImageName>
      <ConsequenceGroup>
        <RepairMeasures>Replace and install dislodged tiles.</RepairMeasures>
        <TagState>Red</TagState>
        <UseCasualty>false</UseCasualty>
        <LongLeadFlag>false</LongLeadFlag>
        <AffectedFloorArea />
        <AffectedDeathRate>0</AffectedDeathRate>
        <AffectedInjuryRate>0</AffectedInjuryRate>
        <AffectedDeathRateBeta>0</AffectedDeathRateBeta>
        <AffectedInjuryRateBeta>0</AffectedInjuryRateBeta>
        <RedTagMedian>0.5</RedTagMedian>
        <RedTagBeta>0.5</RedTagBeta>
        <EnergyMedian>2721</EnergyMedian>
        <EnergyCurveType>LogNormal</EnergyCurveType>
        <EnergyDispersion>0.5316</EnergyDispersion>
        <CarbonMedian>113</CarbonMedian>
        <CarbonCurveType>LogNormal</CarbonCurveType>
        <CarbonDispersion>0.5316</CarbonDispersion>
        <CostConsequence>
          <LowerQuantity>1</LowerQuantity>
          <MaxAmount>2325</MaxAmount>
          <UpperQuantity>10</UpperQuantity>
          <MinAmount>1240</MinAmount>
          <Uncertainty>0.4691</Uncertainty>
          <CurveType>LogNormal</CurveType>
        </CostConsequence>
        <TimeConsequence>
          <LowerQuantity>1</LowerQuantity>
          <MaxAmount>2.5648</MaxAmount>
          <UpperQuantity>10</UpperQuantity>
          <MinAmount>1.3681</MinAmount>
          <Uncertainty>0.5316</Uncertainty>
          <CurveType>LogNormal</CurveType>
        </TimeConsequence>
      </ConsequenceGroup>
      <Median>0.5</Median>
      <Beta>0.3</Beta>
    </DamageState>
  </DamageStates>
</FragilityCurve>