﻿<?xml version="1.0" encoding="utf-8"?>
<FragilityCurve FileVersion="2.0">
  <UniqueID>7d0a1739-171e-4599-ad29-859f98994b55</UniqueID>
  <ID>B3011.012</ID>
  <Description>Costing per roofing square (100 SF)</Description>
  <BasicUnit>Each</BasicUnit>
  <Name>Clay tile roof, tiles secured and compliant with UBC94</Name>
  <Author>Not Given</Author>
  <Correlation>0</Correlation>
  <Directional>false</Directional>
  <EDPType>
    <Dimension>NumLevelsPlusOne</Dimension>
    <TypeName>Acceleration</TypeName>
    <DefaultUnits>g</DefaultUnits>
    <UserDefined>false</UserDefined>
  </EDPType>
  <Ratings>
    <DataQuality>NA</DataQuality>
    <DataRelevance>NA</DataRelevance>
    <Documentation>NA</Documentation>
    <Rationality>NA</Rationality>
  </Ratings>
  <Official>true</Official>
  <DateCreated>2019-02-19T17:50:09.3729207-08:00</DateCreated>
  <Approved>true</Approved>
  <Incomplete>false</Incomplete>
  <Notes>None</Notes>
  <UseEDPValueOfFloorAbove>false</UseEDPValueOfFloorAbove>
  <DamageStates>
    <DSGroupType>Sequential</DSGroupType>
    <DamageState>
      <Name></Name>
      <Description>Minor damage; tiles dislodged.</Description>
      <DamageImageName>B3011.011-DS1-1.JPG</DamageImageName>
      <ConsequenceGroup>
        <RepairMeasures>Replace and install dislodged tiles (assume 5% of area)</RepairMeasures>
        <TagState>0</TagState>
        <UseCasualty>false</UseCasualty>
        <LongLeadFlag>false</LongLeadFlag>
        <AffectedFloorArea />
        <AffectedDeathRate>0</AffectedDeathRate>
        <AffectedInjuryRate>0</AffectedInjuryRate>
        <AffectedDeathRateBeta>0</AffectedDeathRateBeta>
        <AffectedInjuryRateBeta>0</AffectedInjuryRateBeta>
        <RedTagMedian>0</RedTagMedian>
        <RedTagBeta>0</RedTagBeta>
        <EnergyMedian>1329</EnergyMedian>
        <EnergyCurveType>LogNormal</EnergyCurveType>
        <EnergyDispersion>0.5415</EnergyDispersion>
        <CarbonMedian>56</CarbonMedian>
        <CarbonCurveType>LogNormal</CarbonCurveType>
        <CarbonDispersion>0.5415</CarbonDispersion>
        <CostConsequence>
          <LowerQuantity>5</LowerQuantity>
          <MaxAmount>1332.5</MaxAmount>
          <UpperQuantity>50</UpperQuantity>
          <MinAmount>820</MinAmount>
          <Uncertainty>0.4803</Uncertainty>
          <CurveType>LogNormal</CurveType>
        </CostConsequence>
        <TimeConsequence>
          <LowerQuantity>5</LowerQuantity>
          <MaxAmount>1.4692</MaxAmount>
          <UpperQuantity>50</UpperQuantity>
          <MinAmount>0.9039</MinAmount>
          <Uncertainty>0.5415</Uncertainty>
          <CurveType>LogNormal</CurveType>
        </TimeConsequence>
      </ConsequenceGroup>
      <Median>1.4</Median>
      <Beta>0.3</Beta>
    </DamageState>
    <DamageState>
      <Name></Name>
      <Description>Major portion of tile dislodged.</Description>
      <DamageImageName>B3011.011-DS2-1.JPG</DamageImageName>
      <ConsequenceGroup>
        <RepairMeasures>Replace and install dislodged tiles.</RepairMeasures>
        <TagState>Red</TagState>
        <UseCasualty>false</UseCasualty>
        <LongLeadFlag>false</LongLeadFlag>
        <AffectedFloorArea />
        <AffectedDeathRate>0</AffectedDeathRate>
        <AffectedInjuryRate>0</AffectedInjuryRate>
        <AffectedDeathRateBeta>0</AffectedDeathRateBeta>
        <AffectedInjuryRateBeta>0</AffectedInjuryRateBeta>
        <RedTagMedian>0.5</RedTagMedian>
        <RedTagBeta>0.5</RedTagBeta>
        <EnergyMedian>5177</EnergyMedian>
        <EnergyCurveType>LogNormal</EnergyCurveType>
        <EnergyDispersion>0.4459</EnergyDispersion>
        <CarbonMedian>213</CarbonMedian>
        <CarbonCurveType>LogNormal</CarbonCurveType>
        <CarbonDispersion>0.4459</CarbonDispersion>
        <CostConsequence>
          <LowerQuantity>5</LowerQuantity>
          <MaxAmount>3000</MaxAmount>
          <UpperQuantity>50</UpperQuantity>
          <MinAmount>1600</MinAmount>
          <Uncertainty>0.3692</Uncertainty>
          <CurveType>LogNormal</CurveType>
        </CostConsequence>
        <TimeConsequence>
          <LowerQuantity>5</LowerQuantity>
          <MaxAmount>3.3129</MaxAmount>
          <UpperQuantity>50</UpperQuantity>
          <MinAmount>1.7688</MinAmount>
          <Uncertainty>0.4459</Uncertainty>
          <CurveType>LogNormal</CurveType>
        </TimeConsequence>
      </ConsequenceGroup>
      <Median>1.7</Median>
      <Beta>0.3</Beta>
    </DamageState>
  </DamageStates>
</FragilityCurve>