﻿<?xml version="1.0" encoding="utf-8"?>
<FragilityCurve FileVersion="2.0">
  <UniqueID>5250240b-fa56-4392-a6cb-f86c3f16d564</UniqueID>
  <ID>B3031.001b</ID>
  <Description>Demand parameter shall be defined as the first floor peak floor acceleration.  Unreinforced masonry chimney as a component of wood frame buildings.  Includes firebox and chimney, excludes exterior veneer or ornamentation.  May include chimneys where the quality of reinforcing is unknown.  For multiple story buildings enter the chimney fragility once at the first floor, do not specify this fragility at subsequent elevated floors.</Description>
  <BasicUnit>Each</BasicUnit>
  <Name>Masonry Chimney - unreinforced, non industrial, above roof 10 ft, replace with masonry</Name>
  <Author>Not Given</Author>
  <Correlation>0</Correlation>
  <Directional>false</Directional>
  <EDPType>
    <Dimension>NumLevelsPlusOne</Dimension>
    <TypeName>Acceleration</TypeName>
    <DefaultUnits>g</DefaultUnits>
    <UserDefined>false</UserDefined>
  </EDPType>
  <Ratings>
    <DataQuality>NA</DataQuality>
    <DataRelevance>NA</DataRelevance>
    <Documentation>NA</Documentation>
    <Rationality>NA</Rationality>
  </Ratings>
  <Official>true</Official>
  <DateCreated>2019-02-19T17:50:10.8344821-08:00</DateCreated>
  <Approved>true</Approved>
  <Incomplete>false</Incomplete>
  <Notes>Rebuilding with masonry will restore the chimney to its pre-earthquake condition.  Some jurisdictions prohibit unreinforced reconstruction and require either replacement of the damaged portion of the chimney with a metal flue within wood frame chase or a complete removal of the existing fireplace and chimney with replacement with a code compliant reinforced masonry design.  
Toppled chimney may cause damage to adjacent structure.  </Notes>
  <UseEDPValueOfFloorAbove>false</UseEDPValueOfFloorAbove>
  <DamageStates>
    <DSGroupType>Sequential</DSGroupType>
    <DamageState>
      <Name></Name>
      <Description>Cracking with offset &gt; 1/16"</Description>
      <DamageImageName>B3031.001a-DS1-1.jpg</DamageImageName>
      <ConsequenceGroup>
        <RepairMeasures>Rebuild above break or replace entire chimney.
Addl comments (edit or delete as necessary):  Rebuilding with masonry will restore the chimney to its pre-earthquake condition.  Some jurisdictions prohibit unreinforced reconstruction and require either replacement of the damaged portion of the chimney with a metal flue within wood frame chase or a complete removal of the existing fireplace and chimney with replacement with a code compliant reinforced masonry design.  
Toppled chimney may cause damage to adjacent structure.  </RepairMeasures>
        <TagState>Red</TagState>
        <UseCasualty>false</UseCasualty>
        <LongLeadFlag>false</LongLeadFlag>
        <AffectedFloorArea />
        <AffectedDeathRate>0</AffectedDeathRate>
        <AffectedInjuryRate>0</AffectedInjuryRate>
        <AffectedDeathRateBeta>0</AffectedDeathRateBeta>
        <AffectedInjuryRateBeta>0</AffectedInjuryRateBeta>
        <RedTagMedian>0.25</RedTagMedian>
        <RedTagBeta>0.5</RedTagBeta>
        <EnergyMedian>106732.9</EnergyMedian>
        <EnergyCurveType>LogNormal</EnergyCurveType>
        <EnergyDispersion>0.3035</EnergyDispersion>
        <CarbonMedian>4767.74</CarbonMedian>
        <CarbonCurveType>LogNormal</CarbonCurveType>
        <CarbonDispersion>0.3035</CarbonDispersion>
        <CostConsequence>
          <LowerQuantity>1</LowerQuantity>
          <MaxAmount>14560</MaxAmount>
          <UpperQuantity>5</UpperQuantity>
          <MinAmount>8960</MinAmount>
          <Uncertainty>0.1721</Uncertainty>
          <CurveType>LogNormal</CurveType>
        </CostConsequence>
        <TimeConsequence>
          <LowerQuantity>1</LowerQuantity>
          <MaxAmount>16.0588</MaxAmount>
          <UpperQuantity>5</UpperQuantity>
          <MinAmount>9.8823</MinAmount>
          <Uncertainty>0.3035</Uncertainty>
          <CurveType>LogNormal</CurveType>
        </TimeConsequence>
      </ConsequenceGroup>
      <Median>0.35</Median>
      <Beta>0.6</Beta>
    </DamageState>
    <DamageState>
      <Name></Name>
      <Description>Toppling of all or a portion of the chimney.</Description>
      <DamageImageName>B3031.001a-DS2-1.jpg</DamageImageName>
      <ConsequenceGroup>
        <RepairMeasures>Rebuild above break or replace entire chimney.</RepairMeasures>
        <TagState>Red</TagState>
        <UseCasualty>false</UseCasualty>
        <LongLeadFlag>false</LongLeadFlag>
        <AffectedFloorArea />
        <AffectedDeathRate>0</AffectedDeathRate>
        <AffectedInjuryRate>0</AffectedInjuryRate>
        <AffectedDeathRateBeta>0</AffectedDeathRateBeta>
        <AffectedInjuryRateBeta>0</AffectedInjuryRateBeta>
        <RedTagMedian>0.5</RedTagMedian>
        <RedTagBeta>0.5</RedTagBeta>
        <EnergyMedian>106732.9</EnergyMedian>
        <EnergyCurveType>LogNormal</EnergyCurveType>
        <EnergyDispersion>0.3035</EnergyDispersion>
        <CarbonMedian>4767.74</CarbonMedian>
        <CarbonCurveType>LogNormal</CarbonCurveType>
        <CarbonDispersion>0.3035</CarbonDispersion>
        <CostConsequence>
          <LowerQuantity>1</LowerQuantity>
          <MaxAmount>16800</MaxAmount>
          <UpperQuantity>5</UpperQuantity>
          <MinAmount>8960</MinAmount>
          <Uncertainty>0.1721</Uncertainty>
          <CurveType>LogNormal</CurveType>
        </CostConsequence>
        <TimeConsequence>
          <LowerQuantity>1</LowerQuantity>
          <MaxAmount>18.5294</MaxAmount>
          <UpperQuantity>5</UpperQuantity>
          <MinAmount>9.8823</MinAmount>
          <Uncertainty>0.3035</Uncertainty>
          <CurveType>LogNormal</CurveType>
        </TimeConsequence>
      </ConsequenceGroup>
      <Median>0.5</Median>
      <Beta>0.6</Beta>
    </DamageState>
  </DamageStates>
</FragilityCurve>