﻿<?xml version="1.0" encoding="utf-8"?>
<FragilityCurve FileVersion="2.0">
  <UniqueID>5b643992-28a7-4226-bdad-b1510a211a0f</UniqueID>
  <ID>C1011.001a</ID>
  <Description>Quantity is based upon 13'x100' Panels.  Quantity of wall damaged varies by damage state.</Description>
  <BasicUnit>Each</BasicUnit>
  <Name>Wall Partition, Type: Gypsum with metal studs, Full Height, Fixed Below, Fixed Above</Name>
  <Author>Not Given</Author>
  <Correlation>0</Correlation>
  <Directional>true</Directional>
  <EDPType>
    <Dimension>NumLevels</Dimension>
    <TypeName>Story Drift Ratio</TypeName>
    <DefaultUnits>Radian</DefaultUnits>
    <UserDefined>false</UserDefined>
  </EDPType>
  <Ratings>
    <DataQuality>Superior</DataQuality>
    <DataRelevance>Superior</DataRelevance>
    <Documentation>Superior</Documentation>
    <Rationality>NA</Rationality>
  </Ratings>
  <Official>true</Official>
  <DateCreated>2019-02-19T17:50:12.9758395-08:00</DateCreated>
  <Approved>true</Approved>
  <Incomplete>false</Incomplete>
  <Notes>None
Import errors:
 Warning: C1011.001a: C1011.001a: DS1 overlaps DS2 at 0.084 - Make sure damage states are minimally overlapping
</Notes>
  <UseEDPValueOfFloorAbove>false</UseEDPValueOfFloorAbove>
  <DamageStates>
    <DSGroupType>Sequential</DSGroupType>
    <DamageState>
      <Name></Name>
      <Description>Screw pop-out, cracking of wall board, warping or cracking of tape, slight crushing of wall panel at corners.</Description>
      <DamageImageName></DamageImageName>
      <ConsequenceGroup>
        <RepairMeasures>Retape joints, paste and repaint.  May require cutting and replacing corner sections of board.  Repair 5% wallboard, 10% retape, 25% repaint.</RepairMeasures>
        <TagState>0</TagState>
        <UseCasualty>false</UseCasualty>
        <LongLeadFlag>false</LongLeadFlag>
        <AffectedFloorArea />
        <AffectedDeathRate>0</AffectedDeathRate>
        <AffectedInjuryRate>0</AffectedInjuryRate>
        <AffectedDeathRateBeta>0</AffectedDeathRateBeta>
        <AffectedInjuryRateBeta>0</AffectedInjuryRateBeta>
        <RedTagMedian>0</RedTagMedian>
        <RedTagBeta>0</RedTagBeta>
        <EnergyMedian>4979</EnergyMedian>
        <EnergyCurveType>Normal</EnergyCurveType>
        <EnergyDispersion>0.5424</EnergyDispersion>
        <CarbonMedian>208</CarbonMedian>
        <CarbonCurveType>Normal</CarbonCurveType>
        <CarbonDispersion>0.5424</CarbonDispersion>
        <CostConsequence>
          <LowerQuantity>1</LowerQuantity>
          <MaxAmount>2677.5</MaxAmount>
          <UpperQuantity>10</UpperQuantity>
          <MinAmount>1428</MinAmount>
          <Uncertainty>0.4814</Uncertainty>
          <CurveType>Normal</CurveType>
        </CostConsequence>
        <TimeConsequence>
          <LowerQuantity>1</LowerQuantity>
          <MaxAmount>2.1256</MaxAmount>
          <UpperQuantity>10</UpperQuantity>
          <MinAmount>1.1518</MinAmount>
          <Uncertainty>0.5424</Uncertainty>
          <CurveType>Normal</CurveType>
        </TimeConsequence>
      </ConsequenceGroup>
      <Median>0.005</Median>
      <Beta>0.4</Beta>
    </DamageState>
    <DamageState>
      <Name></Name>
      <Description>Moderate cracking or crushing of gypsum wall boards (typically in corners).  Moderate corner gap openings, bending of boundary studs.</Description>
      <DamageImageName></DamageImageName>
      <ConsequenceGroup>
        <RepairMeasures>Remove and replace 10% of wall board (both sides), retape and paste 25% of wall, paint 50% of wall.  Replace boundary studs of approximately 5 intersections per 100 ft of wall length.</RepairMeasures>
        <TagState>0</TagState>
        <UseCasualty>false</UseCasualty>
        <LongLeadFlag>false</LongLeadFlag>
        <AffectedFloorArea />
        <AffectedDeathRate>0</AffectedDeathRate>
        <AffectedInjuryRate>0</AffectedInjuryRate>
        <AffectedDeathRateBeta>0</AffectedDeathRateBeta>
        <AffectedInjuryRateBeta>0</AffectedInjuryRateBeta>
        <RedTagMedian>0</RedTagMedian>
        <RedTagBeta>0</RedTagBeta>
        <EnergyMedian>14963</EnergyMedian>
        <EnergyCurveType>LogNormal</EnergyCurveType>
        <EnergyDispersion>0.6095</EnergyDispersion>
        <CarbonMedian>585</CarbonMedian>
        <CarbonCurveType>LogNormal</CarbonCurveType>
        <CarbonDispersion>0.6095</CarbonDispersion>
        <CostConsequence>
          <LowerQuantity>1</LowerQuantity>
          <MaxAmount>6825</MaxAmount>
          <UpperQuantity>10</UpperQuantity>
          <MinAmount>3640</MinAmount>
          <Uncertainty>0.5559</Uncertainty>
          <CurveType>LogNormal</CurveType>
        </CostConsequence>
        <TimeConsequence>
          <LowerQuantity>1</LowerQuantity>
          <MaxAmount>5.2832</MaxAmount>
          <UpperQuantity>10</UpperQuantity>
          <MinAmount>2.8007</MinAmount>
          <Uncertainty>0.6095</Uncertainty>
          <CurveType>LogNormal</CurveType>
        </TimeConsequence>
      </ConsequenceGroup>
      <Median>0.01</Median>
      <Beta>0.3</Beta>
    </DamageState>
    <DamageState>
      <Name></Name>
      <Description>Buckling of studs and tearing of tracks.  Tearing or bending of top track, tearing at corners with transverse walls, large gap openings, walls displaced.</Description>
      <DamageImageName></DamageImageName>
      <ConsequenceGroup>
        <RepairMeasures>Remove and replace 50% of length of metal stud wall, 50% of both sides of the gypsum, and any embedded utilities.  Retape and paste as required.  Repaint 100%.</RepairMeasures>
        <TagState>0</TagState>
        <UseCasualty>false</UseCasualty>
        <LongLeadFlag>false</LongLeadFlag>
        <AffectedFloorArea />
        <AffectedDeathRate>0</AffectedDeathRate>
        <AffectedInjuryRate>0</AffectedInjuryRate>
        <AffectedDeathRateBeta>0</AffectedDeathRateBeta>
        <AffectedInjuryRateBeta>0</AffectedInjuryRateBeta>
        <RedTagMedian>0</RedTagMedian>
        <RedTagBeta>0</RedTagBeta>
        <EnergyMedian>151970</EnergyMedian>
        <EnergyCurveType>LogNormal</EnergyCurveType>
        <EnergyDispersion>0.3176</EnergyDispersion>
        <CarbonMedian>13026</CarbonMedian>
        <CarbonCurveType>LogNormal</CarbonCurveType>
        <CarbonDispersion>0.3176</CarbonDispersion>
        <CostConsequence>
          <LowerQuantity>1</LowerQuantity>
          <MaxAmount>10500</MaxAmount>
          <UpperQuantity>10</UpperQuantity>
          <MinAmount>7437.5</MinAmount>
          <Uncertainty>0.1959</Uncertainty>
          <CurveType>LogNormal</CurveType>
        </CostConsequence>
        <TimeConsequence>
          <LowerQuantity>1</LowerQuantity>
          <MaxAmount>8.124</MaxAmount>
          <UpperQuantity>10</UpperQuantity>
          <MinAmount>5.737</MinAmount>
          <Uncertainty>0.3176</Uncertainty>
          <CurveType>LogNormal</CurveType>
        </TimeConsequence>
      </ConsequenceGroup>
      <Median>0.021</Median>
      <Beta>0.2</Beta>
    </DamageState>
  </DamageStates>
</FragilityCurve>