﻿<?xml version="1.0" encoding="utf-8"?>
<FragilityCurve FileVersion="2.0">
  <UniqueID>2bea246d-e3d3-4902-98ff-b66cb609d2a1</UniqueID>
  <ID>C2011.021c</ID>
  <Description>Cast in place concrete stair, with seismic interstory drift joint</Description>
  <BasicUnit>Each</BasicUnit>
  <Name>Monolithic cast-in-place and precast concrete stairs with seismic joints that accommodate drift - replace with prefabricated steel stair if replacement is required.</Name>
  <Author>Not Given</Author>
  <Correlation>0</Correlation>
  <Directional>true</Directional>
  <EDPType>
    <Dimension>NumLevels</Dimension>
    <TypeName>Story Drift Ratio</TypeName>
    <DefaultUnits>Radian</DefaultUnits>
    <UserDefined>false</UserDefined>
  </EDPType>
  <Ratings>
    <DataQuality>Marginal</DataQuality>
    <DataRelevance>Marginal</DataRelevance>
    <Documentation>Average</Documentation>
    <Rationality>NA</Rationality>
  </Ratings>
  <Official>true</Official>
  <DateCreated>2019-02-19T17:50:16.8506767-08:00</DateCreated>
  <Approved>true</Approved>
  <Incomplete>true</Incomplete>
  <Notes>User to provide median demand and dispersion values.  The values listed are default PACT values and do not represent the response of this component.
Import errors:
 Warning, Data missing: C2011.021c:DS1: Could not parse median - using 500
Warning, Data missing: C2011.021c:DS1: Could not parse dispersion - using 0.5
Warning, Data missing: C2011.021c:DS2: Could not parse median - using 500
Warning, Data missing: C2011.021c:DS2: Could not parse dispersion - using 0.5
Warning, Data missing: C2011.021c:DS3: Could not parse median - using 500
Warning, Data missing: C2011.021c:DS3: Could not parse dispersion - using 0.5
Warning, Data missing: C2011.021c: DS2 Damage State has median of Zero. - Add median value
Warning, Data missing: C2011.021c: DS3 Damage State has median of Zero. - Add median value
</Notes>
  <UseEDPValueOfFloorAbove>false</UseEDPValueOfFloorAbove>
  <DamageStates>
    <DSGroupType>Sequential</DSGroupType>
    <DamageState>
      <Name></Name>
      <Description>Local concrete cracking, localized concrete spalling</Description>
      <DamageImageName>C2011.011a-DS1-1.jpg</DamageImageName>
      <ConsequenceGroup>
        <RepairMeasures>Protect surrounding space, epoxy inject cracks, repair finishes.  Modify or relocate mechanical and electrical as required for repair work.  Repair finishes.</RepairMeasures>
        <TagState>0</TagState>
        <UseCasualty>false</UseCasualty>
        <LongLeadFlag>false</LongLeadFlag>
        <AffectedFloorArea />
        <AffectedDeathRate>0</AffectedDeathRate>
        <AffectedInjuryRate>0</AffectedInjuryRate>
        <AffectedDeathRateBeta>0</AffectedDeathRateBeta>
        <AffectedInjuryRateBeta>0</AffectedInjuryRateBeta>
        <RedTagMedian>0</RedTagMedian>
        <RedTagBeta>0</RedTagBeta>
        <EnergyMedian>3233.83</EnergyMedian>
        <EnergyCurveType>LogNormal</EnergyCurveType>
        <EnergyDispersion>0.8396</EnergyDispersion>
        <CarbonMedian>136.72</CarbonMedian>
        <CarbonCurveType>LogNormal</CarbonCurveType>
        <CarbonDispersion>0.8396</CarbonDispersion>
        <CostConsequence>
          <LowerQuantity>3</LowerQuantity>
          <MaxAmount>910</MaxAmount>
          <UpperQuantity>10</UpperQuantity>
          <MinAmount>560</MinAmount>
          <Uncertainty>0.8015</Uncertainty>
          <CurveType>LogNormal</CurveType>
        </CostConsequence>
        <TimeConsequence>
          <LowerQuantity>3</LowerQuantity>
          <MaxAmount>1.0037</MaxAmount>
          <UpperQuantity>10</UpperQuantity>
          <MinAmount>0.6177</MinAmount>
          <Uncertainty>0.8396</Uncertainty>
          <CurveType>LogNormal</CurveType>
        </TimeConsequence>
      </ConsequenceGroup>
      <Median>500</Median>
      <Beta>0.5</Beta>
    </DamageState>
    <DamageState>
      <Name></Name>
      <Description>Extensive concrete cracking, concrete crushing</Description>
      <DamageImageName>C2011.011a-DS2-1.jpg</DamageImageName>
      <ConsequenceGroup>
        <RepairMeasures>Protect floor, cut out damaged areas, repair buckled rebar, patch / cast concrete, repair finishes.  Modify or relocate mechanical and electrical as required for repair work.  Repair finishes.</RepairMeasures>
        <TagState>0</TagState>
        <UseCasualty>false</UseCasualty>
        <LongLeadFlag>false</LongLeadFlag>
        <AffectedFloorArea />
        <AffectedDeathRate>0</AffectedDeathRate>
        <AffectedInjuryRate>0</AffectedInjuryRate>
        <AffectedDeathRateBeta>0</AffectedDeathRateBeta>
        <AffectedInjuryRateBeta>0</AffectedInjuryRateBeta>
        <RedTagMedian>0</RedTagMedian>
        <RedTagBeta>0</RedTagBeta>
        <EnergyMedian>20540.69</EnergyMedian>
        <EnergyCurveType>LogNormal</EnergyCurveType>
        <EnergyDispersion>0.6218</EnergyDispersion>
        <CarbonMedian>725.04</CarbonMedian>
        <CarbonCurveType>LogNormal</CarbonCurveType>
        <CarbonDispersion>0.6218</CarbonDispersion>
        <CostConsequence>
          <LowerQuantity>3</LowerQuantity>
          <MaxAmount>4440</MaxAmount>
          <UpperQuantity>10</UpperQuantity>
          <MinAmount>3145</MinAmount>
          <Uncertainty>0.5694</Uncertainty>
          <CurveType>LogNormal</CurveType>
        </CostConsequence>
        <TimeConsequence>
          <LowerQuantity>3</LowerQuantity>
          <MaxAmount>4.8971</MaxAmount>
          <UpperQuantity>10</UpperQuantity>
          <MinAmount>3.4688</MinAmount>
          <Uncertainty>0.6218</Uncertainty>
          <CurveType>LogNormal</CurveType>
        </TimeConsequence>
      </ConsequenceGroup>
      <Median>500</Median>
      <Beta>0.5</Beta>
    </DamageState>
    <DamageState>
      <Name></Name>
      <Description>Loss of live load capacity.  </Description>
      <DamageImageName>C2011.011a-DS2-1.jpg</DamageImageName>
      <ConsequenceGroup>
        <RepairMeasures>Protect area, remove damaged stair including landings and handrails.  Remove and reinstall damaged soffit and mechanical systems.  Replace stair, landings, and handrail.  Modify or relocate mechanical and electrical as required for repair work.  Repair finishes.</RepairMeasures>
        <TagState>Red</TagState>
        <UseCasualty>false</UseCasualty>
        <LongLeadFlag>false</LongLeadFlag>
        <AffectedFloorArea />
        <AffectedDeathRate>0</AffectedDeathRate>
        <AffectedInjuryRate>0</AffectedInjuryRate>
        <AffectedDeathRateBeta>0</AffectedDeathRateBeta>
        <AffectedInjuryRateBeta>0</AffectedInjuryRateBeta>
        <RedTagMedian>0.75</RedTagMedian>
        <RedTagBeta>0.5</RedTagBeta>
        <EnergyMedian>386332.81</EnergyMedian>
        <EnergyCurveType>Normal</EnergyCurveType>
        <EnergyDispersion>0.4246</EnergyDispersion>
        <CarbonMedian>28479.57</CarbonMedian>
        <CarbonCurveType>Normal</CarbonCurveType>
        <CarbonDispersion>0.4246</CarbonDispersion>
        <CostConsequence>
          <LowerQuantity>3</LowerQuantity>
          <MaxAmount>29940</MaxAmount>
          <UpperQuantity>10</UpperQuantity>
          <MinAmount>21207.5</MinAmount>
          <Uncertainty>0.3432</Uncertainty>
          <CurveType>Normal</CurveType>
        </CostConsequence>
        <TimeConsequence>
          <LowerQuantity>3</LowerQuantity>
          <MaxAmount>33.0221</MaxAmount>
          <UpperQuantity>10</UpperQuantity>
          <MinAmount>23.3906</MinAmount>
          <Uncertainty>0.4246</Uncertainty>
          <CurveType>Normal</CurveType>
        </TimeConsequence>
      </ConsequenceGroup>
      <Median>500</Median>
      <Beta>0.5</Beta>
    </DamageState>
  </DamageStates>
</FragilityCurve>