﻿<?xml version="1.0" encoding="utf-8"?>
<FragilityCurve FileVersion="2.0">
  <UniqueID>881b3b78-9be5-4354-8ac6-7eb8a6c86f7a</UniqueID>
  <ID>C2011.031a</ID>
  <Description>Stair consists of steel stringers with precast treads rigidly linked to stringer</Description>
  <BasicUnit>Each</BasicUnit>
  <Name>Hybrid stair assembly with steel stringers and concrete treads and landings with seismic joints that accommodate drift.</Name>
  <Author>Not Given</Author>
  <Correlation>0</Correlation>
  <Directional>true</Directional>
  <EDPType>
    <Dimension>NumLevels</Dimension>
    <TypeName>Story Drift Ratio</TypeName>
    <DefaultUnits>Radian</DefaultUnits>
    <UserDefined>false</UserDefined>
  </EDPType>
  <Ratings>
    <DataQuality>Marginal</DataQuality>
    <DataRelevance>Marginal</DataRelevance>
    <Documentation>Average</Documentation>
    <Rationality>NA</Rationality>
  </Ratings>
  <Official>true</Official>
  <DateCreated>2019-02-19T17:50:17.5824571-08:00</DateCreated>
  <Approved>true</Approved>
  <Incomplete>true</Incomplete>
  <Notes>User to provide median demand and dispersion values.  The values listed are default PACT values and do not represent the response of this component.
Import errors:
 Warning, Data missing: C2011.031a:DS1: Could not parse median - using 500
Warning, Data missing: C2011.031a:DS1: Could not parse dispersion - using 0.5
Warning, Data missing: C2011.031a:DS2: Could not parse median - using 500
Warning, Data missing: C2011.031a:DS2: Could not parse dispersion - using 0.5
Warning, Data missing: C2011.031a:DS3: Could not parse median - using 500
Warning, Data missing: C2011.031a:DS3: Could not parse dispersion - using 0.5
Warning, Data missing: C2011.031a: DS2 Damage State has median of Zero. - Add median value
Warning, Data missing: C2011.031a: DS3 Damage State has median of Zero. - Add median value
</Notes>
  <UseEDPValueOfFloorAbove>false</UseEDPValueOfFloorAbove>
  <DamageStates>
    <DSGroupType>Sequential</DSGroupType>
    <DamageState>
      <Name></Name>
      <Description>Localized steel yielding.</Description>
      <DamageImageName></DamageImageName>
      <ConsequenceGroup>
        <RepairMeasures>Protect surrounding space.  Minor repair of finishes.  Modify or relocate mechanical and electrical as required for repair work.  Repair finishes.</RepairMeasures>
        <TagState>0</TagState>
        <UseCasualty>false</UseCasualty>
        <LongLeadFlag>false</LongLeadFlag>
        <AffectedFloorArea />
        <AffectedDeathRate>0</AffectedDeathRate>
        <AffectedInjuryRate>0</AffectedInjuryRate>
        <AffectedDeathRateBeta>0</AffectedDeathRateBeta>
        <AffectedInjuryRateBeta>0</AffectedInjuryRateBeta>
        <RedTagMedian>0</RedTagMedian>
        <RedTagBeta>0</RedTagBeta>
        <EnergyMedian>940.85</EnergyMedian>
        <EnergyCurveType>LogNormal</EnergyCurveType>
        <EnergyDispersion>1.021</EnergyDispersion>
        <CarbonMedian>39.53</CarbonMedian>
        <CarbonCurveType>LogNormal</CarbonCurveType>
        <CarbonDispersion>1.021</CarbonDispersion>
        <CostConsequence>
          <LowerQuantity>3</LowerQuantity>
          <MaxAmount>480</MaxAmount>
          <UpperQuantity>10</UpperQuantity>
          <MinAmount>320</MinAmount>
          <Uncertainty>0.9899</Uncertainty>
          <CurveType>LogNormal</CurveType>
        </CostConsequence>
        <TimeConsequence>
          <LowerQuantity>3</LowerQuantity>
          <MaxAmount>0.5294</MaxAmount>
          <UpperQuantity>10</UpperQuantity>
          <MinAmount>0.353</MinAmount>
          <Uncertainty>1.021</Uncertainty>
          <CurveType>LogNormal</CurveType>
        </TimeConsequence>
      </ConsequenceGroup>
      <Median>500</Median>
      <Beta>0.5</Beta>
    </DamageState>
    <DamageState>
      <Name></Name>
      <Description>Buckling of steel, weld cracking.</Description>
      <DamageImageName></DamageImageName>
      <ConsequenceGroup>
        <RepairMeasures>Protect floor, cut out damaged areas, reweld.  Repair finishes.  Modify or relocate mechanical and electrical as required for repair work.  Repair finishes.</RepairMeasures>
        <TagState>0</TagState>
        <UseCasualty>false</UseCasualty>
        <LongLeadFlag>false</LongLeadFlag>
        <AffectedFloorArea />
        <AffectedDeathRate>0</AffectedDeathRate>
        <AffectedInjuryRate>0</AffectedInjuryRate>
        <AffectedDeathRateBeta>0</AffectedDeathRateBeta>
        <AffectedInjuryRateBeta>0</AffectedInjuryRateBeta>
        <RedTagMedian>0</RedTagMedian>
        <RedTagBeta>0</RedTagBeta>
        <EnergyMedian>8712.46</EnergyMedian>
        <EnergyCurveType>LogNormal</EnergyCurveType>
        <EnergyDispersion>0.6314</EnergyDispersion>
        <CarbonMedian>339.59</CarbonMedian>
        <CarbonCurveType>LogNormal</CarbonCurveType>
        <CarbonDispersion>0.6314</CarbonDispersion>
        <CostConsequence>
          <LowerQuantity>3</LowerQuantity>
          <MaxAmount>3240</MaxAmount>
          <UpperQuantity>10</UpperQuantity>
          <MinAmount>2160</MinAmount>
          <Uncertainty>0.5798</Uncertainty>
          <CurveType>LogNormal</CurveType>
        </CostConsequence>
        <TimeConsequence>
          <LowerQuantity>3</LowerQuantity>
          <MaxAmount>3.5735</MaxAmount>
          <UpperQuantity>10</UpperQuantity>
          <MinAmount>2.3823</MinAmount>
          <Uncertainty>0.6314</Uncertainty>
          <CurveType>LogNormal</CurveType>
        </TimeConsequence>
      </ConsequenceGroup>
      <Median>500</Median>
      <Beta>0.5</Beta>
    </DamageState>
    <DamageState>
      <Name></Name>
      <Description>Loss of live load capacity.  </Description>
      <DamageImageName></DamageImageName>
      <ConsequenceGroup>
        <RepairMeasures>Protect area, remove damaged stair including landings and handrails.  Remove and reinstall damaged soffit and mechanical systems.  Replace stair, landings, and handrail.  Modify or relocate mechanical and electrical as required for repair work.  Repair finishes.</RepairMeasures>
        <TagState>Red</TagState>
        <UseCasualty>false</UseCasualty>
        <LongLeadFlag>false</LongLeadFlag>
        <AffectedFloorArea />
        <AffectedDeathRate>0</AffectedDeathRate>
        <AffectedInjuryRate>0</AffectedInjuryRate>
        <AffectedDeathRateBeta>0</AffectedDeathRateBeta>
        <AffectedInjuryRateBeta>0</AffectedInjuryRateBeta>
        <RedTagMedian>0.75</RedTagMedian>
        <RedTagBeta>0.5</RedTagBeta>
        <EnergyMedian>318609.66</EnergyMedian>
        <EnergyCurveType>Normal</EnergyCurveType>
        <EnergyDispersion>0.4574</EnergyDispersion>
        <CarbonMedian>23560</CarbonMedian>
        <CarbonCurveType>Normal</CarbonCurveType>
        <CarbonDispersion>0.4574</CarbonDispersion>
        <CostConsequence>
          <LowerQuantity>3</LowerQuantity>
          <MaxAmount>25140</MaxAmount>
          <UpperQuantity>10</UpperQuantity>
          <MinAmount>16760</MinAmount>
          <Uncertainty>0.3831</Uncertainty>
          <CurveType>Normal</CurveType>
        </CostConsequence>
        <TimeConsequence>
          <LowerQuantity>3</LowerQuantity>
          <MaxAmount>27.7279</MaxAmount>
          <UpperQuantity>10</UpperQuantity>
          <MinAmount>18.4853</MinAmount>
          <Uncertainty>0.4574</Uncertainty>
          <CurveType>Normal</CurveType>
        </TimeConsequence>
      </ConsequenceGroup>
      <Median>500</Median>
      <Beta>0.5</Beta>
    </DamageState>
  </DamageStates>
</FragilityCurve>