﻿<?xml version="1.0" encoding="utf-8"?>
<FragilityCurve FileVersion="2.0">
  <UniqueID>45b317a8-4c60-4f6a-b7e2-2be8a46fd6d7</UniqueID>
  <ID>C2011.001a</ID>
  <Description>Flexible stair with seismic interstory slip joint.  Steel prefab stringers, steel or concrete filled pan treads.</Description>
  <BasicUnit>Each</BasicUnit>
  <Name>Prefabricated steel stair with steel treads and landings with seismic joints that accommodate drift.</Name>
  <Author>Not Given</Author>
  <Correlation>0</Correlation>
  <Directional>true</Directional>
  <EDPType>
    <Dimension>NumLevels</Dimension>
    <TypeName>Story Drift Ratio</TypeName>
    <DefaultUnits>Radian</DefaultUnits>
    <UserDefined>false</UserDefined>
  </EDPType>
  <Ratings>
    <DataQuality>Marginal</DataQuality>
    <DataRelevance>Marginal</DataRelevance>
    <Documentation>Average</Documentation>
    <Rationality>NA</Rationality>
  </Ratings>
  <Official>true</Official>
  <DateCreated>2019-02-19T17:50:14.6943238-08:00</DateCreated>
  <Approved>true</Approved>
  <Incomplete>true</Incomplete>
  <Notes>User to provide median demand and dispersion values.  The values listed are default PACT values and do not represent the response of this component.
Import errors:
 Warning, Data missing: C2011.001a:DS1: Could not parse median - using 500
Warning, Data missing: C2011.001a:DS1: Could not parse dispersion - using 0.5
Warning, Data missing: C2011.001a:DS2: Could not parse median - using 500
Warning, Data missing: C2011.001a:DS2: Could not parse dispersion - using 0.5
Warning, Data missing: C2011.001a:DS3: Could not parse median - using 500
Warning, Data missing: C2011.001a:DS3: Could not parse dispersion - using 0.5
Warning, Data missing: C2011.001a: DS2 Damage State has median of Zero. - Add median value
Warning, Data missing: C2011.001a: DS3 Damage State has median of Zero. - Add median value
</Notes>
  <UseEDPValueOfFloorAbove>false</UseEDPValueOfFloorAbove>
  <DamageStates>
    <DSGroupType>Sequential</DSGroupType>
    <DamageState>
      <Name></Name>
      <Description>Non structural damage, local steel yielding.</Description>
      <DamageImageName>C2011.001a-DS1-1.jpg</DamageImageName>
      <ConsequenceGroup>
        <RepairMeasures>Patch, paint.</RepairMeasures>
        <TagState>0</TagState>
        <UseCasualty>false</UseCasualty>
        <LongLeadFlag>false</LongLeadFlag>
        <AffectedFloorArea />
        <AffectedDeathRate>0</AffectedDeathRate>
        <AffectedInjuryRate>0</AffectedInjuryRate>
        <AffectedDeathRateBeta>0</AffectedDeathRateBeta>
        <AffectedInjuryRateBeta>0</AffectedInjuryRateBeta>
        <RedTagMedian>0</RedTagMedian>
        <RedTagBeta>0</RedTagBeta>
        <EnergyMedian>940.85</EnergyMedian>
        <EnergyCurveType>LogNormal</EnergyCurveType>
        <EnergyDispersion>1.021</EnergyDispersion>
        <CarbonMedian>39.53</CarbonMedian>
        <CarbonCurveType>LogNormal</CarbonCurveType>
        <CarbonDispersion>1.021</CarbonDispersion>
        <CostConsequence>
          <LowerQuantity>1</LowerQuantity>
          <MaxAmount>4340</MaxAmount>
          <UpperQuantity>10</UpperQuantity>
          <MinAmount>1302</MinAmount>
          <Uncertainty>0.4586</Uncertainty>
          <CurveType>Normal</CurveType>
        </CostConsequence>
        <TimeConsequence>
          <LowerQuantity>1</LowerQuantity>
          <MaxAmount>3.3813</MaxAmount>
          <UpperQuantity>10</UpperQuantity>
          <MinAmount>1.0135</MinAmount>
          <Uncertainty>0.5223</Uncertainty>
          <CurveType>Normal</CurveType>
        </TimeConsequence>
      </ConsequenceGroup>
      <Median>500</Median>
      <Beta>0.5</Beta>
    </DamageState>
    <DamageState>
      <Name></Name>
      <Description>Structural damage but live load capacity remains intact.  Buckling of steel, weld cracking.</Description>
      <DamageImageName>C2011.001a-DS2-1.jpg</DamageImageName>
      <ConsequenceGroup>
        <RepairMeasures>Removal and replacement of damaged components.  Field repair of damage (such as welding).  Repair finsihes.</RepairMeasures>
        <TagState>0</TagState>
        <UseCasualty>false</UseCasualty>
        <LongLeadFlag>false</LongLeadFlag>
        <AffectedFloorArea />
        <AffectedDeathRate>0</AffectedDeathRate>
        <AffectedInjuryRate>0</AffectedInjuryRate>
        <AffectedDeathRateBeta>0</AffectedDeathRateBeta>
        <AffectedInjuryRateBeta>0</AffectedInjuryRateBeta>
        <RedTagMedian>0</RedTagMedian>
        <RedTagBeta>0</RedTagBeta>
        <EnergyMedian>8712.46</EnergyMedian>
        <EnergyCurveType>LogNormal</EnergyCurveType>
        <EnergyDispersion>0.6314</EnergyDispersion>
        <CarbonMedian>339.59</CarbonMedian>
        <CarbonCurveType>LogNormal</CarbonCurveType>
        <CarbonDispersion>0.6314</CarbonDispersion>
        <CostConsequence>
          <LowerQuantity>1</LowerQuantity>
          <MaxAmount>11100</MaxAmount>
          <UpperQuantity>10</UpperQuantity>
          <MinAmount>3330</MinAmount>
          <Uncertainty>0.4859</Uncertainty>
          <CurveType>Normal</CurveType>
        </CostConsequence>
        <TimeConsequence>
          <LowerQuantity>1</LowerQuantity>
          <MaxAmount>8.6157</MaxAmount>
          <UpperQuantity>10</UpperQuantity>
          <MinAmount>2.5597</MinAmount>
          <Uncertainty>0.5465</Uncertainty>
          <CurveType>Normal</CurveType>
        </TimeConsequence>
      </ConsequenceGroup>
      <Median>500</Median>
      <Beta>0.5</Beta>
    </DamageState>
    <DamageState>
      <Name></Name>
      <Description>Loss of live load capacity.  Connection and or weld fracture.</Description>
      <DamageImageName>C2011.001a-DS2-1.jpg</DamageImageName>
      <ConsequenceGroup>
        <RepairMeasures>Replace stair and handrail.  Repair and replace affected soffits and floor finishes.</RepairMeasures>
        <TagState>Red</TagState>
        <UseCasualty>false</UseCasualty>
        <LongLeadFlag>false</LongLeadFlag>
        <AffectedFloorArea />
        <AffectedDeathRate>0</AffectedDeathRate>
        <AffectedInjuryRate>0</AffectedInjuryRate>
        <AffectedDeathRateBeta>0</AffectedDeathRateBeta>
        <AffectedInjuryRateBeta>0</AffectedInjuryRateBeta>
        <RedTagMedian>0.75</RedTagMedian>
        <RedTagBeta>0.5</RedTagBeta>
        <EnergyMedian>301678.87</EnergyMedian>
        <EnergyCurveType>Normal</EnergyCurveType>
        <EnergyDispersion>0.468</EnergyDispersion>
        <CarbonMedian>22330.11</CarbonMedian>
        <CarbonCurveType>Normal</CarbonCurveType>
        <CarbonDispersion>0.468</CarbonDispersion>
        <CostConsequence>
          <LowerQuantity>1</LowerQuantity>
          <MaxAmount>33900</MaxAmount>
          <UpperQuantity>10</UpperQuantity>
          <MinAmount>10170</MinAmount>
          <Uncertainty>0.2351</Uncertainty>
          <CurveType>LogNormal</CurveType>
        </CostConsequence>
        <TimeConsequence>
          <LowerQuantity>1</LowerQuantity>
          <MaxAmount>26.471</MaxAmount>
          <UpperQuantity>10</UpperQuantity>
          <MinAmount>7.9756</MinAmount>
          <Uncertainty>0.3432</Uncertainty>
          <CurveType>LogNormal</CurveType>
        </TimeConsequence>
      </ConsequenceGroup>
      <Median>500</Median>
      <Beta>0.5</Beta>
    </DamageState>
  </DamageStates>
</FragilityCurve>