﻿<?xml version="1.0" encoding="utf-8"?>
<FragilityCurve FileVersion="2.0">
  <UniqueID>285965f9-5971-4bd1-a230-2fdab45b2f61</UniqueID>
  <ID>C3011.003c</ID>
  <Description>Costing based upon 9'x100' Panels</Description>
  <BasicUnit>Each</BasicUnit>
  <Name>Wall Partition, Type: High End Marble or Wood Panel, Full Height, Fixed Below, Slip Track Above w/ returns (friction connection)</Name>
  <Author>Not Given</Author>
  <Correlation>0</Correlation>
  <Directional>true</Directional>
  <EDPType>
    <Dimension>NumLevels</Dimension>
    <TypeName>Story Drift Ratio</TypeName>
    <DefaultUnits>Radian</DefaultUnits>
    <UserDefined>false</UserDefined>
  </EDPType>
  <Ratings>
    <DataQuality>Superior</DataQuality>
    <DataRelevance>Superior</DataRelevance>
    <Documentation>Superior</Documentation>
    <Rationality>NA</Rationality>
  </Ratings>
  <Official>true</Official>
  <DateCreated>2019-02-19T17:50:21.8071893-08:00</DateCreated>
  <Approved>true</Approved>
  <Incomplete>false</Incomplete>
  <Notes>None
Import errors:
 Warning: C3011.003c: C3011.003c: DS1 overlaps DS2 at 0.02 - Make sure damage states are minimally overlapping
</Notes>
  <UseEDPValueOfFloorAbove>false</UseEDPValueOfFloorAbove>
  <DamageStates>
    <DSGroupType>Sequential</DSGroupType>
    <DamageState>
      <Name></Name>
      <Description>minor cracked joints and minor cracks in marble / wood paneling.</Description>
      <DamageImageName></DamageImageName>
      <ConsequenceGroup>
        <RepairMeasures>Carefully remove cracked marble/paneling and grout at cracked joints, and install new marble/paneling and re-grout joints for 10% of full 100 foot length of wall.  Existing wall board will remain place.</RepairMeasures>
        <TagState>0</TagState>
        <UseCasualty>false</UseCasualty>
        <LongLeadFlag>false</LongLeadFlag>
        <AffectedFloorArea />
        <AffectedDeathRate>0</AffectedDeathRate>
        <AffectedInjuryRate>0</AffectedInjuryRate>
        <AffectedDeathRateBeta>0</AffectedDeathRateBeta>
        <AffectedInjuryRateBeta>0</AffectedInjuryRateBeta>
        <RedTagMedian>0</RedTagMedian>
        <RedTagBeta>0</RedTagBeta>
        <EnergyMedian>119961</EnergyMedian>
        <EnergyCurveType>Normal</EnergyCurveType>
        <EnergyDispersion>0.3608</EnergyDispersion>
        <CarbonMedian>5067</CarbonMedian>
        <CarbonCurveType>Normal</CarbonCurveType>
        <CarbonDispersion>0.3608</CarbonDispersion>
        <CostConsequence>
          <LowerQuantity>1</LowerQuantity>
          <MaxAmount>36000</MaxAmount>
          <UpperQuantity>3</UpperQuantity>
          <MinAmount>10800</MinAmount>
          <Uncertainty>0.2601</Uncertainty>
          <CurveType>Normal</CurveType>
        </CostConsequence>
        <TimeConsequence>
          <LowerQuantity>1</LowerQuantity>
          <MaxAmount>33.3265</MaxAmount>
          <UpperQuantity>3</UpperQuantity>
          <MinAmount>9.9794</MinAmount>
          <Uncertainty>0.3608</Uncertainty>
          <CurveType>Normal</CurveType>
        </TimeConsequence>
      </ConsequenceGroup>
      <Median>0.002</Median>
      <Beta>0.7</Beta>
    </DamageState>
    <DamageState>
      <Name></Name>
      <Description>significant cracks in marble / wood paneling.</Description>
      <DamageImageName></DamageImageName>
      <ConsequenceGroup>
        <RepairMeasures>Install new marble/paneling for full 100 foot length of wall.  Note: the gypsum wall board will also be removed and replaced which means the removal of the marble/paneling will be part of the gypsum wall board removal. </RepairMeasures>
        <TagState>Red</TagState>
        <UseCasualty>true</UseCasualty>
        <LongLeadFlag>false</LongLeadFlag>
        <AffectedFloorArea>
          <Area>
            <Unit>Square Foot</Unit>
            <Value>100</Value>
          </Area>
        </AffectedFloorArea>
        <AffectedDeathRate>0.05</AffectedDeathRate>
        <AffectedInjuryRate>0.1</AffectedInjuryRate>
        <AffectedDeathRateBeta>0.5</AffectedDeathRateBeta>
        <AffectedInjuryRateBeta>0.5</AffectedInjuryRateBeta>
        <RedTagMedian>0.5</RedTagMedian>
        <RedTagBeta>0.5</RedTagBeta>
        <EnergyMedian>451449</EnergyMedian>
        <EnergyCurveType>Normal</EnergyCurveType>
        <EnergyDispersion>0.4022</EnergyDispersion>
        <CarbonMedian>19224</CarbonMedian>
        <CarbonCurveType>Normal</CarbonCurveType>
        <CarbonDispersion>0.4022</CarbonDispersion>
        <CostConsequence>
          <LowerQuantity>1</LowerQuantity>
          <MaxAmount>90000</MaxAmount>
          <UpperQuantity>3</UpperQuantity>
          <MinAmount>27000</MinAmount>
          <Uncertainty>0.3151</Uncertainty>
          <CurveType>Normal</CurveType>
        </CostConsequence>
        <TimeConsequence>
          <LowerQuantity>1</LowerQuantity>
          <MaxAmount>83.3612</MaxAmount>
          <UpperQuantity>3</UpperQuantity>
          <MinAmount>24.9935</MinAmount>
          <Uncertainty>0.4022</Uncertainty>
          <CurveType>Normal</CurveType>
        </TimeConsequence>
      </ConsequenceGroup>
      <Median>0.005</Median>
      <Beta>0.4</Beta>
    </DamageState>
  </DamageStates>
</FragilityCurve>