﻿<?xml version="1.0" encoding="utf-8"?>
<FragilityCurve FileVersion="2.0">
  <UniqueID>a3e024ee-2e09-4693-994d-a3e4e19206da</UniqueID>
  <ID>C3034.001</ID>
  <Description>Horizontal light fixtures 4 to 16 ft long suspended 12 to 24 inches from ceiling.  No seismic design or bracing.  Hung from ceiling above by two or more rods or cables.  </Description>
  <BasicUnit>Each</BasicUnit>
  <Name>Independent Pendant Lighting - non seismic</Name>
  <Author>Not Given</Author>
  <Correlation>0</Correlation>
  <Directional>false</Directional>
  <EDPType>
    <Dimension>NumLevelsPlusOne</Dimension>
    <TypeName>Acceleration</TypeName>
    <DefaultUnits>g</DefaultUnits>
    <UserDefined>false</UserDefined>
  </EDPType>
  <Ratings>
    <DataQuality>NA</DataQuality>
    <DataRelevance>NA</DataRelevance>
    <Documentation>NA</Documentation>
    <Rationality>NA</Rationality>
  </Ratings>
  <Official>true</Official>
  <DateCreated>2019-02-19T17:50:34.6033493-08:00</DateCreated>
  <Approved>true</Approved>
  <Incomplete>false</Incomplete>
  <Notes>Low cost industrial hung lighting in warehouse or gymnasium that is not part of suspended ceiling or hanging from a suspended ceiling space.</Notes>
  <UseEDPValueOfFloorAbove>true</UseEDPValueOfFloorAbove>
  <DamageStates>
    <DSGroupType>Sequential</DSGroupType>
    <DamageState>
      <Name></Name>
      <Description>Disassembly of rod system at connections with horizontal light fixture, low cycle fatigue failure of the threaded rod, pullout of rods from ceiling assembly.</Description>
      <DamageImageName></DamageImageName>
      <ConsequenceGroup>
        <RepairMeasures>Replace damaged lighting components.</RepairMeasures>
        <TagState>0</TagState>
        <UseCasualty>true</UseCasualty>
        <LongLeadFlag>false</LongLeadFlag>
        <AffectedFloorArea>
          <Area>
            <Unit>Square Foot</Unit>
            <Value>100</Value>
          </Area>
        </AffectedFloorArea>
        <AffectedDeathRate>0.25</AffectedDeathRate>
        <AffectedInjuryRate>0.75</AffectedInjuryRate>
        <AffectedDeathRateBeta>0.5</AffectedDeathRateBeta>
        <AffectedInjuryRateBeta>0.5</AffectedInjuryRateBeta>
        <RedTagMedian>0</RedTagMedian>
        <RedTagBeta>0</RedTagBeta>
        <EnergyMedian>1009.88</EnergyMedian>
        <EnergyCurveType>LogNormal</EnergyCurveType>
        <EnergyDispersion>0.6842</EnergyDispersion>
        <CarbonMedian>51.81</CarbonMedian>
        <CarbonCurveType>LogNormal</CarbonCurveType>
        <CarbonDispersion>0.6842</CarbonDispersion>
        <CostConsequence>
          <LowerQuantity>5</LowerQuantity>
          <MaxAmount>2.3</MaxAmount>
          <UpperQuantity>10</UpperQuantity>
          <MinAmount>0.69</MinAmount>
          <Uncertainty>0.6369</Uncertainty>
          <CurveType>LogNormal</CurveType>
        </CostConsequence>
        <TimeConsequence>
          <LowerQuantity>5</LowerQuantity>
          <MaxAmount>0.0023</MaxAmount>
          <UpperQuantity>10</UpperQuantity>
          <MinAmount>0.0006</MinAmount>
          <Uncertainty>0.6842</Uncertainty>
          <CurveType>LogNormal</CurveType>
        </TimeConsequence>
      </ConsequenceGroup>
      <Median>0.6</Median>
      <Beta>0.4</Beta>
    </DamageState>
  </DamageStates>
</FragilityCurve>