﻿<?xml version="1.0" encoding="utf-8"?>
<FragilityCurve FileVersion="2.0">
  <UniqueID>81de4c60-69bf-418d-a3cd-99052ea3ca13</UniqueID>
  <ID>C3032.004b</ID>
  <Description>Costing for each 600 SF Unit, Suspended Lay-in Acoustic Tile Ceiling, Support:  Vertical hanging wire, diagonal wires, and compression posts, 2 inch wide ledger support angles at wall and oversize holes around tile openings.  Includes lighting fixtures in suspended ceiling.</Description>
  <BasicUnit>Each</BasicUnit>
  <Name>Suspended Ceiling, SDC D,E,F (Ip=1.5), Area (A): 250 &lt; A &lt; 1000, Vert &amp; Lat support</Name>
  <Author>Not Given</Author>
  <Correlation>0</Correlation>
  <Directional>false</Directional>
  <EDPType>
    <Dimension>NumLevelsPlusOne</Dimension>
    <TypeName>Acceleration</TypeName>
    <DefaultUnits>g</DefaultUnits>
    <UserDefined>false</UserDefined>
  </EDPType>
  <Ratings>
    <DataQuality>Marginal</DataQuality>
    <DataRelevance>Superior</DataRelevance>
    <Documentation>Marginal</Documentation>
    <Rationality>Average</Rationality>
  </Ratings>
  <Official>true</Official>
  <DateCreated>2019-02-19T17:50:33.3397285-08:00</DateCreated>
  <Approved>true</Approved>
  <Incomplete>false</Incomplete>
  <Notes>None</Notes>
  <UseEDPValueOfFloorAbove>true</UseEDPValueOfFloorAbove>
  <DamageStates>
    <DSGroupType>Sequential</DSGroupType>
    <DamageState>
      <Name></Name>
      <Description>5 % of ceiling grid and tile damage.  </Description>
      <DamageImageName></DamageImageName>
      <ConsequenceGroup>
        <RepairMeasures>Reinstall, repair, or replace 5% of the ceiling area.</RepairMeasures>
        <TagState>0</TagState>
        <UseCasualty>false</UseCasualty>
        <LongLeadFlag>false</LongLeadFlag>
        <AffectedFloorArea />
        <AffectedDeathRate>0</AffectedDeathRate>
        <AffectedInjuryRate>0</AffectedInjuryRate>
        <AffectedDeathRateBeta>0</AffectedDeathRateBeta>
        <AffectedInjuryRateBeta>0</AffectedInjuryRateBeta>
        <RedTagMedian>0</RedTagMedian>
        <RedTagBeta>0</RedTagBeta>
        <EnergyMedian>5184</EnergyMedian>
        <EnergyCurveType>Normal</EnergyCurveType>
        <EnergyDispersion>0.6049</EnergyDispersion>
        <CarbonMedian>522</CarbonMedian>
        <CarbonCurveType>Normal</CarbonCurveType>
        <CarbonDispersion>0.6049</CarbonDispersion>
        <CostConsequence>
          <LowerQuantity>1</LowerQuantity>
          <MaxAmount>1740</MaxAmount>
          <UpperQuantity>10</UpperQuantity>
          <MinAmount>522</MinAmount>
          <Uncertainty>0.5508</Uncertainty>
          <CurveType>Normal</CurveType>
        </CostConsequence>
        <TimeConsequence>
          <LowerQuantity>1</LowerQuantity>
          <MaxAmount>1.5732</MaxAmount>
          <UpperQuantity>10</UpperQuantity>
          <MinAmount>0.4627</MinAmount>
          <Uncertainty>0.6049</Uncertainty>
          <CurveType>Normal</CurveType>
        </TimeConsequence>
      </ConsequenceGroup>
      <Median>1.76</Median>
      <Beta>0.3</Beta>
    </DamageState>
    <DamageState>
      <Name></Name>
      <Description>30% of ceiling grid and tile damage.</Description>
      <DamageImageName></DamageImageName>
      <ConsequenceGroup>
        <RepairMeasures>Replace 30% of the ceiling area.</RepairMeasures>
        <TagState>0</TagState>
        <UseCasualty>false</UseCasualty>
        <LongLeadFlag>false</LongLeadFlag>
        <AffectedFloorArea />
        <AffectedDeathRate>0</AffectedDeathRate>
        <AffectedInjuryRate>0</AffectedInjuryRate>
        <AffectedDeathRateBeta>0</AffectedDeathRateBeta>
        <AffectedInjuryRateBeta>0</AffectedInjuryRateBeta>
        <RedTagMedian>0</RedTagMedian>
        <RedTagBeta>0</RedTagBeta>
        <EnergyMedian>69288</EnergyMedian>
        <EnergyCurveType>LogNormal</EnergyCurveType>
        <EnergyDispersion>0.5755</EnergyDispersion>
        <CarbonMedian>5118</CarbonMedian>
        <CarbonCurveType>LogNormal</CarbonCurveType>
        <CarbonDispersion>0.5755</CarbonDispersion>
        <CostConsequence>
          <LowerQuantity>1</LowerQuantity>
          <MaxAmount>13620</MaxAmount>
          <UpperQuantity>10</UpperQuantity>
          <MinAmount>4086</MinAmount>
          <Uncertainty>0.5183</Uncertainty>
          <CurveType>LogNormal</CurveType>
        </CostConsequence>
        <TimeConsequence>
          <LowerQuantity>1</LowerQuantity>
          <MaxAmount>12.389099999999999</MaxAmount>
          <UpperQuantity>10</UpperQuantity>
          <MinAmount>3.6964</MinAmount>
          <Uncertainty>0.5755</Uncertainty>
          <CurveType>LogNormal</CurveType>
        </TimeConsequence>
      </ConsequenceGroup>
      <Median>2.26</Median>
      <Beta>0.3</Beta>
    </DamageState>
    <DamageState>
      <Name></Name>
      <Description>50% of ceiling grid and tile damage.</Description>
      <DamageImageName></DamageImageName>
      <ConsequenceGroup>
        <RepairMeasures>Replace the entire ceiling </RepairMeasures>
        <TagState>0</TagState>
        <UseCasualty>true</UseCasualty>
        <LongLeadFlag>false</LongLeadFlag>
        <AffectedFloorArea>
          <Area>
            <Unit>Square Foot</Unit>
            <Value>650</Value>
          </Area>
        </AffectedFloorArea>
        <AffectedDeathRate>0</AffectedDeathRate>
        <AffectedInjuryRate>0.1</AffectedInjuryRate>
        <AffectedDeathRateBeta>0</AffectedDeathRateBeta>
        <AffectedInjuryRateBeta>0.5</AffectedInjuryRateBeta>
        <RedTagMedian>0</RedTagMedian>
        <RedTagBeta>0</RedTagBeta>
        <EnergyMedian>193812</EnergyMedian>
        <EnergyCurveType>LogNormal</EnergyCurveType>
        <EnergyDispersion>0.3218</EnergyDispersion>
        <CarbonMedian>19572</CarbonMedian>
        <CarbonCurveType>LogNormal</CarbonCurveType>
        <CarbonDispersion>0.3218</CarbonDispersion>
        <CostConsequence>
          <LowerQuantity>1</LowerQuantity>
          <MaxAmount>28020</MaxAmount>
          <UpperQuantity>10</UpperQuantity>
          <MinAmount>8406</MinAmount>
          <Uncertainty>0.2026</Uncertainty>
          <CurveType>LogNormal</CurveType>
        </CostConsequence>
        <TimeConsequence>
          <LowerQuantity>1</LowerQuantity>
          <MaxAmount>25.5538</MaxAmount>
          <UpperQuantity>10</UpperQuantity>
          <MinAmount>7.6705</MinAmount>
          <Uncertainty>0.3218</Uncertainty>
          <CurveType>LogNormal</CurveType>
        </TimeConsequence>
      </ConsequenceGroup>
      <Median>2.44</Median>
      <Beta>0.3</Beta>
    </DamageState>
  </DamageStates>
</FragilityCurve>