﻿<?xml version="1.0" encoding="utf-8"?>
<FragilityCurve FileVersion="2.0">
  <UniqueID>2f803278-10e9-432e-bb3a-ca3cd12a3292</UniqueID>
  <ID>C3032.001d</ID>
  <Description>Costing for each 2500 SF Unit, Suspended Lay-in Acoustic Tile Ceiling, Support:  Vertical hanging wires only.  Includes lighting fixtures in suspended ceiling.</Description>
  <BasicUnit>Each</BasicUnit>
  <Name>Suspended Ceiling, SDC A,B,C, Area (A): A &gt; 2500, Vert support only</Name>
  <Author>Not Given</Author>
  <Correlation>0</Correlation>
  <Directional>false</Directional>
  <EDPType>
    <Dimension>NumLevelsPlusOne</Dimension>
    <TypeName>Acceleration</TypeName>
    <DefaultUnits>g</DefaultUnits>
    <UserDefined>false</UserDefined>
  </EDPType>
  <Ratings>
    <DataQuality>Marginal</DataQuality>
    <DataRelevance>Superior</DataRelevance>
    <Documentation>Marginal</Documentation>
    <Rationality>Average</Rationality>
  </Ratings>
  <Official>true</Official>
  <DateCreated>2019-02-19T17:50:30.8074884-08:00</DateCreated>
  <Approved>true</Approved>
  <Incomplete>false</Incomplete>
  <Notes>None</Notes>
  <UseEDPValueOfFloorAbove>true</UseEDPValueOfFloorAbove>
  <DamageStates>
    <DSGroupType>Sequential</DSGroupType>
    <DamageState>
      <Name></Name>
      <Description>5 % of ceiling grid and tile damage.  </Description>
      <DamageImageName></DamageImageName>
      <ConsequenceGroup>
        <RepairMeasures>Reinstall, repair, or replace 5% of the ceiling area.</RepairMeasures>
        <TagState>0</TagState>
        <UseCasualty>false</UseCasualty>
        <LongLeadFlag>false</LongLeadFlag>
        <AffectedFloorArea />
        <AffectedDeathRate>0</AffectedDeathRate>
        <AffectedInjuryRate>0</AffectedInjuryRate>
        <AffectedDeathRateBeta>0</AffectedDeathRateBeta>
        <AffectedInjuryRateBeta>0</AffectedInjuryRateBeta>
        <RedTagMedian>0</RedTagMedian>
        <RedTagBeta>0</RedTagBeta>
        <EnergyMedian>21600</EnergyMedian>
        <EnergyCurveType>Normal</EnergyCurveType>
        <EnergyDispersion>0.6049</EnergyDispersion>
        <CarbonMedian>2175</CarbonMedian>
        <CarbonCurveType>Normal</CarbonCurveType>
        <CarbonDispersion>0.6049</CarbonDispersion>
        <CostConsequence>
          <LowerQuantity>1</LowerQuantity>
          <MaxAmount>4350</MaxAmount>
          <UpperQuantity>10</UpperQuantity>
          <MinAmount>2900</MinAmount>
          <Uncertainty>0.5508</Uncertainty>
          <CurveType>Normal</CurveType>
        </CostConsequence>
        <TimeConsequence>
          <LowerQuantity>1</LowerQuantity>
          <MaxAmount>3.6184</MaxAmount>
          <UpperQuantity>10</UpperQuantity>
          <MinAmount>2.3816</MinAmount>
          <Uncertainty>0.6049</Uncertainty>
          <CurveType>Normal</CurveType>
        </TimeConsequence>
      </ConsequenceGroup>
      <Median>0.56</Median>
      <Beta>0.25</Beta>
    </DamageState>
    <DamageState>
      <Name></Name>
      <Description>30% of ceiling grid and tile damage.</Description>
      <DamageImageName></DamageImageName>
      <ConsequenceGroup>
        <RepairMeasures>Replace 30% of the ceiling area.</RepairMeasures>
        <TagState>Red</TagState>
        <UseCasualty>false</UseCasualty>
        <LongLeadFlag>false</LongLeadFlag>
        <AffectedFloorArea />
        <AffectedDeathRate>0</AffectedDeathRate>
        <AffectedInjuryRate>0</AffectedInjuryRate>
        <AffectedDeathRateBeta>0</AffectedDeathRateBeta>
        <AffectedInjuryRateBeta>0</AffectedInjuryRateBeta>
        <RedTagMedian>0.75</RedTagMedian>
        <RedTagBeta>0.5</RedTagBeta>
        <EnergyMedian>288700</EnergyMedian>
        <EnergyCurveType>LogNormal</EnergyCurveType>
        <EnergyDispersion>0.5755</EnergyDispersion>
        <CarbonMedian>21325</CarbonMedian>
        <CarbonCurveType>LogNormal</CarbonCurveType>
        <CarbonDispersion>0.5755</CarbonDispersion>
        <CostConsequence>
          <LowerQuantity>1</LowerQuantity>
          <MaxAmount>34050</MaxAmount>
          <UpperQuantity>10</UpperQuantity>
          <MinAmount>22700</MinAmount>
          <Uncertainty>0.5183</Uncertainty>
          <CurveType>LogNormal</CurveType>
        </CostConsequence>
        <TimeConsequence>
          <LowerQuantity>1</LowerQuantity>
          <MaxAmount>29.0904</MaxAmount>
          <UpperQuantity>10</UpperQuantity>
          <MinAmount>19.4096</MinAmount>
          <Uncertainty>0.5755</Uncertainty>
          <CurveType>LogNormal</CurveType>
        </TimeConsequence>
      </ConsequenceGroup>
      <Median>1.08</Median>
      <Beta>0.25</Beta>
    </DamageState>
    <DamageState>
      <Name></Name>
      <Description>50% of ceiling grid and tile damage.</Description>
      <DamageImageName></DamageImageName>
      <ConsequenceGroup>
        <RepairMeasures>Replace the entire ceiling </RepairMeasures>
        <TagState>Red</TagState>
        <UseCasualty>true</UseCasualty>
        <LongLeadFlag>false</LongLeadFlag>
        <AffectedFloorArea>
          <Area>
            <Unit>Square Foot</Unit>
            <Value>2500</Value>
          </Area>
        </AffectedFloorArea>
        <AffectedDeathRate>0</AffectedDeathRate>
        <AffectedInjuryRate>0.1</AffectedInjuryRate>
        <AffectedDeathRateBeta>0</AffectedDeathRateBeta>
        <AffectedInjuryRateBeta>0.5</AffectedInjuryRateBeta>
        <RedTagMedian>0.5</RedTagMedian>
        <RedTagBeta>0.5</RedTagBeta>
        <EnergyMedian>807550</EnergyMedian>
        <EnergyCurveType>LogNormal</EnergyCurveType>
        <EnergyDispersion>0.3218</EnergyDispersion>
        <CarbonMedian>81550</CarbonMedian>
        <CarbonCurveType>LogNormal</CarbonCurveType>
        <CarbonDispersion>0.3218</CarbonDispersion>
        <CostConsequence>
          <LowerQuantity>1</LowerQuantity>
          <MaxAmount>70050</MaxAmount>
          <UpperQuantity>10</UpperQuantity>
          <MinAmount>46700</MinAmount>
          <Uncertainty>0.2026</Uncertainty>
          <CurveType>LogNormal</CurveType>
        </CostConsequence>
        <TimeConsequence>
          <LowerQuantity>1</LowerQuantity>
          <MaxAmount>59.7081</MaxAmount>
          <UpperQuantity>10</UpperQuantity>
          <MinAmount>39.7919</MinAmount>
          <Uncertainty>0.3218</Uncertainty>
          <CurveType>LogNormal</CurveType>
        </TimeConsequence>
      </ConsequenceGroup>
      <Median>1.31</Median>
      <Beta>0.25</Beta>
    </DamageState>
  </DamageStates>
</FragilityCurve>