﻿<?xml version="1.0" encoding="utf-8"?>
<FragilityCurve FileVersion="2.0">
  <UniqueID>00259b14-710d-42af-90e6-509b9a499a02</UniqueID>
  <ID>D1014.022</ID>
  <Description>Costing per elevator.  Elevator demand parameter shall be defined as the peak floor acceleration at the first floor.  The elevator fragility for a multiple story building should only be entered once on the first floor.</Description>
  <BasicUnit>Each</BasicUnit>
  <Name>Hydraulic Elevator – Applies to most California Installations prior to 1976, most western states installations prior to 1982 and most U.S installations prior to 1998.</Name>
  <Author>Not Given</Author>
  <Correlation>0</Correlation>
  <Directional>false</Directional>
  <EDPType>
    <Dimension>NumLevelsPlusOne</Dimension>
    <TypeName>Acceleration</TypeName>
    <DefaultUnits>g</DefaultUnits>
    <UserDefined>false</UserDefined>
  </EDPType>
  <Ratings>
    <DataQuality>NA</DataQuality>
    <DataRelevance>NA</DataRelevance>
    <Documentation>NA</Documentation>
    <Rationality>NA</Rationality>
  </Ratings>
  <Official>true</Official>
  <DateCreated>2019-02-19T17:50:36.6267421-08:00</DateCreated>
  <Approved>true</Approved>
  <Incomplete>false</Incomplete>
  <Notes>None</Notes>
  <UseEDPValueOfFloorAbove>false</UseEDPValueOfFloorAbove>
  <DamageStates>
    <DSGroupType>Sequential</DSGroupType>
    <DamageState>
      <Name></Name>
      <Description>Damaged controls.</Description>
      <DamageImageName></DamageImageName>
      <DamageStates>
        <DSGroupType>Simultaneous</DSGroupType>
        <DamageState>
          <Name></Name>
          <Description>Damaged controls.</Description>
          <DamageImageName></DamageImageName>
          <ConsequenceGroup>
            <RepairMeasures>Multiple repairs possible (% change of each):  Repair damaged controls (100%)</RepairMeasures>
            <TagState>0</TagState>
            <UseCasualty>false</UseCasualty>
            <LongLeadFlag>false</LongLeadFlag>
            <AffectedFloorArea />
            <AffectedDeathRate>0</AffectedDeathRate>
            <AffectedInjuryRate>0</AffectedInjuryRate>
            <AffectedDeathRateBeta>0</AffectedDeathRateBeta>
            <AffectedInjuryRateBeta>0</AffectedInjuryRateBeta>
            <RedTagMedian>0</RedTagMedian>
            <RedTagBeta>0</RedTagBeta>
            <EnergyMedian>6024.12</EnergyMedian>
            <EnergyCurveType>LogNormal</EnergyCurveType>
            <EnergyDispersion>0.859</EnergyDispersion>
            <CarbonMedian>240.26</CarbonMedian>
            <CarbonCurveType>LogNormal</CarbonCurveType>
            <CarbonDispersion>0.859</CarbonDispersion>
            <CostConsequence>
              <LowerQuantity>5</LowerQuantity>
              <MaxAmount>1600</MaxAmount>
              <UpperQuantity>10</UpperQuantity>
              <MinAmount>480</MinAmount>
              <Uncertainty>0.8219</Uncertainty>
              <CurveType>LogNormal</CurveType>
            </CostConsequence>
            <TimeConsequence>
              <LowerQuantity>5</LowerQuantity>
              <MaxAmount>1.6</MaxAmount>
              <UpperQuantity>10</UpperQuantity>
              <MinAmount>0.48</MinAmount>
              <Uncertainty>0.859</Uncertainty>
              <CurveType>LogNormal</CurveType>
            </TimeConsequence>
          </ConsequenceGroup>
          <Percent>0.3</Percent>
        </DamageState>
        <DamageState>
          <Name></Name>
          <Description>Damaged vane and hoist-way switches, and or bent cab stabilizers, and or damaged car guide shoes.</Description>
          <DamageImageName></DamageImageName>
          <ConsequenceGroup>
            <RepairMeasures>Multiple repairs possible (% change of each):  Repair damaged vane and hoist-way switches (41%), and or repair bent cab stabilizers (41%), and or repair damaged car guide shoes (41%). </RepairMeasures>
            <TagState>0</TagState>
            <UseCasualty>false</UseCasualty>
            <LongLeadFlag>false</LongLeadFlag>
            <AffectedFloorArea />
            <AffectedDeathRate>0</AffectedDeathRate>
            <AffectedInjuryRate>0</AffectedInjuryRate>
            <AffectedDeathRateBeta>0</AffectedDeathRateBeta>
            <AffectedInjuryRateBeta>0</AffectedInjuryRateBeta>
            <RedTagMedian>0</RedTagMedian>
            <RedTagBeta>0</RedTagBeta>
            <EnergyMedian>52926.23</EnergyMedian>
            <EnergyCurveType>Normal</EnergyCurveType>
            <EnergyDispersion>0.4077</EnergyDispersion>
            <CarbonMedian>2110.82</CarbonMedian>
            <CarbonCurveType>Normal</CarbonCurveType>
            <CarbonDispersion>0.4077</CarbonDispersion>
            <CostConsequence>
              <LowerQuantity>5</LowerQuantity>
              <MaxAmount>16400</MaxAmount>
              <UpperQuantity>10</UpperQuantity>
              <MinAmount>4920</MinAmount>
              <Uncertainty>0.322</Uncertainty>
              <CurveType>Normal</CurveType>
            </CostConsequence>
            <TimeConsequence>
              <LowerQuantity>5</LowerQuantity>
              <MaxAmount>16.4</MaxAmount>
              <UpperQuantity>10</UpperQuantity>
              <MinAmount>4.92</MinAmount>
              <Uncertainty>0.4077</Uncertainty>
              <CurveType>Normal</CurveType>
            </TimeConsequence>
          </ConsequenceGroup>
          <Percent>0.49</Percent>
        </DamageState>
        <DamageState>
          <Name></Name>
          <Description>Damaged entrance and car door, and or flooring damage.</Description>
          <DamageImageName></DamageImageName>
          <ConsequenceGroup>
            <RepairMeasures>Multiple repairs possible (% change of each):  Repair damage to cab door (68%), and or repair cab flooring (46%)</RepairMeasures>
            <TagState>0</TagState>
            <UseCasualty>false</UseCasualty>
            <LongLeadFlag>true</LongLeadFlag>
            <AffectedFloorArea />
            <AffectedDeathRate>0</AffectedDeathRate>
            <AffectedInjuryRate>0</AffectedInjuryRate>
            <AffectedDeathRateBeta>0</AffectedDeathRateBeta>
            <AffectedInjuryRateBeta>0</AffectedInjuryRateBeta>
            <RedTagMedian>0</RedTagMedian>
            <RedTagBeta>0</RedTagBeta>
            <EnergyMedian>90361.86</EnergyMedian>
            <EnergyCurveType>Normal</EnergyCurveType>
            <EnergyDispersion>0.5051</EnergyDispersion>
            <CarbonMedian>3603.84</CarbonMedian>
            <CarbonCurveType>Normal</CarbonCurveType>
            <CarbonDispersion>0.5051</CarbonDispersion>
            <CostConsequence>
              <LowerQuantity>5</LowerQuantity>
              <MaxAmount>24000</MaxAmount>
              <UpperQuantity>10</UpperQuantity>
              <MinAmount>7200</MinAmount>
              <Uncertainty>0.4389</Uncertainty>
              <CurveType>Normal</CurveType>
            </CostConsequence>
            <TimeConsequence>
              <LowerQuantity>5</LowerQuantity>
              <MaxAmount>24</MaxAmount>
              <UpperQuantity>10</UpperQuantity>
              <MinAmount>7.2</MinAmount>
              <Uncertainty>0.5051</Uncertainty>
              <CurveType>Normal</CurveType>
            </TimeConsequence>
          </ConsequenceGroup>
          <Percent>0.44</Percent>
        </DamageState>
        <DamageState>
          <Name></Name>
          <Description>Oil leak in hydraulic line, and or hydraulic tank failure.</Description>
          <DamageImageName></DamageImageName>
          <ConsequenceGroup>
            <RepairMeasures>Multiple repairs possible (% change of each):  Repair oil leak in hydraulic line (27%), and or hydraulic tank failure (81%)</RepairMeasures>
            <TagState>0</TagState>
            <UseCasualty>false</UseCasualty>
            <LongLeadFlag>false</LongLeadFlag>
            <AffectedFloorArea />
            <AffectedDeathRate>0</AffectedDeathRate>
            <AffectedInjuryRate>0</AffectedInjuryRate>
            <AffectedDeathRateBeta>0</AffectedDeathRateBeta>
            <AffectedInjuryRateBeta>0</AffectedInjuryRateBeta>
            <RedTagMedian>0</RedTagMedian>
            <RedTagBeta>0</RedTagBeta>
            <EnergyMedian>17319.36</EnergyMedian>
            <EnergyCurveType>LogNormal</EnergyCurveType>
            <EnergyDispersion>0.3561</EnergyDispersion>
            <CarbonMedian>690.74</CarbonMedian>
            <CarbonCurveType>LogNormal</CarbonCurveType>
            <CarbonDispersion>0.3561</CarbonDispersion>
            <CostConsequence>
              <LowerQuantity>5</LowerQuantity>
              <MaxAmount>4600</MaxAmount>
              <UpperQuantity>10</UpperQuantity>
              <MinAmount>1380</MinAmount>
              <Uncertainty>0.2535</Uncertainty>
              <CurveType>LogNormal</CurveType>
            </CostConsequence>
            <TimeConsequence>
              <LowerQuantity>5</LowerQuantity>
              <MaxAmount>4.6</MaxAmount>
              <UpperQuantity>10</UpperQuantity>
              <MinAmount>1.38</MinAmount>
              <Uncertainty>0.3561</Uncertainty>
              <CurveType>LogNormal</CurveType>
            </TimeConsequence>
          </ConsequenceGroup>
          <Percent>0.37</Percent>
        </DamageState>
      </DamageStates>
      <Median>0.3</Median>
      <Beta>0.3</Beta>
    </DamageState>
  </DamageStates>
</FragilityCurve>