﻿<?xml version="1.0" encoding="utf-8"?>
<FragilityCurve FileVersion="2.0">
  <UniqueID>f1512398-2fbc-43a6-97a1-84f2f938418c</UniqueID>
  <ID>D2022.011b</ID>
  <Description>Heating water.  Costing based upon 1000 ft segments of pipe, pipe 2.5 inches in diameter or less</Description>
  <BasicUnit>Each</BasicUnit>
  <Name>Heating hot Water Piping - Small Diameter Threaded Steel - (2.5 inches in diameter or less), SDC A or B, BRACING FRAGILITY</Name>
  <Author>Not Given</Author>
  <Correlation>0</Correlation>
  <Directional>false</Directional>
  <EDPType>
    <Dimension>NumLevelsPlusOne</Dimension>
    <TypeName>Acceleration</TypeName>
    <DefaultUnits>g</DefaultUnits>
    <UserDefined>false</UserDefined>
  </EDPType>
  <Ratings>
    <DataQuality>NA</DataQuality>
    <DataRelevance>NA</DataRelevance>
    <Documentation>NA</Documentation>
    <Rationality>NA</Rationality>
  </Ratings>
  <Official>true</Official>
  <DateCreated>2019-02-19T17:52:52.5926331-08:00</DateCreated>
  <Approved>true</Approved>
  <Incomplete>true</Incomplete>
  <Notes>Consequence is for piping only.  Enter floor wetting consequence seperately.  Cost includes allowance for MEP relocation to perform work.
Import errors:
 Warning, Data missing: D2022.011b:DS1: Could not parse dispersion - using 0.5
Warning, Data missing: D2022.011b:DS2: Could not parse dispersion - using 0.5
</Notes>
  <UseEDPValueOfFloorAbove>true</UseEDPValueOfFloorAbove>
  <DamageStates>
    <DSGroupType>Sequential</DSGroupType>
    <DamageState>
      <Name></Name>
      <Description>Isolated support failure w/o leakage - 0.5 supports fail per 1000 feet of pipe (assuming supports every 20 feet).</Description>
      <DamageImageName></DamageImageName>
      <ConsequenceGroup>
        <RepairMeasures>Retighten flange bolts at leaking joints.  One repair per 1000 LF.</RepairMeasures>
        <TagState>0</TagState>
        <UseCasualty>false</UseCasualty>
        <LongLeadFlag>false</LongLeadFlag>
        <AffectedFloorArea />
        <AffectedDeathRate>0</AffectedDeathRate>
        <AffectedInjuryRate>0</AffectedInjuryRate>
        <AffectedDeathRateBeta>0</AffectedDeathRateBeta>
        <AffectedInjuryRateBeta>0</AffectedInjuryRateBeta>
        <RedTagMedian>0</RedTagMedian>
        <RedTagBeta>0</RedTagBeta>
        <EnergyMedian>1104.76</EnergyMedian>
        <EnergyCurveType>LogNormal</EnergyCurveType>
        <EnergyDispersion>0.6527</EnergyDispersion>
        <CarbonMedian>40.01</CarbonMedian>
        <CarbonCurveType>LogNormal</CarbonCurveType>
        <CarbonDispersion>0.6527</CarbonDispersion>
        <CostConsequence>
          <LowerQuantity>1</LowerQuantity>
          <MaxAmount>418</MaxAmount>
          <UpperQuantity>4</UpperQuantity>
          <MinAmount>342</MinAmount>
          <Uncertainty>0.603</Uncertainty>
          <CurveType>LogNormal</CurveType>
        </CostConsequence>
        <TimeConsequence>
          <LowerQuantity>1</LowerQuantity>
          <MaxAmount>0.4426</MaxAmount>
          <UpperQuantity>4</UpperQuantity>
          <MinAmount>0.3622</MinAmount>
          <Uncertainty>0.6527</Uncertainty>
          <CurveType>LogNormal</CurveType>
        </TimeConsequence>
      </ConsequenceGroup>
      <Median>1.2</Median>
      <Beta>0.5</Beta>
    </DamageState>
    <DamageState>
      <Name></Name>
      <Description>Multiple supports failure and 60 feet of pipe fail per 1000 feet of pipe (assuming supports every 20 feet).</Description>
      <DamageImageName></DamageImageName>
      <ConsequenceGroup>
        <RepairMeasures>Replace 20 foot sections of pipe where breaks occur.  One repair per 1000 LF.</RepairMeasures>
        <TagState>0</TagState>
        <UseCasualty>false</UseCasualty>
        <LongLeadFlag>false</LongLeadFlag>
        <AffectedFloorArea />
        <AffectedDeathRate>0</AffectedDeathRate>
        <AffectedInjuryRate>0</AffectedInjuryRate>
        <AffectedDeathRateBeta>0</AffectedDeathRateBeta>
        <AffectedInjuryRateBeta>0</AffectedInjuryRateBeta>
        <RedTagMedian>0</RedTagMedian>
        <RedTagBeta>0</RedTagBeta>
        <EnergyMedian>16560.36</EnergyMedian>
        <EnergyCurveType>LogNormal</EnergyCurveType>
        <EnergyDispersion>0.2586</EnergyDispersion>
        <CarbonMedian>628.49</CarbonMedian>
        <CarbonCurveType>LogNormal</CarbonCurveType>
        <CarbonDispersion>0.2586</CarbonDispersion>
        <CostConsequence>
          <LowerQuantity>1</LowerQuantity>
          <MaxAmount>4180</MaxAmount>
          <UpperQuantity>4</UpperQuantity>
          <MinAmount>3420</MinAmount>
          <Uncertainty>0.066</Uncertainty>
          <CurveType>LogNormal</CurveType>
        </CostConsequence>
        <TimeConsequence>
          <LowerQuantity>1</LowerQuantity>
          <MaxAmount>0.8048</MaxAmount>
          <UpperQuantity>4</UpperQuantity>
          <MinAmount>0.2012</MinAmount>
          <Uncertainty>0.2586</Uncertainty>
          <CurveType>LogNormal</CurveType>
        </TimeConsequence>
      </ConsequenceGroup>
      <Median>2.4</Median>
      <Beta>0.5</Beta>
    </DamageState>
  </DamageStates>
</FragilityCurve>