﻿<?xml version="1.0" encoding="utf-8"?>
<FragilityCurve FileVersion="2.0">
  <UniqueID>427ea239-cb34-4a64-9641-a8078d35dd94</UniqueID>
  <ID>D2031.013b</ID>
  <Description>Costing based upon 1000 ft segments of pipe</Description>
  <BasicUnit>Each</BasicUnit>
  <Name>Sanitary Waste Piping - Cast Iron w/flexible couplings, SDC D,E,F, BRACING FRAGILITY</Name>
  <Author>Not Given</Author>
  <Correlation>0</Correlation>
  <Directional>false</Directional>
  <EDPType>
    <Dimension>NumLevelsPlusOne</Dimension>
    <TypeName>Acceleration</TypeName>
    <DefaultUnits>g</DefaultUnits>
    <UserDefined>false</UserDefined>
  </EDPType>
  <Ratings>
    <DataQuality>NA</DataQuality>
    <DataRelevance>NA</DataRelevance>
    <Documentation>NA</Documentation>
    <Rationality>NA</Rationality>
  </Ratings>
  <Official>true</Official>
  <DateCreated>2019-02-19T17:53:00.8488074-08:00</DateCreated>
  <Approved>true</Approved>
  <Incomplete>true</Incomplete>
  <Notes>Consequence is for piping only.  Enter floor wetting consequence seperately.  Cost includes allowance for MEP relocation to perform work.
Import errors:
 Warning, Data missing: D2031.013b:DS1: Could not parse dispersion - using 0.5
</Notes>
  <UseEDPValueOfFloorAbove>true</UseEDPValueOfFloorAbove>
  <DamageStates>
    <DSGroupType>Sequential</DSGroupType>
    <DamageState>
      <Name></Name>
      <Description>Isolated support failure w/o leakage - 0.5 supports fail per 1000 feet of pipe (assuming supports every 20 feet).</Description>
      <DamageImageName></DamageImageName>
      <ConsequenceGroup>
        <RepairMeasures>Replace failed supports - 0.5 per 1000 LF. </RepairMeasures>
        <TagState>0</TagState>
        <UseCasualty>false</UseCasualty>
        <LongLeadFlag>false</LongLeadFlag>
        <AffectedFloorArea />
        <AffectedDeathRate>0</AffectedDeathRate>
        <AffectedInjuryRate>0</AffectedInjuryRate>
        <AffectedDeathRateBeta>0</AffectedDeathRateBeta>
        <AffectedInjuryRateBeta>0</AffectedInjuryRateBeta>
        <RedTagMedian>0</RedTagMedian>
        <RedTagBeta>0</RedTagBeta>
        <EnergyMedian>1317.27</EnergyMedian>
        <EnergyCurveType>LogNormal</EnergyCurveType>
        <EnergyDispersion>0.6277</EnergyDispersion>
        <CarbonMedian>45.61</CarbonMedian>
        <CarbonCurveType>LogNormal</CarbonCurveType>
        <CarbonDispersion>0.6277</CarbonDispersion>
        <CostConsequence>
          <LowerQuantity>5</LowerQuantity>
          <MaxAmount>800</MaxAmount>
          <UpperQuantity>10</UpperQuantity>
          <MinAmount>240</MinAmount>
          <Uncertainty>0.5758</Uncertainty>
          <CurveType>LogNormal</CurveType>
        </CostConsequence>
        <TimeConsequence>
          <LowerQuantity>5</LowerQuantity>
          <MaxAmount>0.847</MaxAmount>
          <UpperQuantity>10</UpperQuantity>
          <MinAmount>0.2541</MinAmount>
          <Uncertainty>0.6277</Uncertainty>
          <CurveType>LogNormal</CurveType>
        </TimeConsequence>
      </ConsequenceGroup>
      <Median>2.25</Median>
      <Beta>0.5</Beta>
    </DamageState>
  </DamageStates>
</FragilityCurve>