﻿<?xml version="1.0" encoding="utf-8"?>
<FragilityCurve FileVersion="2.0">
  <UniqueID>ea09cdb9-9477-418d-ae26-3a2010df5e76</UniqueID>
  <ID>D3032.011a</ID>
  <Description>Costing is per unit.</Description>
  <BasicUnit>Each</BasicUnit>
  <Name>Compressor - Capacity: Small non medical air supply - Unanchored equipment that is not vibration isolated - Equipment fragility only</Name>
  <Author>Not Given</Author>
  <Correlation>0</Correlation>
  <Directional>false</Directional>
  <EDPType>
    <Dimension>NumLevelsPlusOne</Dimension>
    <TypeName>Acceleration</TypeName>
    <DefaultUnits>g</DefaultUnits>
    <UserDefined>false</UserDefined>
  </EDPType>
  <Ratings>
    <DataQuality>Average</DataQuality>
    <DataRelevance>Average</DataRelevance>
    <Documentation>Superior</Documentation>
    <Rationality>Superior</Rationality>
  </Ratings>
  <Official>true</Official>
  <DateCreated>2019-02-19T17:51:00.6628272-08:00</DateCreated>
  <Approved>true</Approved>
  <Incomplete>false</Incomplete>
  <Notes>None</Notes>
  <UseEDPValueOfFloorAbove>false</UseEDPValueOfFloorAbove>
  <DamageStates>
    <DSGroupType>Sequential</DSGroupType>
    <DamageState>
      <Name></Name>
      <Description>Equipment does not function. Motor is damaged.</Description>
      <DamageImageName>D3032.011a-DS1-1.JPG</DamageImageName>
      <DamageStates>
        <DSGroupType>MutuallyExclusive</DSGroupType>
        <DamageState>
          <Name></Name>
          <Description>Equipment does not function. Motor is damaged.</Description>
          <DamageImageName>D3032.011a-DS1-1.JPG</DamageImageName>
          <ConsequenceGroup>
            <RepairMeasures>Repair motor.</RepairMeasures>
            <TagState>0</TagState>
            <UseCasualty>false</UseCasualty>
            <LongLeadFlag>false</LongLeadFlag>
            <AffectedFloorArea />
            <AffectedDeathRate>0</AffectedDeathRate>
            <AffectedInjuryRate>0</AffectedInjuryRate>
            <AffectedDeathRateBeta>0</AffectedDeathRateBeta>
            <AffectedInjuryRateBeta>0</AffectedInjuryRateBeta>
            <RedTagMedian>0</RedTagMedian>
            <RedTagBeta>0</RedTagBeta>
            <EnergyMedian>3893.61</EnergyMedian>
            <EnergyCurveType>LogNormal</EnergyCurveType>
            <EnergyDispersion>0.3036</EnergyDispersion>
            <CarbonMedian>336.55</CarbonMedian>
            <CarbonCurveType>LogNormal</CarbonCurveType>
            <CarbonDispersion>0.3036</CarbonDispersion>
            <CostConsequence>
              <LowerQuantity>1</LowerQuantity>
              <MaxAmount>825</MaxAmount>
              <UpperQuantity>5</UpperQuantity>
              <MinAmount>675</MinAmount>
              <Uncertainty>0.1723</Uncertainty>
              <CurveType>LogNormal</CurveType>
            </CostConsequence>
            <TimeConsequence>
              <LowerQuantity>1</LowerQuantity>
              <MaxAmount>0.9706</MaxAmount>
              <UpperQuantity>5</UpperQuantity>
              <MinAmount>0.7942</MinAmount>
              <Uncertainty>0.3036</Uncertainty>
              <CurveType>LogNormal</CurveType>
            </TimeConsequence>
          </ConsequenceGroup>
          <Percent>0.5</Percent>
        </DamageState>
        <DamageState>
          <Name></Name>
          <Description>Equipment does not function. Equipment damaged beyond repair.</Description>
          <DamageImageName></DamageImageName>
          <ConsequenceGroup>
            <RepairMeasures>Replace equipment.</RepairMeasures>
            <TagState>0</TagState>
            <UseCasualty>false</UseCasualty>
            <LongLeadFlag>true</LongLeadFlag>
            <AffectedFloorArea />
            <AffectedDeathRate>0</AffectedDeathRate>
            <AffectedInjuryRate>0</AffectedInjuryRate>
            <AffectedDeathRateBeta>0</AffectedDeathRateBeta>
            <AffectedInjuryRateBeta>0</AffectedInjuryRateBeta>
            <RedTagMedian>0</RedTagMedian>
            <RedTagBeta>0</RedTagBeta>
            <EnergyMedian>13811.74</EnergyMedian>
            <EnergyCurveType>LogNormal</EnergyCurveType>
            <EnergyDispersion>0.3241</EnergyDispersion>
            <CarbonMedian>1167.79</CarbonMedian>
            <CarbonCurveType>LogNormal</CarbonCurveType>
            <CarbonDispersion>0.3241</CarbonDispersion>
            <CostConsequence>
              <LowerQuantity>1</LowerQuantity>
              <MaxAmount>2970</MaxAmount>
              <UpperQuantity>5</UpperQuantity>
              <MinAmount>2430</MinAmount>
              <Uncertainty>0.2063</Uncertainty>
              <CurveType>LogNormal</CurveType>
            </CostConsequence>
            <TimeConsequence>
              <LowerQuantity>1</LowerQuantity>
              <MaxAmount>0.6352</MaxAmount>
              <UpperQuantity>5</UpperQuantity>
              <MinAmount>0.1588</MinAmount>
              <Uncertainty>0.3241</Uncertainty>
              <CurveType>LogNormal</CurveType>
            </TimeConsequence>
          </ConsequenceGroup>
          <Percent>0.5</Percent>
        </DamageState>
      </DamageStates>
      <Median>0.25</Median>
      <Beta>0.45</Beta>
    </DamageState>
  </DamageStates>
</FragilityCurve>