﻿<?xml version="1.0" encoding="utf-8"?>
<FragilityCurve FileVersion="2.0">
  <UniqueID>d3c352db-0b53-4a57-a703-6e0a2275218b</UniqueID>
  <ID>D3031.013k</ID>
  <Description>Costing is per unit and is based upon 850 Ton.</Description>
  <BasicUnit>Each</BasicUnit>
  <Name>Chiller - Capacity: 750 to &lt;1000 Ton - Equipment that is either hard anchored or is vibration isolated with seismic snubbers/restraints - Equipment fragility only</Name>
  <Author>Not Given</Author>
  <Correlation>0</Correlation>
  <Directional>false</Directional>
  <EDPType>
    <Dimension>NumLevelsPlusOne</Dimension>
    <TypeName>Acceleration</TypeName>
    <DefaultUnits>g</DefaultUnits>
    <UserDefined>false</UserDefined>
  </EDPType>
  <Ratings>
    <DataQuality>Average</DataQuality>
    <DataRelevance>Average</DataRelevance>
    <Documentation>Superior</Documentation>
    <Rationality>Superior</Rationality>
  </Ratings>
  <Official>true</Official>
  <DateCreated>2019-02-19T17:50:48.5471649-08:00</DateCreated>
  <Approved>true</Approved>
  <Incomplete>false</Incomplete>
  <Notes>None</Notes>
  <UseEDPValueOfFloorAbove>false</UseEDPValueOfFloorAbove>
  <DamageStates>
    <DSGroupType>Sequential</DSGroupType>
    <DamageState>
      <Name></Name>
      <Description>Damaged, inoperative but anchorage is OK.</Description>
      <DamageImageName>D3031.013a-DS1-1.JPG</DamageImageName>
      <ConsequenceGroup>
        <RepairMeasures>Repair chiller and attached piping.  Chiller removed, repaired offsite, and reinstalled.</RepairMeasures>
        <TagState>0</TagState>
        <UseCasualty>false</UseCasualty>
        <LongLeadFlag>true</LongLeadFlag>
        <AffectedFloorArea />
        <AffectedDeathRate>0</AffectedDeathRate>
        <AffectedInjuryRate>0</AffectedInjuryRate>
        <AffectedDeathRateBeta>0</AffectedDeathRateBeta>
        <AffectedInjuryRateBeta>0</AffectedInjuryRateBeta>
        <RedTagMedian>0</RedTagMedian>
        <RedTagBeta>0</RedTagBeta>
        <EnergyMedian>2791588.1</EnergyMedian>
        <EnergyCurveType>LogNormal</EnergyCurveType>
        <EnergyDispersion>0.3042</EnergyDispersion>
        <CarbonMedian>241055.69</CarbonMedian>
        <CarbonCurveType>LogNormal</CarbonCurveType>
        <CarbonDispersion>0.3042</CarbonDispersion>
        <CostConsequence>
          <LowerQuantity>1</LowerQuantity>
          <MaxAmount>474100</MaxAmount>
          <UpperQuantity>5</UpperQuantity>
          <MinAmount>387900</MinAmount>
          <Uncertainty>0.1734</Uncertainty>
          <CurveType>LogNormal</CurveType>
        </CostConsequence>
        <TimeConsequence>
          <LowerQuantity>1</LowerQuantity>
          <MaxAmount>86.2</MaxAmount>
          <UpperQuantity>5</UpperQuantity>
          <MinAmount>17.7471</MinAmount>
          <Uncertainty>0.3042</Uncertainty>
          <CurveType>LogNormal</CurveType>
        </TimeConsequence>
      </ConsequenceGroup>
      <Median>0.72</Median>
      <Beta>0.2</Beta>
    </DamageState>
  </DamageStates>
</FragilityCurve>