﻿<?xml version="1.0" encoding="utf-8"?>
<FragilityCurve FileVersion="2.0">
  <UniqueID>dacea61e-ab56-4b85-aa05-4c55741c701d</UniqueID>
  <ID>D3032.011c</ID>
  <Description>Costing is per unit.</Description>
  <BasicUnit>Each</BasicUnit>
  <Name>Compressor - Capacity: Small medical quality air supply - Unanchored equipment that is not vibration isolated - Equipment fragility only</Name>
  <Author>Not Given</Author>
  <Correlation>0</Correlation>
  <Directional>false</Directional>
  <EDPType>
    <Dimension>NumLevelsPlusOne</Dimension>
    <TypeName>Acceleration</TypeName>
    <DefaultUnits>g</DefaultUnits>
    <UserDefined>false</UserDefined>
  </EDPType>
  <Ratings>
    <DataQuality>Average</DataQuality>
    <DataRelevance>Average</DataRelevance>
    <Documentation>Superior</Documentation>
    <Rationality>Superior</Rationality>
  </Ratings>
  <Official>true</Official>
  <DateCreated>2019-02-19T17:51:01.4877447-08:00</DateCreated>
  <Approved>true</Approved>
  <Incomplete>false</Incomplete>
  <Notes>None</Notes>
  <UseEDPValueOfFloorAbove>false</UseEDPValueOfFloorAbove>
  <DamageStates>
    <DSGroupType>Sequential</DSGroupType>
    <DamageState>
      <Name></Name>
      <Description>Equipment does not function. Motor is damaged.</Description>
      <DamageImageName>D3032.011a-DS1-1.JPG</DamageImageName>
      <DamageStates>
        <DSGroupType>MutuallyExclusive</DSGroupType>
        <DamageState>
          <Name></Name>
          <Description>Equipment does not function. Motor is damaged.</Description>
          <DamageImageName>D3032.011a-DS1-1.JPG</DamageImageName>
          <ConsequenceGroup>
            <RepairMeasures>Repair motor.</RepairMeasures>
            <TagState>0</TagState>
            <UseCasualty>false</UseCasualty>
            <LongLeadFlag>false</LongLeadFlag>
            <AffectedFloorArea />
            <AffectedDeathRate>0</AffectedDeathRate>
            <AffectedInjuryRate>0</AffectedInjuryRate>
            <AffectedDeathRateBeta>0</AffectedDeathRateBeta>
            <AffectedInjuryRateBeta>0</AffectedInjuryRateBeta>
            <RedTagMedian>0</RedTagMedian>
            <RedTagBeta>0</RedTagBeta>
            <EnergyMedian>4672.33</EnergyMedian>
            <EnergyCurveType>LogNormal</EnergyCurveType>
            <EnergyDispersion>0.3018</EnergyDispersion>
            <CarbonMedian>403.86</CarbonMedian>
            <CarbonCurveType>LogNormal</CarbonCurveType>
            <CarbonDispersion>0.3018</CarbonDispersion>
            <CostConsequence>
              <LowerQuantity>1</LowerQuantity>
              <MaxAmount>990</MaxAmount>
              <UpperQuantity>5</UpperQuantity>
              <MinAmount>810</MinAmount>
              <Uncertainty>0.1691</Uncertainty>
              <CurveType>LogNormal</CurveType>
            </CostConsequence>
            <TimeConsequence>
              <LowerQuantity>1</LowerQuantity>
              <MaxAmount>1.1647</MaxAmount>
              <UpperQuantity>5</UpperQuantity>
              <MinAmount>0.9529</MinAmount>
              <Uncertainty>0.3018</Uncertainty>
              <CurveType>LogNormal</CurveType>
            </TimeConsequence>
          </ConsequenceGroup>
          <Percent>0.5</Percent>
        </DamageState>
        <DamageState>
          <Name></Name>
          <Description>Equipment does not function. Equipment damaged beyond repair.</Description>
          <DamageImageName></DamageImageName>
          <ConsequenceGroup>
            <RepairMeasures>Replace equipment.</RepairMeasures>
            <TagState>0</TagState>
            <UseCasualty>false</UseCasualty>
            <LongLeadFlag>true</LongLeadFlag>
            <AffectedFloorArea />
            <AffectedDeathRate>0</AffectedDeathRate>
            <AffectedInjuryRate>0</AffectedInjuryRate>
            <AffectedDeathRateBeta>0</AffectedDeathRateBeta>
            <AffectedInjuryRateBeta>0</AffectedInjuryRateBeta>
            <RedTagMedian>0</RedTagMedian>
            <RedTagBeta>0</RedTagBeta>
            <EnergyMedian>45843.34</EnergyMedian>
            <EnergyCurveType>LogNormal</EnergyCurveType>
            <EnergyDispersion>0.333</EnergyDispersion>
            <CarbonMedian>3833.91</CarbonMedian>
            <CarbonCurveType>LogNormal</CarbonCurveType>
            <CarbonDispersion>0.333</CarbonDispersion>
            <CostConsequence>
              <LowerQuantity>1</LowerQuantity>
              <MaxAmount>9020</MaxAmount>
              <UpperQuantity>5</UpperQuantity>
              <MinAmount>7380</MinAmount>
              <Uncertainty>0.22</Uncertainty>
              <CurveType>LogNormal</CurveType>
            </CostConsequence>
            <TimeConsequence>
              <LowerQuantity>1</LowerQuantity>
              <MaxAmount>1.9294</MaxAmount>
              <UpperQuantity>5</UpperQuantity>
              <MinAmount>0.4824</MinAmount>
              <Uncertainty>0.333</Uncertainty>
              <CurveType>LogNormal</CurveType>
            </TimeConsequence>
          </ConsequenceGroup>
          <Percent>0.5</Percent>
        </DamageState>
      </DamageStates>
      <Median>0.25</Median>
      <Beta>0.45</Beta>
    </DamageState>
  </DamageStates>
</FragilityCurve>