﻿<?xml version="1.0" encoding="utf-8"?>
<FragilityCurve FileVersion="2.0">
  <UniqueID>6ec45401-8e79-49b0-9eec-f697cbda4cd9</UniqueID>
  <ID>D3041.103a</ID>
  <Description>Costing is per unit.</Description>
  <BasicUnit>Each</BasicUnit>
  <Name>HVAC Fan - Capacity: all - Equipment that is either hard anchored or is vibration isolated with seismic snubbers/restraints - Anchorage fragility only</Name>
  <Author>Not Given</Author>
  <Correlation>0</Correlation>
  <Directional>false</Directional>
  <EDPType>
    <Dimension>NumLevelsPlusOne</Dimension>
    <TypeName>Acceleration</TypeName>
    <DefaultUnits>g</DefaultUnits>
    <UserDefined>false</UserDefined>
  </EDPType>
  <Ratings>
    <DataQuality>Average</DataQuality>
    <DataRelevance>Average</DataRelevance>
    <Documentation>Superior</Documentation>
    <Rationality>Superior</Rationality>
  </Ratings>
  <Official>true</Official>
  <DateCreated>2019-02-19T17:51:27.812112-08:00</DateCreated>
  <Approved>true</Approved>
  <Incomplete>true</Incomplete>
  <Notes>User to provide median demand and dispersion values.  The values listed are default PACT values and do not represent the response of this component.
Import errors:
 Warning, Data missing: D3041.103a:DS1: Could not parse median - using 500
Warning, Data missing: D3041.103a:DS1: Could not parse dispersion - using 0.5
</Notes>
  <UseEDPValueOfFloorAbove>false</UseEDPValueOfFloorAbove>
  <DamageStates>
    <DSGroupType>Sequential</DSGroupType>
    <DamageState>
      <Name></Name>
      <Description>Anchorage failure.</Description>
      <DamageImageName>D3041.101a-DS1-1.JPG</DamageImageName>
      <DamageStates>
        <DSGroupType>MutuallyExclusive</DSGroupType>
        <DamageState>
          <Name></Name>
          <Description>Anchorage failure.</Description>
          <DamageImageName>D3041.101a-DS1-1.JPG</DamageImageName>
          <ConsequenceGroup>
            <RepairMeasures>Repair anchorage and remount equipment.</RepairMeasures>
            <TagState>0</TagState>
            <UseCasualty>false</UseCasualty>
            <LongLeadFlag>false</LongLeadFlag>
            <AffectedFloorArea />
            <AffectedDeathRate>0</AffectedDeathRate>
            <AffectedInjuryRate>0</AffectedInjuryRate>
            <AffectedDeathRateBeta>0</AffectedDeathRateBeta>
            <AffectedInjuryRateBeta>0</AffectedInjuryRateBeta>
            <RedTagMedian>0</RedTagMedian>
            <RedTagBeta>0</RedTagBeta>
            <EnergyMedian>3091.5</EnergyMedian>
            <EnergyCurveType>LogNormal</EnergyCurveType>
            <EnergyDispersion>0.424</EnergyDispersion>
            <CarbonMedian>103.43</CarbonMedian>
            <CarbonCurveType>LogNormal</CarbonCurveType>
            <CarbonDispersion>0.424</CarbonDispersion>
            <CostConsequence>
              <LowerQuantity>1</LowerQuantity>
              <MaxAmount>770</MaxAmount>
              <UpperQuantity>5</UpperQuantity>
              <MinAmount>630</MinAmount>
              <Uncertainty>0.3425</Uncertainty>
              <CurveType>LogNormal</CurveType>
            </CostConsequence>
            <TimeConsequence>
              <LowerQuantity>1</LowerQuantity>
              <MaxAmount>0.9059</MaxAmount>
              <UpperQuantity>5</UpperQuantity>
              <MinAmount>0.7411</MinAmount>
              <Uncertainty>0.424</Uncertainty>
              <CurveType>LogNormal</CurveType>
            </TimeConsequence>
          </ConsequenceGroup>
          <Percent>0.7</Percent>
        </DamageState>
        <DamageState>
          <Name></Name>
          <Description>Anchorage failure &amp; Equipment damaged beyond repair.</Description>
          <DamageImageName></DamageImageName>
          <ConsequenceGroup>
            <RepairMeasures>Repair anchorage and replace equipment.</RepairMeasures>
            <TagState>0</TagState>
            <UseCasualty>false</UseCasualty>
            <LongLeadFlag>true</LongLeadFlag>
            <AffectedFloorArea />
            <AffectedDeathRate>0</AffectedDeathRate>
            <AffectedInjuryRate>0</AffectedInjuryRate>
            <AffectedDeathRateBeta>0</AffectedDeathRateBeta>
            <AffectedInjuryRateBeta>0</AffectedInjuryRateBeta>
            <RedTagMedian>0</RedTagMedian>
            <RedTagBeta>0</RedTagBeta>
            <EnergyMedian>19650.99</EnergyMedian>
            <EnergyCurveType>LogNormal</EnergyCurveType>
            <EnergyDispersion>0.3102</EnergyDispersion>
            <CarbonMedian>1523.37</CarbonMedian>
            <CarbonCurveType>LogNormal</CarbonCurveType>
            <CarbonDispersion>0.3102</CarbonDispersion>
            <CostConsequence>
              <LowerQuantity>1</LowerQuantity>
              <MaxAmount>3685</MaxAmount>
              <UpperQuantity>5</UpperQuantity>
              <MinAmount>3015</MinAmount>
              <Uncertainty>0.1836</Uncertainty>
              <CurveType>LogNormal</CurveType>
            </CostConsequence>
            <TimeConsequence>
              <LowerQuantity>1</LowerQuantity>
              <MaxAmount>0.7882</MaxAmount>
              <UpperQuantity>5</UpperQuantity>
              <MinAmount>0.197</MinAmount>
              <Uncertainty>0.3102</Uncertainty>
              <CurveType>LogNormal</CurveType>
            </TimeConsequence>
          </ConsequenceGroup>
          <Percent>0.3</Percent>
        </DamageState>
      </DamageStates>
      <Median>500</Median>
      <Beta>0.5</Beta>
    </DamageState>
  </DamageStates>
</FragilityCurve>