﻿<?xml version="1.0" encoding="utf-8"?>
<FragilityCurve FileVersion="2.0">
  <UniqueID>2c778c0a-d05f-4b32-8cda-45c54fb966da</UniqueID>
  <ID>D3067.011a</ID>
  <Description>Costing is per unit.</Description>
  <BasicUnit>Each</BasicUnit>
  <Name>Control Panel - Capacity: all - Unanchored equipment that is not vibration isolated - Equipment fragility only</Name>
  <Author>Not Given</Author>
  <Correlation>0</Correlation>
  <Directional>false</Directional>
  <EDPType>
    <Dimension>NumLevelsPlusOne</Dimension>
    <TypeName>Acceleration</TypeName>
    <DefaultUnits>g</DefaultUnits>
    <UserDefined>false</UserDefined>
  </EDPType>
  <Ratings>
    <DataQuality>Superior</DataQuality>
    <DataRelevance>Average</DataRelevance>
    <Documentation>Superior</Documentation>
    <Rationality>Superior</Rationality>
  </Ratings>
  <Official>true</Official>
  <DateCreated>2019-02-19T17:51:36.5362395-08:00</DateCreated>
  <Approved>true</Approved>
  <Incomplete>false</Incomplete>
  <Notes>None</Notes>
  <UseEDPValueOfFloorAbove>false</UseEDPValueOfFloorAbove>
  <DamageStates>
    <DSGroupType>Sequential</DSGroupType>
    <DamageState>
      <Name></Name>
      <Description>Damaged, inoperative.</Description>
      <DamageImageName>D3067.011a-DS1-1.JPG</DamageImageName>
      <ConsequenceGroup>
        <RepairMeasures>Replace some components (relays, circuit boards).</RepairMeasures>
        <TagState>0</TagState>
        <UseCasualty>false</UseCasualty>
        <LongLeadFlag>false</LongLeadFlag>
        <AffectedFloorArea />
        <AffectedDeathRate>0</AffectedDeathRate>
        <AffectedInjuryRate>0</AffectedInjuryRate>
        <AffectedDeathRateBeta>0</AffectedDeathRateBeta>
        <AffectedInjuryRateBeta>0</AffectedInjuryRateBeta>
        <RedTagMedian>0</RedTagMedian>
        <RedTagBeta>0</RedTagBeta>
        <EnergyMedian>16469.83</EnergyMedian>
        <EnergyCurveType>Normal</EnergyCurveType>
        <EnergyDispersion>0.3096</EnergyDispersion>
        <CarbonMedian>865.45</CarbonMedian>
        <CarbonCurveType>Normal</CarbonCurveType>
        <CarbonDispersion>0.3096</CarbonDispersion>
        <CostConsequence>
          <LowerQuantity>1</LowerQuantity>
          <MaxAmount>4565</MaxAmount>
          <UpperQuantity>5</UpperQuantity>
          <MinAmount>3735</MinAmount>
          <Uncertainty>0.1826</Uncertainty>
          <CurveType>Normal</CurveType>
        </CostConsequence>
        <TimeConsequence>
          <LowerQuantity>1</LowerQuantity>
          <MaxAmount>5.3706</MaxAmount>
          <UpperQuantity>5</UpperQuantity>
          <MinAmount>4.3942</MinAmount>
          <Uncertainty>0.3096</Uncertainty>
          <CurveType>Normal</CurveType>
        </TimeConsequence>
      </ConsequenceGroup>
      <Median>0.69</Median>
      <Beta>0.4</Beta>
    </DamageState>
  </DamageStates>
</FragilityCurve>