﻿<?xml version="1.0" encoding="utf-8"?>
<FragilityCurve FileVersion="2.0">
  <UniqueID>61bd658e-666d-4143-b3b1-9d2c1f8147cf</UniqueID>
  <ID>D4011.063a</ID>
  <Description>Costing per 100 units, Standard threaded steel drop, 6 ft. long drop maximum</Description>
  <BasicUnit>Each</BasicUnit>
  <Name>Fire Sprinkler Drop Standard Threaded Steel - Dropping into braced lay-in tile HARD ceiling - 6 ft. long drop maximum, SDC D, E, or F</Name>
  <Author>Not Given</Author>
  <Correlation>0</Correlation>
  <Directional>false</Directional>
  <EDPType>
    <Dimension>NumLevelsPlusOne</Dimension>
    <TypeName>Acceleration</TypeName>
    <DefaultUnits>g</DefaultUnits>
    <UserDefined>false</UserDefined>
  </EDPType>
  <Ratings>
    <DataQuality>Marginal</DataQuality>
    <DataRelevance>Marginal</DataRelevance>
    <Documentation>Marginal</Documentation>
    <Rationality>Marginal</Rationality>
  </Ratings>
  <Official>true</Official>
  <DateCreated>2019-02-19T17:51:43.6955235-08:00</DateCreated>
  <Approved>true</Approved>
  <Incomplete>false</Incomplete>
  <Notes>One failure is expected per 100 units.  Allowance included for MEP modifications for repair.</Notes>
  <UseEDPValueOfFloorAbove>true</UseEDPValueOfFloorAbove>
  <DamageStates>
    <DSGroupType>Sequential</DSGroupType>
    <DamageState>
      <Name></Name>
      <Description>Spraying &amp; Dripping Leakage at drop joints -  0.01 leaks per drop.</Description>
      <DamageImageName></DamageImageName>
      <ConsequenceGroup>
        <RepairMeasures>Replace sprinkler drops and minor water cleanup at broken joints.</RepairMeasures>
        <TagState>0</TagState>
        <UseCasualty>false</UseCasualty>
        <LongLeadFlag>false</LongLeadFlag>
        <AffectedFloorArea />
        <AffectedDeathRate>0</AffectedDeathRate>
        <AffectedInjuryRate>0</AffectedInjuryRate>
        <AffectedDeathRateBeta>0</AffectedDeathRateBeta>
        <AffectedInjuryRateBeta>0</AffectedInjuryRateBeta>
        <RedTagMedian>0</RedTagMedian>
        <RedTagBeta>0</RedTagBeta>
        <EnergyMedian>865</EnergyMedian>
        <EnergyCurveType>LogNormal</EnergyCurveType>
        <EnergyDispersion>0.4437</EnergyDispersion>
        <CarbonMedian>75</CarbonMedian>
        <CarbonCurveType>LogNormal</CarbonCurveType>
        <CarbonDispersion>0.4437</CarbonDispersion>
        <CostConsequence>
          <LowerQuantity>2</LowerQuantity>
          <MaxAmount>550</MaxAmount>
          <UpperQuantity>5</UpperQuantity>
          <MinAmount>450</MinAmount>
          <Uncertainty>0.3665</Uncertainty>
          <CurveType>LogNormal</CurveType>
        </CostConsequence>
        <TimeConsequence>
          <LowerQuantity>2</LowerQuantity>
          <MaxAmount>0.2388</MaxAmount>
          <UpperQuantity>5</UpperQuantity>
          <MinAmount>0.1212</MinAmount>
          <Uncertainty>0.4437</Uncertainty>
          <CurveType>LogNormal</CurveType>
        </TimeConsequence>
      </ConsequenceGroup>
      <Median>0.55</Median>
      <Beta>0.4</Beta>
    </DamageState>
    <DamageState>
      <Name></Name>
      <Description>Drop Joints Break - Major Leakage - 0.01 breaks  per drop.</Description>
      <DamageImageName></DamageImageName>
      <ConsequenceGroup>
        <RepairMeasures>Replace sprinkler drops and major water cleanup at broken joints</RepairMeasures>
        <TagState>0</TagState>
        <UseCasualty>false</UseCasualty>
        <LongLeadFlag>false</LongLeadFlag>
        <AffectedFloorArea />
        <AffectedDeathRate>0</AffectedDeathRate>
        <AffectedInjuryRate>0</AffectedInjuryRate>
        <AffectedDeathRateBeta>0</AffectedDeathRateBeta>
        <AffectedInjuryRateBeta>0</AffectedInjuryRateBeta>
        <RedTagMedian>0</RedTagMedian>
        <RedTagBeta>0</RedTagBeta>
        <EnergyMedian>865</EnergyMedian>
        <EnergyCurveType>LogNormal</EnergyCurveType>
        <EnergyDispersion>0.4437</EnergyDispersion>
        <CarbonMedian>75</CarbonMedian>
        <CarbonCurveType>LogNormal</CarbonCurveType>
        <CarbonDispersion>0.4437</CarbonDispersion>
        <CostConsequence>
          <LowerQuantity>2</LowerQuantity>
          <MaxAmount>550</MaxAmount>
          <UpperQuantity>5</UpperQuantity>
          <MinAmount>450</MinAmount>
          <Uncertainty>0.3665</Uncertainty>
          <CurveType>LogNormal</CurveType>
        </CostConsequence>
        <TimeConsequence>
          <LowerQuantity>2</LowerQuantity>
          <MaxAmount>0.6488</MaxAmount>
          <UpperQuantity>5</UpperQuantity>
          <MinAmount>0.5312</MinAmount>
          <Uncertainty>0.4437</Uncertainty>
          <CurveType>LogNormal</CurveType>
        </TimeConsequence>
      </ConsequenceGroup>
      <Median>1.3</Median>
      <Beta>0.4</Beta>
    </DamageState>
  </DamageStates>
</FragilityCurve>