﻿<?xml version="1.0" encoding="utf-8"?>
<FragilityCurve FileVersion="2.0">
  <UniqueID>25227563-16a9-43f5-ac3f-ffb96973fb4d</UniqueID>
  <ID>D5092.032h</ID>
  <Description>Costing is per unit and is based upon 1000 kVa.</Description>
  <BasicUnit>Each</BasicUnit>
  <Name>Diesel generator - Capacity: 750 to 1200 kVA - Vibration isolated equipment that is not snubbed or restrained - Equipment fragility only</Name>
  <Author>Not Given</Author>
  <Correlation>0</Correlation>
  <Directional>false</Directional>
  <EDPType>
    <Dimension>NumLevelsPlusOne</Dimension>
    <TypeName>Acceleration</TypeName>
    <DefaultUnits>g</DefaultUnits>
    <UserDefined>false</UserDefined>
  </EDPType>
  <Ratings>
    <DataQuality>Average</DataQuality>
    <DataRelevance>Average</DataRelevance>
    <Documentation>Superior</Documentation>
    <Rationality>Superior</Rationality>
  </Ratings>
  <Official>true</Official>
  <DateCreated>2019-02-19T17:52:19.976895-08:00</DateCreated>
  <Approved>true</Approved>
  <Incomplete>false</Incomplete>
  <Notes>None</Notes>
  <UseEDPValueOfFloorAbove>false</UseEDPValueOfFloorAbove>
  <DamageStates>
    <DSGroupType>Sequential</DSGroupType>
    <DamageState>
      <Name></Name>
      <Description>Damaged, inoperative but anchorage is OK. Pipes and nozzles damaged.</Description>
      <DamageImageName>D5092.031b-DS1-1.JPG</DamageImageName>
      <DamageStates>
        <DSGroupType>MutuallyExclusive</DSGroupType>
        <DamageState>
          <Name></Name>
          <Description>Damaged, inoperative but anchorage is OK. Pipes and nozzles damaged.</Description>
          <DamageImageName>D5092.031b-DS1-1.JPG</DamageImageName>
          <ConsequenceGroup>
            <RepairMeasures>Repair fracture pipes and damaged nozzles.</RepairMeasures>
            <TagState>0</TagState>
            <UseCasualty>false</UseCasualty>
            <LongLeadFlag>true</LongLeadFlag>
            <AffectedFloorArea />
            <AffectedDeathRate>0</AffectedDeathRate>
            <AffectedInjuryRate>0</AffectedInjuryRate>
            <AffectedDeathRateBeta>0</AffectedDeathRateBeta>
            <AffectedInjuryRateBeta>0</AffectedInjuryRateBeta>
            <RedTagMedian>0</RedTagMedian>
            <RedTagBeta>0</RedTagBeta>
            <EnergyMedian>822.99</EnergyMedian>
            <EnergyCurveType>LogNormal</EnergyCurveType>
            <EnergyDispersion>0.3018</EnergyDispersion>
            <CarbonMedian>37.26</CarbonMedian>
            <CarbonCurveType>LogNormal</CarbonCurveType>
            <CarbonDispersion>0.3018</CarbonDispersion>
            <CostConsequence>
              <LowerQuantity>1</LowerQuantity>
              <MaxAmount>990</MaxAmount>
              <UpperQuantity>5</UpperQuantity>
              <MinAmount>810</MinAmount>
              <Uncertainty>0.1691</Uncertainty>
              <CurveType>LogNormal</CurveType>
            </CostConsequence>
            <TimeConsequence>
              <LowerQuantity>1</LowerQuantity>
              <MaxAmount>0.8735</MaxAmount>
              <UpperQuantity>5</UpperQuantity>
              <MinAmount>0.7147</MinAmount>
              <Uncertainty>0.3018</Uncertainty>
              <CurveType>LogNormal</CurveType>
            </TimeConsequence>
          </ConsequenceGroup>
          <Percent>0.7</Percent>
        </DamageState>
        <DamageState>
          <Name></Name>
          <Description>Damaged, inoperative but anchorage is OK. Drive shaft misalignment.</Description>
          <DamageImageName></DamageImageName>
          <ConsequenceGroup>
            <RepairMeasures>Overhaul because of drive shaft misalignment.</RepairMeasures>
            <TagState>0</TagState>
            <UseCasualty>false</UseCasualty>
            <LongLeadFlag>true</LongLeadFlag>
            <AffectedFloorArea />
            <AffectedDeathRate>0</AffectedDeathRate>
            <AffectedInjuryRate>0</AffectedInjuryRate>
            <AffectedDeathRateBeta>0</AffectedDeathRateBeta>
            <AffectedInjuryRateBeta>0</AffectedInjuryRateBeta>
            <RedTagMedian>0</RedTagMedian>
            <RedTagBeta>0</RedTagBeta>
            <EnergyMedian>7315.48</EnergyMedian>
            <EnergyCurveType>LogNormal</EnergyCurveType>
            <EnergyDispersion>0.3031</EnergyDispersion>
            <CarbonMedian>331.19</CarbonMedian>
            <CarbonCurveType>LogNormal</CarbonCurveType>
            <CarbonDispersion>0.3031</CarbonDispersion>
            <CostConsequence>
              <LowerQuantity>1</LowerQuantity>
              <MaxAmount>10400</MaxAmount>
              <UpperQuantity>5</UpperQuantity>
              <MinAmount>6400</MinAmount>
              <Uncertainty>0.1713</Uncertainty>
              <CurveType>LogNormal</CurveType>
            </CostConsequence>
            <TimeConsequence>
              <LowerQuantity>1</LowerQuantity>
              <MaxAmount>9.1764</MaxAmount>
              <UpperQuantity>5</UpperQuantity>
              <MinAmount>5.647</MinAmount>
              <Uncertainty>0.3031</Uncertainty>
              <CurveType>LogNormal</CurveType>
            </TimeConsequence>
          </ConsequenceGroup>
          <Percent>0.1</Percent>
        </DamageState>
        <DamageState>
          <Name></Name>
          <Description>Damaged, inoperative but anchorage is OK. Minor electrical damage, e.g., failed relay.</Description>
          <DamageImageName></DamageImageName>
          <ConsequenceGroup>
            <RepairMeasures>Minor electrical repair e.g., replace relay.</RepairMeasures>
            <TagState>0</TagState>
            <UseCasualty>false</UseCasualty>
            <LongLeadFlag>true</LongLeadFlag>
            <AffectedFloorArea />
            <AffectedDeathRate>0</AffectedDeathRate>
            <AffectedInjuryRate>0</AffectedInjuryRate>
            <AffectedDeathRateBeta>0</AffectedDeathRateBeta>
            <AffectedInjuryRateBeta>0</AffectedInjuryRateBeta>
            <RedTagMedian>0</RedTagMedian>
            <RedTagBeta>0</RedTagBeta>
            <EnergyMedian>645.35</EnergyMedian>
            <EnergyCurveType>LogNormal</EnergyCurveType>
            <EnergyDispersion>0.3031</EnergyDispersion>
            <CarbonMedian>33.91</CarbonMedian>
            <CarbonCurveType>LogNormal</CarbonCurveType>
            <CarbonDispersion>0.3031</CarbonDispersion>
            <CostConsequence>
              <LowerQuantity>1</LowerQuantity>
              <MaxAmount>1440</MaxAmount>
              <UpperQuantity>5</UpperQuantity>
              <MinAmount>960</MinAmount>
              <Uncertainty>0.1713</Uncertainty>
              <CurveType>LogNormal</CurveType>
            </CostConsequence>
            <TimeConsequence>
              <LowerQuantity>1</LowerQuantity>
              <MaxAmount>1.2706</MaxAmount>
              <UpperQuantity>5</UpperQuantity>
              <MinAmount>0.847</MinAmount>
              <Uncertainty>0.3031</Uncertainty>
              <CurveType>LogNormal</CurveType>
            </TimeConsequence>
          </ConsequenceGroup>
          <Percent>0.1</Percent>
        </DamageState>
        <DamageState>
          <Name></Name>
          <Description>Damaged, inoperative but anchorage is OK. Exhaust line disconnected at expansion bellows.</Description>
          <DamageImageName></DamageImageName>
          <ConsequenceGroup>
            <RepairMeasures>Reconnect exhaust line.</RepairMeasures>
            <TagState>0</TagState>
            <UseCasualty>false</UseCasualty>
            <LongLeadFlag>true</LongLeadFlag>
            <AffectedFloorArea />
            <AffectedDeathRate>0</AffectedDeathRate>
            <AffectedInjuryRate>0</AffectedInjuryRate>
            <AffectedDeathRateBeta>0</AffectedDeathRateBeta>
            <AffectedInjuryRateBeta>0</AffectedInjuryRateBeta>
            <RedTagMedian>0</RedTagMedian>
            <RedTagBeta>0</RedTagBeta>
            <EnergyMedian>1097.32</EnergyMedian>
            <EnergyCurveType>LogNormal</EnergyCurveType>
            <EnergyDispersion>0.3031</EnergyDispersion>
            <CarbonMedian>49.68</CarbonMedian>
            <CarbonCurveType>LogNormal</CarbonCurveType>
            <CarbonDispersion>0.3031</CarbonDispersion>
            <CostConsequence>
              <LowerQuantity>1</LowerQuantity>
              <MaxAmount>1440</MaxAmount>
              <UpperQuantity>5</UpperQuantity>
              <MinAmount>960</MinAmount>
              <Uncertainty>0.1713</Uncertainty>
              <CurveType>LogNormal</CurveType>
            </CostConsequence>
            <TimeConsequence>
              <LowerQuantity>1</LowerQuantity>
              <MaxAmount>1.2706</MaxAmount>
              <UpperQuantity>5</UpperQuantity>
              <MinAmount>0.847</MinAmount>
              <Uncertainty>0.3031</Uncertainty>
              <CurveType>LogNormal</CurveType>
            </TimeConsequence>
          </ConsequenceGroup>
          <Percent>0.1</Percent>
        </DamageState>
      </DamageStates>
      <Median>1.07</Median>
      <Beta>0.4</Beta>
    </DamageState>
  </DamageStates>
</FragilityCurve>