﻿<?xml version="1.0" encoding="utf-8"?>
<FragilityCurve FileVersion="2.0">
  <UniqueID>afc81030-3496-4dab-b62d-4670880423e4</UniqueID>
  <ID>D5092.013c</ID>
  <Description>Costing is per unit.</Description>
  <BasicUnit>Each</BasicUnit>
  <Name>Battery Rack - Capacity: all - Equipment that is either hard anchored or is vibration isolated with seismic snubbers/restraints - Combined anchorage/isolator &amp; equipment fragility</Name>
  <Author>Not Given</Author>
  <Correlation>0</Correlation>
  <Directional>false</Directional>
  <EDPType>
    <Dimension>NumLevelsPlusOne</Dimension>
    <TypeName>Acceleration</TypeName>
    <DefaultUnits>g</DefaultUnits>
    <UserDefined>false</UserDefined>
  </EDPType>
  <Ratings>
    <DataQuality>Superior</DataQuality>
    <DataRelevance>Average</DataRelevance>
    <Documentation>Superior</Documentation>
    <Rationality>Superior</Rationality>
  </Ratings>
  <Official>true</Official>
  <DateCreated>2019-02-19T17:52:12.1546773-08:00</DateCreated>
  <Approved>true</Approved>
  <Incomplete>true</Incomplete>
  <Notes>User to provide median demand and dispersion values.  The values listed are default PACT values and do not represent the response of this component.
Import errors:
 Warning, Data missing: D5092.013c:DS1: Could not parse median - using 500
Warning, Data missing: D5092.013c:DS1: Could not parse dispersion - using 0.5
</Notes>
  <UseEDPValueOfFloorAbove>false</UseEDPValueOfFloorAbove>
  <DamageStates>
    <DSGroupType>Sequential</DSGroupType>
    <DamageState>
      <Name></Name>
      <Description>Anchorage failure.</Description>
      <DamageImageName></DamageImageName>
      <DamageStates>
        <DSGroupType>MutuallyExclusive</DSGroupType>
        <DamageState>
          <Name></Name>
          <Description>Anchorage failure.</Description>
          <DamageImageName></DamageImageName>
          <ConsequenceGroup>
            <RepairMeasures>Repair anchorage and concrete pad and remount equipment.</RepairMeasures>
            <TagState>0</TagState>
            <UseCasualty>false</UseCasualty>
            <LongLeadFlag>true</LongLeadFlag>
            <AffectedFloorArea />
            <AffectedDeathRate>0</AffectedDeathRate>
            <AffectedInjuryRate>0</AffectedInjuryRate>
            <AffectedDeathRateBeta>0</AffectedDeathRateBeta>
            <AffectedInjuryRateBeta>0</AffectedInjuryRateBeta>
            <RedTagMedian>0</RedTagMedian>
            <RedTagBeta>0</RedTagBeta>
            <EnergyMedian>4865.74</EnergyMedian>
            <EnergyCurveType>Normal</EnergyCurveType>
            <EnergyDispersion>0.286</EnergyDispersion>
            <CarbonMedian>161.25</CarbonMedian>
            <CarbonCurveType>Normal</CarbonCurveType>
            <CarbonDispersion>0.286</CarbonDispersion>
            <CostConsequence>
              <LowerQuantity>1</LowerQuantity>
              <MaxAmount>1200</MaxAmount>
              <UpperQuantity>5</UpperQuantity>
              <MinAmount>800</MinAmount>
              <Uncertainty>0.1389</Uncertainty>
              <CurveType>Normal</CurveType>
            </CostConsequence>
            <TimeConsequence>
              <LowerQuantity>1</LowerQuantity>
              <MaxAmount>1.5882</MaxAmount>
              <UpperQuantity>5</UpperQuantity>
              <MinAmount>1.0588</MinAmount>
              <Uncertainty>0.286</Uncertainty>
              <CurveType>Normal</CurveType>
            </TimeConsequence>
          </ConsequenceGroup>
          <Percent>0.35</Percent>
        </DamageState>
        <DamageState>
          <Name></Name>
          <Description>Anchorage failure &amp; Equipment damaged beyond repair.</Description>
          <DamageImageName></DamageImageName>
          <ConsequenceGroup>
            <RepairMeasures>Replace equipment including attached utilities in addition to repairing anchorage and concrete pad.</RepairMeasures>
            <TagState>0</TagState>
            <UseCasualty>false</UseCasualty>
            <LongLeadFlag>true</LongLeadFlag>
            <AffectedFloorArea />
            <AffectedDeathRate>0</AffectedDeathRate>
            <AffectedInjuryRate>0</AffectedInjuryRate>
            <AffectedDeathRateBeta>0</AffectedDeathRateBeta>
            <AffectedInjuryRateBeta>0</AffectedInjuryRateBeta>
            <RedTagMedian>0</RedTagMedian>
            <RedTagBeta>0</RedTagBeta>
            <EnergyMedian>66136.55</EnergyMedian>
            <EnergyCurveType>LogNormal</EnergyCurveType>
            <EnergyDispersion>0.2803</EnergyDispersion>
            <CarbonMedian>3158.12</CarbonMedian>
            <CarbonCurveType>LogNormal</CarbonCurveType>
            <CarbonDispersion>0.2803</CarbonDispersion>
            <CostConsequence>
              <LowerQuantity>1</LowerQuantity>
              <MaxAmount>19380</MaxAmount>
              <UpperQuantity>5</UpperQuantity>
              <MinAmount>12920</MinAmount>
              <Uncertainty>0.1267</Uncertainty>
              <CurveType>LogNormal</CurveType>
            </CostConsequence>
            <TimeConsequence>
              <LowerQuantity>1</LowerQuantity>
              <MaxAmount>25.65</MaxAmount>
              <UpperQuantity>5</UpperQuantity>
              <MinAmount>17.1</MinAmount>
              <Uncertainty>0.2803</Uncertainty>
              <CurveType>LogNormal</CurveType>
            </TimeConsequence>
          </ConsequenceGroup>
          <Percent>0.15</Percent>
        </DamageState>
        <DamageState>
          <Name></Name>
          <Description>Equipment is damaged and inoperative.</Description>
          <DamageImageName></DamageImageName>
          <ConsequenceGroup>
            <RepairMeasures>Replace batteries.</RepairMeasures>
            <TagState>0</TagState>
            <UseCasualty>false</UseCasualty>
            <LongLeadFlag>true</LongLeadFlag>
            <AffectedFloorArea />
            <AffectedDeathRate>0</AffectedDeathRate>
            <AffectedInjuryRate>0</AffectedInjuryRate>
            <AffectedDeathRateBeta>0</AffectedDeathRateBeta>
            <AffectedInjuryRateBeta>0</AffectedInjuryRateBeta>
            <RedTagMedian>0</RedTagMedian>
            <RedTagBeta>0</RedTagBeta>
            <EnergyMedian>32267.43</EnergyMedian>
            <EnergyCurveType>LogNormal</EnergyCurveType>
            <EnergyDispersion>0.2679</EnergyDispersion>
            <CarbonMedian>1695.57</CarbonMedian>
            <CarbonCurveType>LogNormal</CarbonCurveType>
            <CarbonDispersion>0.2679</CarbonDispersion>
            <CostConsequence>
              <LowerQuantity>1</LowerQuantity>
              <MaxAmount>14400</MaxAmount>
              <UpperQuantity>5</UpperQuantity>
              <MinAmount>9600</MinAmount>
              <Uncertainty>0.0962</Uncertainty>
              <CurveType>LogNormal</CurveType>
            </CostConsequence>
            <TimeConsequence>
              <LowerQuantity>1</LowerQuantity>
              <MaxAmount>19.0589</MaxAmount>
              <UpperQuantity>5</UpperQuantity>
              <MinAmount>12.7059</MinAmount>
              <Uncertainty>0.2679</Uncertainty>
              <CurveType>LogNormal</CurveType>
            </TimeConsequence>
          </ConsequenceGroup>
          <Percent>0.15</Percent>
        </DamageState>
        <DamageState>
          <Name></Name>
          <Description>Equipment is damaged and inoperative.</Description>
          <DamageImageName></DamageImageName>
          <ConsequenceGroup>
            <RepairMeasures>Replace batteries and clean up acid.</RepairMeasures>
            <TagState>0</TagState>
            <UseCasualty>false</UseCasualty>
            <LongLeadFlag>true</LongLeadFlag>
            <AffectedFloorArea />
            <AffectedDeathRate>0</AffectedDeathRate>
            <AffectedInjuryRate>0</AffectedInjuryRate>
            <AffectedDeathRateBeta>0</AffectedDeathRateBeta>
            <AffectedInjuryRateBeta>0</AffectedInjuryRateBeta>
            <RedTagMedian>0</RedTagMedian>
            <RedTagBeta>0</RedTagBeta>
            <EnergyMedian>33851.66</EnergyMedian>
            <EnergyCurveType>LogNormal</EnergyCurveType>
            <EnergyDispersion>0.2715</EnergyDispersion>
            <CarbonMedian>1759.07</CarbonMedian>
            <CarbonCurveType>LogNormal</CarbonCurveType>
            <CarbonDispersion>0.2715</CarbonDispersion>
            <CostConsequence>
              <LowerQuantity>1</LowerQuantity>
              <MaxAmount>15300</MaxAmount>
              <UpperQuantity>5</UpperQuantity>
              <MinAmount>10200</MinAmount>
              <Uncertainty>0.106</Uncertainty>
              <CurveType>LogNormal</CurveType>
            </CostConsequence>
            <TimeConsequence>
              <LowerQuantity>1</LowerQuantity>
              <MaxAmount>20.25</MaxAmount>
              <UpperQuantity>5</UpperQuantity>
              <MinAmount>13.5</MinAmount>
              <Uncertainty>0.2715</Uncertainty>
              <CurveType>LogNormal</CurveType>
            </TimeConsequence>
          </ConsequenceGroup>
          <Percent>0.25</Percent>
        </DamageState>
        <DamageState>
          <Name></Name>
          <Description>Equipment is damaged and inoperative.</Description>
          <DamageImageName></DamageImageName>
          <ConsequenceGroup>
            <RepairMeasures>Replace rack including batteries and clean up acid.</RepairMeasures>
            <TagState>0</TagState>
            <UseCasualty>false</UseCasualty>
            <LongLeadFlag>true</LongLeadFlag>
            <AffectedFloorArea />
            <AffectedDeathRate>0</AffectedDeathRate>
            <AffectedInjuryRate>0</AffectedInjuryRate>
            <AffectedDeathRateBeta>0</AffectedDeathRateBeta>
            <AffectedInjuryRateBeta>0</AffectedInjuryRateBeta>
            <RedTagMedian>0</RedTagMedian>
            <RedTagBeta>0</RedTagBeta>
            <EnergyMedian>67720.79</EnergyMedian>
            <EnergyCurveType>LogNormal</EnergyCurveType>
            <EnergyDispersion>0.2831</EnergyDispersion>
            <CarbonMedian>3221.61</CarbonMedian>
            <CarbonCurveType>LogNormal</CarbonCurveType>
            <CarbonDispersion>0.2831</CarbonDispersion>
            <CostConsequence>
              <LowerQuantity>1</LowerQuantity>
              <MaxAmount>20280</MaxAmount>
              <UpperQuantity>5</UpperQuantity>
              <MinAmount>13520</MinAmount>
              <Uncertainty>0.1329</Uncertainty>
              <CurveType>LogNormal</CurveType>
            </CostConsequence>
            <TimeConsequence>
              <LowerQuantity>1</LowerQuantity>
              <MaxAmount>26.8411</MaxAmount>
              <UpperQuantity>5</UpperQuantity>
              <MinAmount>17.8941</MinAmount>
              <Uncertainty>0.2831</Uncertainty>
              <CurveType>LogNormal</CurveType>
            </TimeConsequence>
          </ConsequenceGroup>
          <Percent>0.1</Percent>
        </DamageState>
      </DamageStates>
      <Median>500</Median>
      <Beta>0.5</Beta>
    </DamageState>
  </DamageStates>
</FragilityCurve>