﻿<?xml version="1.0" encoding="utf-8"?>
<FragilityCurve FileVersion="2.0">
  <UniqueID>71fa547f-2bee-4b87-9f25-1ac980ba9876</UniqueID>
  <ID>F1012.001</ID>
  <Description>Standard pallet back to back storage rack.  Three to five levels tall with total height from 15 to 20 ft.  Costing assumes one single side access rack.  Costing of rack and restocking based upon 50 LF of rack.  Costing of rack contents to be furnished by user.   </Description>
  <BasicUnit>Each</BasicUnit>
  <Name>Storage racks designed and installed before 2007, big box retail (12' to 15' tall)</Name>
  <Author>Not Given</Author>
  <Correlation>0</Correlation>
  <Directional>false</Directional>
  <EDPType>
    <Dimension>NumLevelsPlusOne</Dimension>
    <TypeName>Acceleration</TypeName>
    <DefaultUnits>g</DefaultUnits>
    <UserDefined>false</UserDefined>
  </EDPType>
  <Ratings>
    <DataQuality>Average</DataQuality>
    <DataRelevance>Average</DataRelevance>
    <Documentation>Average</Documentation>
    <Rationality>Average</Rationality>
  </Ratings>
  <Official>true</Official>
  <DateCreated>2019-02-19T17:52:43.8415083-08:00</DateCreated>
  <Approved>true</Approved>
  <Incomplete>true</Incomplete>
  <Notes>None
Import errors:
 Warning: F1012.001:DS1:DS1: Could not parse Unsafe Placard Flag - Assuming no
Warning, Data missing: F1012.001:DS1:DS1: Could not parse Casualty Affected Area - Using 0
Warning, Data missing: F1012.001:DS1:DS1: Could not parse Casualty Injury Rate Median - Using 0
Warning, Data missing: F1012.001:DS1:DS1: Could not parse Casualty Injury Rate Dispersion - Using 0.5
Warning, Data missing: F1012.001:DS1:DS1: Could not parse Casualty Death Rate Median - Using 0
Warning, Data missing: F1012.001:DS1:DS1: Could not parse Casualty Death Rate Dispersion - Using 0.5
Warning: F1012.001:DS1:DS2: Could not parse Unsafe Placard Flag - Assuming no
Warning, Data missing: F1012.001:DS1:DS2: Could not parse Casualty Affected Area - Using 0
Warning, Data missing: F1012.001:DS1:DS2: Could not parse Casualty Injury Rate Median - Using 0
Warning, Data missing: F1012.001:DS1:DS2: Could not parse Casualty Injury Rate Dispersion - Using 0.5
Warning, Data missing: F1012.001:DS1:DS2: Could not parse Casualty Death Rate Median - Using 0
Warning, Data missing: F1012.001:DS1:DS2: Could not parse Casualty Death Rate Dispersion - Using 0.5
</Notes>
  <UseEDPValueOfFloorAbove>false</UseEDPValueOfFloorAbove>
  <DamageStates>
    <DSGroupType>Sequential</DSGroupType>
    <DamageState>
      <Name></Name>
      <Description>Significant merchandise shedding from rack shelves.</Description>
      <DamageImageName>F1012.001-DS1-1.JPG</DamageImageName>
      <DamageStates>
        <DSGroupType>MutuallyExclusive</DSGroupType>
        <DamageState>
          <Name></Name>
          <Description>Significant merchandise shedding from rack shelves.</Description>
          <DamageImageName>F1012.001-DS1-1.JPG</DamageImageName>
          <ConsequenceGroup>
            <RepairMeasures>Minor repair to storage rack.  Resort and restock shelves.  Clean up debris.  </RepairMeasures>
            <TagState>0</TagState>
            <UseCasualty>true</UseCasualty>
            <LongLeadFlag>false</LongLeadFlag>
            <AffectedFloorArea />
            <AffectedDeathRate>0</AffectedDeathRate>
            <AffectedInjuryRate>0</AffectedInjuryRate>
            <AffectedDeathRateBeta>0.5</AffectedDeathRateBeta>
            <AffectedInjuryRateBeta>0.5</AffectedInjuryRateBeta>
            <RedTagMedian>0</RedTagMedian>
            <RedTagBeta>0</RedTagBeta>
            <EnergyMedian>443.5</EnergyMedian>
            <EnergyCurveType>LogNormal</EnergyCurveType>
            <EnergyDispersion>0.4401</EnergyDispersion>
            <CarbonMedian>14.5</CarbonMedian>
            <CarbonCurveType>LogNormal</CarbonCurveType>
            <CarbonDispersion>0.4401</CarbonDispersion>
            <CostConsequence>
              <LowerQuantity>26</LowerQuantity>
              <MaxAmount>6200</MaxAmount>
              <UpperQuantity>260</UpperQuantity>
              <MinAmount>1860</MinAmount>
              <Uncertainty>0.3622</Uncertainty>
              <CurveType>LogNormal</CurveType>
            </CostConsequence>
            <TimeConsequence>
              <LowerQuantity>26</LowerQuantity>
              <MaxAmount>6.8391</MaxAmount>
              <UpperQuantity>260</UpperQuantity>
              <MinAmount>2.0524</MinAmount>
              <Uncertainty>0.4401</Uncertainty>
              <CurveType>LogNormal</CurveType>
            </TimeConsequence>
          </ConsequenceGroup>
          <Percent>0.6</Percent>
        </DamageState>
        <DamageState>
          <Name></Name>
          <Description>Significant structural damage to rack structure.</Description>
          <DamageImageName>F1012.001-DS2-1.JPG</DamageImageName>
          <ConsequenceGroup>
            <RepairMeasures>Remove and replace storage rack system.  Make minor repair to adjacent finishes.  Resort and restock shelves.  Clean up debris.  </RepairMeasures>
            <TagState>0</TagState>
            <UseCasualty>true</UseCasualty>
            <LongLeadFlag>false</LongLeadFlag>
            <AffectedFloorArea />
            <AffectedDeathRate>0</AffectedDeathRate>
            <AffectedInjuryRate>0</AffectedInjuryRate>
            <AffectedDeathRateBeta>0.5</AffectedDeathRateBeta>
            <AffectedInjuryRateBeta>0.5</AffectedInjuryRateBeta>
            <RedTagMedian>0</RedTagMedian>
            <RedTagBeta>0</RedTagBeta>
            <EnergyMedian>260247</EnergyMedian>
            <EnergyCurveType>LogNormal</EnergyCurveType>
            <EnergyDispersion>0.3815</EnergyDispersion>
            <CarbonMedian>8496</CarbonMedian>
            <CarbonCurveType>LogNormal</CarbonCurveType>
            <CarbonDispersion>0.3815</CarbonDispersion>
            <CostConsequence>
              <LowerQuantity>26</LowerQuantity>
              <MaxAmount>37300</MaxAmount>
              <UpperQuantity>260</UpperQuantity>
              <MinAmount>11190</MinAmount>
              <Uncertainty>0.2881</Uncertainty>
              <CurveType>LogNormal</CurveType>
            </CostConsequence>
            <TimeConsequence>
              <LowerQuantity>26</LowerQuantity>
              <MaxAmount>41.1399</MaxAmount>
              <UpperQuantity>260</UpperQuantity>
              <MinAmount>12.3421</MinAmount>
              <Uncertainty>0.3815</Uncertainty>
              <CurveType>LogNormal</CurveType>
            </TimeConsequence>
          </ConsequenceGroup>
          <Percent>0.4</Percent>
        </DamageState>
      </DamageStates>
      <Median>0.42</Median>
      <Beta>0.4</Beta>
    </DamageState>
  </DamageStates>
</FragilityCurve>